arm,stratum,k,age,dropped,regime,mechanisms,target_frac,n_top,b1,b2,n_dropped,lev_hit,lam_ratio
C,0,8,3.0,"[19, 23, 24, 25, 27, 30, 34, 39]",,,,,0.8222222222222222,0.5333333333333333,8,0.06803804048784538,4.902680055374424e-13
C,0,8,3.0,"[1, 3, 7, 21, 29, 30, 35, 38]",,,,,0.8222222222222222,0.5333333333333333,8,0.3659091813963688,0.9892404660451507
C,0,8,3.0,"[0, 1, 4, 11, 22, 28, 40, 43]",,,,,0.8222222222222222,0.5333333333333333,8,0.4195927012902409,0.5639562488438103
C,0,8,3.0,"[14, 17, 26, 29, 30, 35, 38, 40]",,,,,0.8222222222222222,0.5333333333333333,8,0.03851973243884179,0.9961854847408618
C,0,8,3.0,"[3, 11, 16, 19, 23, 29, 37, 41]",,,,,0.8222222222222222,0.5333333333333333,8,0.07938662486784044,0.9973735302905872
C,0,8,3.0,"[10, 11, 13, 16, 19, 30, 38, 41]",,,,,0.8222222222222222,0.5333333333333333,8,0.07799295417517663,0.9974935496038879
C,0,8,3.0,"[2, 3, 9, 12, 29, 30, 32, 36]",,,,,0.8222222222222222,0.5333333333333333,8,0.03422838929009118,0.9990978818657051
C,0,8,3.0,"[2, 8, 17, 23, 26, 30, 43, 44]",,,,,0.8222222222222222,0.5333333333333333,8,0.22731559285727637,0.7814023026103762
C,0,8,3.0,"[2, 7, 16, 25, 28, 31, 34, 39]",,,,,0.8222222222222222,0.5333333333333333,8,0.2368581421596314,0.9919866790670171
C,0,8,3.0,"[2, 7, 18, 20, 27, 37, 41, 42]",,,,,0.8222222222222222,0.5333333333333333,8,0.20036924434644957,0.9957533862951438
C,0,8,3.0,"[3, 9, 15, 17, 19, 22, 28, 34]",,,,,0.8222222222222222,0.5333333333333333,8,0.036137218306999286,0.9989139474634825
C,0,8,3.0,"[4, 5, 7, 29, 39, 40, 43, 44]",,,,,0.8222222222222222,0.5333333333333333,8,0.35707182682424765,0.989913607633302
C,0,8,3.0,"[5, 14, 15, 17, 21, 36, 39, 40]",,,,,0.8222222222222222,0.5333333333333333,8,0.005208298966100843,0.9995462207542748
C,0,8,3.0,"[5, 10, 17, 19, 23, 28, 36, 38]",,,,,0.8222222222222222,0.5333333333333333,8,0.003847863946656617,0.9996247512619091
C,0,8,3.0,"[0, 1, 4, 13, 19, 23, 30, 38]",,,,,0.8222222222222222,0.5333333333333333,8,0.40070487737740423,0.5648068823288102
C,0,8,3.0,"[2, 9, 14, 18, 19, 24, 27, 32]",,,,,0.8222222222222222,0.5333333333333333,8,0.06577533039295136,0.9961696642716349
C,0,8,3.0,"[5, 8, 9, 35, 40, 41, 43, 44]",,,,,0.8222222222222222,0.5333333333333333,8,0.2111822400109932,0.7833237528237093
C,0,8,3.0,"[2, 11, 17, 18, 19, 21, 36, 43]",,,,,0.8222222222222222,0.5333333333333333,8,0.040139485056787855,0.9990732605454283
C,0,8,3.0,"[1, 6, 9, 20, 23, 35, 36, 40]",,,,,0.8222222222222222,0.5333333333333333,8,0.23902033879450674,0.9915209983664183
C,0,8,3.0,"[0, 4, 16, 30, 34, 40, 43, 44]",,,,,0.8222222222222222,0.5333333333333333,8,0.2378974536875573,0.9913066924244464
C,0,8,3.0,"[1, 5, 18, 24, 26, 32, 37, 38]",,,,,0.8222222222222222,0.5333333333333333,8,0.2677874952415754,4.894265214402429e-13
C,0,8,3.0,"[0, 12, 13, 18, 27, 31, 38, 43]",,,,,0.8222222222222222,0.5333333333333333,8,0.027731022463745234,0.9988012498630354
C,0,8,3.0,"[2, 8, 12, 13, 22, 30, 39, 41]",,,,,0.8222222222222222,0.5333333333333333,8,0.20113720864256557,0.7835121143891294
C,0,8,3.0,"[11, 21, 26, 30, 36, 37, 38, 43]",,,,,0.8222222222222222,0.5333333333333333,8,0.06599757806471783,0.9958135704662394
C,0,8,3.0,"[6, 15, 24, 26, 31, 36, 38, 43]",,,,,0.8222222222222222,0.5333333333333333,8,0.07359580046579889,4.894265407788812e-13
C,0,8,3.0,"[0, 1, 3, 11, 19, 21, 24, 40]",,,,,0.8222222222222222,0.5333333333333333,8,0.2747524996381234,0.9541257801128088
C,0,8,3.0,"[7, 8, 12, 14, 24, 28, 29, 31]",,,,,0.8222222222222222,0.5333333333333333,8,0.3929713341011464,0.7790947328489269
C,0,8,3.0,"[7, 13, 17, 19, 22, 29, 30, 38]",,,,,0.8222222222222222,0.5333333333333333,8,0.17714954560127272,0.996186758856724
C,0,8,3.0,"[6, 9, 15, 19, 25, 34, 38, 40]",,,,,0.8222222222222222,0.5333333333333333,8,0.05933984286630168,0.9957309760518129
C,0,8,3.0,"[2, 4, 8, 22, 27, 28, 35, 43]",,,,,0.8222222222222222,0.5333333333333333,8,0.3803605127535456,0.7798074007535315
C,0,8,3.0,"[0, 10, 18, 21, 27, 29, 30, 34]",,,,,0.8222222222222222,0.5333333333333333,8,0.016773528329037158,0.999480943616123
C,0,8,3.0,"[7, 11, 19, 20, 21, 36, 40, 43]",,,,,0.8222222222222222,0.5333333333333333,8,0.22455194777953577,0.9953772290759458
C,0,8,3.0,"[2, 19, 22, 24, 26, 29, 37, 38]",,,,,0.8222222222222222,0.5333333333333333,8,0.07301189173852853,4.894265690780066e-13
C,0,8,3.0,"[0, 4, 13, 18, 19, 30, 39, 43]",,,,,0.8222222222222222,0.5333333333333333,8,0.21748903639756495,0.9924781490473625
C,0,8,3.0,"[9, 12, 18, 24, 27, 30, 33, 42]",,,,,0.8222222222222222,0.5333333333333333,8,0.0641499407305979,0.9959195936805396
C,0,8,3.0,"[0, 7, 13, 15, 18, 32, 35, 38]",,,,,0.8222222222222222,0.5333333333333333,8,0.19331752563224008,0.9952993139880638
C,0,8,3.0,"[0, 1, 13, 17, 29, 33, 37, 43]",,,,,0.8222222222222222,0.5333333333333333,8,0.20867350929040002,0.9926287934886943
C,0,8,3.0,"[5, 7, 9, 13, 18, 30, 35, 40]",,,,,0.8222222222222222,0.5333333333333333,8,0.20279680347991846,0.9956686660277975
C,0,8,3.0,"[0, 2, 14, 18, 19, 29, 35, 43]",,,,,0.8222222222222222,0.5333333333333333,8,0.02121528296677454,0.9991031335987806
C,0,8,3.0,"[11, 14, 24, 26, 28, 33, 38, 44]",,,,,0.8222222222222222,0.5333333333333333,8,0.10074930645379428,4.894265478193084e-13
C,0,8,3.0,"[10, 12, 21, 22, 31, 34, 38, 43]",,,,,0.8222222222222222,0.5333333333333333,8,0.00306332498120137,0.9997386363503663
C,0,8,3.0,"[5, 13, 17, 24, 29, 32, 40, 44]",,,,,0.8222222222222222,0.5333333333333333,8,0.04286191792493087,0.9966114676155278
C,0,8,3.0,"[3, 8, 12, 19, 21, 25, 37, 40]",,,,,0.8222222222222222,0.5333333333333333,8,0.23664216459505505,0.7818604311913359
C,0,8,3.0,"[8, 13, 14, 16, 25, 26, 40, 44]",,,,,0.8222222222222222,0.5333333333333333,8,0.30566765260857254,4.859308117230255e-13
C,0,8,3.0,"[1, 7, 9, 23, 28, 31, 33, 35]",,,,,0.8222222222222222,0.5333333333333333,8,0.3771830952196156,0.9891921201115402
C,0,8,3.0,"[3, 11, 12, 25, 26, 29, 36, 40]",,,,,0.8222222222222222,0.5333333333333333,8,0.11079904190950803,4.859307853340012e-13
C,0,8,3.0,"[2, 6, 14, 24, 29, 30, 35, 40]",,,,,0.8222222222222222,0.5333333333333333,8,0.03661030875945319,0.9961695140341411
C,0,8,3.0,"[9, 10, 11, 13, 26, 35, 42, 43]",,,,,0.8222222222222222,0.5333333333333333,8,0.09522345241101554,0.9953387257724449
C,0,8,3.0,"[0, 6, 8, 18, 22, 23, 42, 44]",,,,,0.8222222222222222,0.5333333333333333,8,0.20725391988146896,0.7807896771488037
C,0,8,3.0,"[3, 4, 13, 16, 22, 26, 29, 31]",,,,,0.8222222222222222,0.5333333333333333,8,0.2824518575330513,0.9879196941125611
C,0,8,3.0,"[1, 5, 7, 12, 15, 18, 39, 43]",,,,,0.8222222222222222,0.5333333333333333,8,0.36935774742032673,0.9893288516824793
C,0,8,3.0,"[6, 23, 26, 27, 31, 32, 34, 35]",,,,,0.8222222222222222,0.5333333333333333,8,0.037705055432967295,0.9960459709995797
C,0,8,3.0,"[3, 6, 18, 21, 29, 36, 38, 42]",,,,,0.8222222222222222,0.5333333333333333,8,0.017816015729513298,0.9987864290116785
C,0,8,3.0,"[0, 5, 11, 13, 22, 36, 37, 42]",,,,,0.8222222222222222,0.5333333333333333,8,0.04795621606244607,0.9988074142467487
C,0,8,3.0,"[23, 25, 28, 30, 35, 36, 41, 42]",,,,,0.8222222222222222,0.5333333333333333,8,0.03230629039759074,0.9967000701423022
C,0,8,3.0,"[4, 5, 10, 12, 14, 22, 24, 43]",,,,,0.8222222222222222,0.5333333333333333,8,0.22871632532765843,0.9898929253780782
C,0,8,3.0,"[1, 4, 12, 13, 20, 26, 31, 35]",,,,,0.8222222222222222,0.5333333333333333,8,0.45469979375910935,0.5587969046198731
C,0,8,3.0,"[12, 20, 22, 25, 30, 32, 33, 42]",,,,,0.8222222222222222,0.5333333333333333,8,0.061842030080446204,0.9961046740070315
C,0,8,3.0,"[1, 6, 7, 13, 15, 26, 29, 40]",,,,,0.8222222222222222,0.5333333333333333,8,0.40459493789016715,0.9853661800001945
C,0,8,3.0,"[6, 10, 12, 19, 27, 30, 34, 37]",,,,,0.8222222222222222,0.5333333333333333,8,0.006599185440904552,0.9994711502626368
C,0,8,3.0,"[2, 7, 16, 21, 24, 28, 34, 37]",,,,,0.8222222222222222,0.5333333333333333,8,0.2379100544928754,0.9917908790040522
C,0,8,3.0,"[2, 7, 8, 24, 26, 27, 32, 41]",,,,,0.8222222222222222,0.5333333333333333,8,0.42596473382537725,4.894265294320239e-13
C,0,8,3.0,"[2, 3, 8, 13, 20, 22, 23, 43]",,,,,0.8222222222222222,0.5333333333333333,8,0.23461506690654926,0.7830526199184833
C,0,8,3.0,"[6, 11, 15, 17, 25, 30, 40, 43]",,,,,0.8222222222222222,0.5333333333333333,8,0.06599485560157821,0.9957817724595427
C,0,8,3.0,"[2, 13, 14, 16, 22, 23, 25, 27]",,,,,0.8222222222222222,0.5333333333333333,8,0.0803916838992412,0.9952936891010932
C,0,8,3.0,"[16, 18, 23, 24, 25, 37, 41, 44]",,,,,0.8222222222222222,0.5333333333333333,8,0.11053730978482858,4.902680275734712e-13
C,0,8,3.0,"[3, 7, 11, 18, 24, 35, 39, 42]",,,,,0.8222222222222222,0.5333333333333333,8,0.24539811448259224,0.9922416332817754
C,0,8,3.0,"[1, 19, 23, 25, 35, 39, 40, 43]",,,,,0.8222222222222222,0.5333333333333333,8,0.22499004844935655,0.9899591233081726
C,0,8,3.0,"[8, 17, 22, 25, 26, 29, 32, 35]",,,,,0.8222222222222222,0.5333333333333333,8,0.2587648762418102,4.859307861801619e-13
C,0,8,3.0,"[0, 10, 14, 17, 18, 24, 27, 32]",,,,,0.8222222222222222,0.5333333333333333,8,0.05206715105103369,0.9962425521847977
C,0,8,3.0,"[11, 24, 31, 34, 35, 37, 43, 44]",,,,,0.8222222222222222,0.5333333333333333,8,0.06287119753460312,0.9960318498126661
C,0,8,3.0,"[0, 2, 3, 7, 9, 14, 31, 37]",,,,,0.8222222222222222,0.5333333333333333,8,0.20839419886387758,0.9560120129151207
C,0,8,3.0,"[4, 5, 8, 11, 25, 30, 31, 44]",,,,,0.8222222222222222,0.5333333333333333,8,0.442077203655249,0.7774745753469957
C,0,8,3.0,"[5, 9, 11, 13, 22, 26, 28, 38]",,,,,0.8222222222222222,0.5333333333333333,8,0.09576275167481596,0.9953822527236421
C,0,8,3.0,"[6, 7, 23, 24, 31, 35, 41, 42]",,,,,0.8222222222222222,0.5333333333333333,8,0.20051569645237452,0.9927346321452895
C,0,8,3.0,"[0, 4, 9, 16, 19, 21, 31, 43]",,,,,0.8222222222222222,0.5333333333333333,8,0.2611804107001668,0.9908858973498985
C,0,8,3.0,"[10, 15, 16, 17, 37, 40, 41, 43]",,,,,0.8222222222222222,0.5333333333333333,8,0.04115307136791124,0.9967785205967497
C,0,8,3.0,"[13, 15, 22, 26, 28, 30, 34, 36]",,,,,0.8222222222222222,0.5333333333333333,8,0.04720416742370015,0.996029457658447
C,0,8,3.0,"[4, 13, 18, 20, 25, 33, 35, 37]",,,,,0.8222222222222222,0.5333333333333333,8,0.2643007968498385,0.9887736855991494
C,0,8,3.0,"[0, 6, 10, 16, 20, 26, 32, 34]",,,,,0.8222222222222222,0.5333333333333333,8,0.11202799055988334,0.993618497358
C,0,8,3.0,"[0, 4, 15, 18, 22, 28, 36, 40]",,,,,0.8222222222222222,0.5333333333333333,8,0.2094016068794892,0.9924574357510426
C,0,8,3.0,"[4, 16, 23, 25, 31, 36, 41, 42]",,,,,0.8222222222222222,0.5333333333333333,8,0.2603922188001844,0.9885022631074686
C,0,8,3.0,"[5, 13, 17, 18, 21, 25, 29, 44]",,,,,0.8222222222222222,0.5333333333333333,8,0.0487646121889435,0.9965951820805278
C,0,8,3.0,"[2, 11, 27, 30, 34, 35, 36, 42]",,,,,0.8222222222222222,0.5333333333333333,8,0.030140890869460944,0.9991180002543562
C,0,8,3.0,"[8, 9, 12, 19, 21, 22, 27, 39]",,,,,0.8222222222222222,0.5333333333333333,8,0.21563014068782407,0.7836884890252284
C,0,8,3.0,"[9, 17, 18, 25, 31, 35, 41, 44]",,,,,0.8222222222222222,0.5333333333333333,8,0.060870638485746906,0.9962206229951872
C,0,8,3.0,"[7, 15, 18, 22, 23, 34, 36, 39]",,,,,0.8222222222222222,0.5333333333333333,8,0.17548798456311923,0.9961460261572134
C,0,8,3.0,"[2, 3, 11, 16, 17, 23, 41, 43]",,,,,0.8222222222222222,0.5333333333333333,8,0.07829725129589427,0.9968670841986143
C,0,8,3.0,"[0, 10, 12, 13, 15, 16, 29, 44]",,,,,0.8222222222222222,0.5333333333333333,8,0.061294689429961316,0.9965609922815248
C,0,8,3.0,"[1, 2, 12, 17, 20, 29, 35, 42]",,,,,0.8222222222222222,0.5333333333333333,8,0.2210829851464255,0.9921242876838278
C,0,8,3.0,"[0, 9, 12, 19, 20, 21, 23, 30]",,,,,0.8222222222222222,0.5333333333333333,8,0.06259912505536525,0.9985117997801768
C,0,8,3.0,"[6, 7, 10, 20, 31, 34, 36, 40]",,,,,0.8222222222222222,0.5333333333333333,8,0.19396419143968496,0.9954268456547506
C,0,8,3.0,"[10, 12, 15, 18, 30, 38, 43, 44]",,,,,0.8222222222222222,0.5333333333333333,8,0.0126259193942843,0.9992507238279525
C,0,8,3.0,"[7, 8, 15, 20, 31, 35, 41, 42]",,,,,0.8222222222222222,0.5333333333333333,8,0.38457397313586666,0.7805006636627358
C,0,8,3.0,"[3, 11, 18, 23, 32, 33, 34, 36]",,,,,0.8222222222222222,0.5333333333333333,8,0.04606197174157151,0.9987203591786056
C,0,8,3.0,"[4, 5, 27, 28, 31, 42, 43, 44]",,,,,0.8222222222222222,0.5333333333333333,8,0.19106937457314863,0.9932667324372024
C,0,8,3.0,"[5, 22, 25, 28, 34, 35, 37, 40]",,,,,0.8222222222222222,0.5333333333333333,8,0.03301112906318886,0.9967378694134592
C,0,8,3.0,"[1, 3, 17, 18, 21, 22, 40, 44]",,,,,0.8222222222222222,0.5333333333333333,8,0.20753582023444425,0.9927968604475204
C,0,8,3.0,"[8, 10, 19, 22, 27, 35, 42, 44]",,,,,0.8222222222222222,0.5333333333333333,8,0.19200673014233108,0.7838658031878624
C,0,8,3.0,"[10, 11, 14, 25, 32, 33, 34, 42]",,,,,0.8222222222222222,0.5333333333333333,8,0.06320902783156014,0.9963014671095389
C,1,16,3.0,"[5, 6, 7, 8, 11, 12, 15, 22, 26, 27, 32, 34, 36, 38, 43, 44]",,,,,0.6444444444444445,1.0666666666666667,16,0.42871739388152014,0.7747893068001918
C,1,16,3.0,"[0, 4, 5, 7, 8, 11, 15, 18, 21, 23, 25, 37, 38, 40, 43, 44]",,,,,0.6444444444444445,1.0666666666666667,16,0.6272915383684282,0.7744835452924153
C,1,16,3.0,"[0, 3, 5, 10, 11, 14, 15, 20, 24, 25, 28, 37, 38, 39, 43, 44]",,,,,0.6444444444444445,1.0666666666666667,16,0.14590574900672046,4.902680133595825e-13
C,1,16,3.0,"[2, 6, 9, 13, 14, 16, 19, 22, 24, 25, 26, 29, 30, 35, 41, 43]",,,,,0.6444444444444445,1.0666666666666667,16,0.17485298754836423,4.858825456693001e-13
C,1,16,3.0,"[1, 5, 6, 7, 10, 12, 14, 16, 20, 22, 26, 28, 30, 34, 38, 40]",,,,,0.6444444444444445,1.0666666666666667,16,0.46358052832486174,0.9830855363590634
C,1,16,3.0,"[0, 1, 5, 6, 7, 10, 13, 15, 21, 22, 27, 29, 32, 36, 39, 41]",,,,,0.6444444444444445,1.0666666666666667,16,0.37858485798748975,0.9883642725218511
C,1,16,3.0,"[0, 10, 11, 12, 13, 14, 19, 22, 23, 27, 29, 30, 34, 35, 42, 43]",,,,,0.6444444444444445,1.0666666666666667,16,0.0541104525581526,0.9984465904032321
C,1,16,3.0,"[3, 14, 15, 17, 19, 21, 22, 26, 27, 29, 32, 34, 35, 38, 43, 44]",,,,,0.6444444444444445,1.0666666666666667,16,0.053241741410854054,0.9955104085718068
C,1,16,3.0,"[9, 11, 20, 21, 22, 23, 24, 27, 32, 34, 35, 37, 38, 42, 43, 44]",,,,,0.6444444444444445,1.0666666666666667,16,0.1104956639422671,0.9948231897419825
C,1,16,3.0,"[0, 1, 5, 9, 15, 16, 18, 19, 21, 23, 26, 30, 34, 37, 38, 41]",,,,,0.6444444444444445,1.0666666666666667,16,0.3078941337572049,0.98573154873093
C,1,16,3.0,"[4, 10, 11, 14, 16, 20, 21, 22, 23, 25, 29, 30, 33, 38, 42, 43]",,,,,0.6444444444444445,1.0666666666666667,16,0.3180144532021652,0.9869156140647194
C,1,16,3.0,"[6, 10, 13, 19, 20, 22, 23, 24, 27, 28, 30, 31, 38, 39, 41, 43]",,,,,0.6444444444444445,1.0666666666666667,16,0.07192517573681027,0.9954225271032445
C,1,16,3.0,"[2, 3, 11, 13, 21, 22, 23, 27, 30, 32, 35, 38, 40, 41, 42, 43]",,,,,0.6444444444444445,1.0666666666666667,16,0.04803539026928788,0.9984993167523124
C,1,16,3.0,"[1, 2, 5, 9, 11, 14, 18, 20, 24, 25, 27, 31, 33, 37, 40, 43]",,,,,0.6444444444444445,1.0666666666666667,16,0.34270855211187023,4.90268000879427e-13
C,1,16,3.0,"[3, 8, 9, 12, 15, 16, 19, 24, 25, 28, 33, 37, 38, 39, 41, 43]",,,,,0.6444444444444445,1.0666666666666667,16,0.3313611257996972,4.90268002963751e-13
C,1,16,3.0,"[0, 1, 5, 6, 7, 12, 20, 21, 22, 24, 25, 26, 27, 38, 42, 44]",,,,,0.6444444444444445,1.0666666666666667,16,0.49955969359590335,4.858825345400495e-13
C,1,16,3.0,"[1, 2, 10, 11, 12, 13, 17, 18, 19, 22, 25, 27, 28, 31, 37, 41]",,,,,0.6444444444444445,1.0666666666666667,16,0.2737800334060374,0.9887464040124949
C,1,16,3.0,"[0, 2, 4, 6, 14, 16, 17, 19, 20, 23, 29, 31, 32, 33, 37, 41]",,,,,0.6444444444444445,1.0666666666666667,16,0.27071094331816975,0.9882040339612349
C,1,16,3.0,"[1, 5, 7, 8, 10, 11, 16, 17, 19, 20, 28, 30, 34, 39, 42, 43]",,,,,0.6444444444444445,1.0666666666666667,16,0.6434250228703492,0.7755886582891667
C,1,16,3.0,"[5, 8, 11, 15, 16, 22, 23, 25, 30, 34, 36, 37, 38, 39, 40, 42]",,,,,0.6444444444444445,1.0666666666666667,16,0.29217994571295375,0.7798929811010603
C,1,16,3.0,"[2, 5, 6, 8, 9, 13, 15, 17, 21, 25, 27, 30, 35, 41, 42, 43]",,,,,0.6444444444444445,1.0666666666666667,16,0.2564944657341485,0.7164258002913434
C,1,16,3.0,"[1, 4, 6, 8, 12, 13, 17, 18, 20, 25, 30, 33, 35, 39, 40, 43]",,,,,0.6444444444444445,1.0666666666666667,16,0.648576130942219,0.49780415315438675
C,1,16,3.0,"[4, 6, 7, 8, 10, 13, 15, 17, 18, 22, 27, 29, 31, 36, 41, 42]",,,,,0.6444444444444445,1.0666666666666667,16,0.5651137246273747,0.7736761882129605
C,1,16,3.0,"[0, 3, 5, 6, 7, 11, 15, 16, 20, 24, 25, 26, 28, 37, 38, 42]",,,,,0.6444444444444445,1.0666666666666667,16,0.38583371605021904,4.858825565178246e-13
C,1,16,3.0,"[3, 11, 12, 13, 16, 18, 20, 26, 27, 28, 29, 30, 38, 39, 41, 43]",,,,,0.6444444444444445,1.0666666666666667,16,0.1582246163666941,0.9927985649768886
C,1,16,3.0,"[0, 9, 17, 21, 24, 26, 29, 30, 32, 33, 36, 37, 38, 39, 40, 43]",,,,,0.6444444444444445,1.0666666666666667,16,0.1011375130465666,4.894265482932019e-13
C,1,16,3.0,"[2, 10, 11, 18, 20, 21, 23, 25, 30, 32, 35, 37, 38, 40, 42, 43]",,,,,0.6444444444444445,1.0666666666666667,16,0.0962389289295579,0.995132915303478
C,1,16,3.0,"[2, 5, 6, 7, 10, 23, 24, 26, 31, 32, 34, 38, 41, 42, 43, 44]",,,,,0.6444444444444445,1.0666666666666667,16,0.2387271506828346,4.894265317767948e-13
C,1,16,3.0,"[1, 3, 4, 7, 10, 12, 18, 25, 26, 28, 32, 33, 36, 37, 39, 42]",,,,,0.6444444444444445,1.0666666666666667,16,0.6349382729993264,4.859308093081954e-13
C,1,16,3.0,"[2, 6, 9, 10, 18, 20, 21, 22, 23, 25, 28, 29, 32, 33, 37, 41]",,,,,0.6444444444444445,1.0666666666666667,16,0.08888337495528059,0.9951681046560383
C,1,16,3.0,"[2, 9, 10, 12, 14, 17, 18, 21, 25, 26, 27, 35, 36, 40, 43, 44]",,,,,0.6444444444444445,1.0666666666666667,16,0.10256212349562778,4.859307724904853e-13
C,1,16,3.0,"[1, 6, 9, 10, 14, 17, 21, 22, 23, 25, 28, 34, 37, 39, 41, 43]",,,,,0.6444444444444445,1.0666666666666667,16,0.2467599435171969,0.9893117049510695
C,1,16,3.0,"[0, 1, 2, 4, 5, 9, 12, 13, 14, 20, 25, 31, 32, 37, 38, 43]",,,,,0.6444444444444445,1.0666666666666667,16,0.483920842323294,0.47981404692005986
C,1,16,3.0,"[0, 2, 4, 6, 10, 11, 20, 21, 25, 27, 32, 33, 34, 39, 42, 43]",,,,,0.6444444444444445,1.0666666666666667,16,0.29031303197328934,0.9880264615914889
C,1,16,3.0,"[1, 3, 6, 11, 20, 21, 23, 27, 29, 30, 36, 38, 39, 40, 42, 44]",,,,,0.6444444444444445,1.0666666666666667,16,0.25724216386023063,0.9910194174159971
C,1,16,3.0,"[1, 3, 5, 6, 8, 12, 15, 20, 22, 26, 28, 33, 34, 37, 39, 40]",,,,,0.6444444444444445,1.0666666666666667,16,0.4597686505542762,0.7737069264642343
C,1,16,3.0,"[2, 3, 8, 9, 10, 13, 14, 15, 16, 18, 19, 23, 24, 33, 34, 44]",,,,,0.6444444444444445,1.0666666666666667,16,0.31355275202433414,0.7797641158609588
C,1,16,3.0,"[1, 3, 7, 8, 15, 19, 21, 23, 25, 30, 31, 35, 37, 39, 42, 44]",,,,,0.6444444444444445,1.0666666666666667,16,0.5925757468374486,0.7752125328125398
C,1,16,3.0,"[0, 1, 2, 3, 4, 9, 11, 15, 21, 23, 27, 30, 35, 37, 40, 42]",,,,,0.6444444444444445,1.0666666666666667,16,0.4534169771297959,0.5215438549516372
C,1,16,3.0,"[5, 7, 9, 15, 17, 18, 21, 22, 23, 26, 29, 32, 35, 37, 42, 43]",,,,,0.6444444444444445,1.0666666666666667,16,0.23431333548204014,0.99222258516891
C,1,16,3.0,"[0, 1, 4, 7, 8, 19, 20, 22, 28, 30, 31, 35, 36, 38, 40, 42]",,,,,0.6444444444444445,1.0666666666666667,16,0.7746137134075877,0.5044892020654622
C,1,16,3.0,"[0, 3, 4, 14, 18, 21, 28, 29, 30, 32, 33, 38, 39, 40, 42, 44]",,,,,0.6444444444444445,1.0666666666666667,16,0.21803658117686942,0.9556641419955128
C,1,16,3.0,"[1, 4, 5, 7, 11, 19, 22, 24, 25, 31, 37, 38, 39, 41, 42, 43]",,,,,0.6444444444444445,1.0666666666666667,16,0.644680382963068,4.902680276139564e-13
C,1,16,3.0,"[4, 8, 11, 12, 13, 14, 21, 23, 25, 27, 30, 32, 33, 38, 39, 44]",,,,,0.6444444444444445,1.0666666666666667,16,0.4537948881144258,0.7775615172388114
C,1,16,3.0,"[0, 1, 7, 19, 24, 25, 26, 29, 31, 33, 36, 37, 38, 39, 40, 41]",,,,,0.6444444444444445,1.0666666666666667,16,0.4705081097980082,4.858825334980409e-13
C,1,16,3.0,"[0, 1, 2, 3, 5, 6, 8, 11, 14, 15, 23, 24, 25, 28, 32, 38]",,,,,0.6444444444444445,1.0666666666666667,16,0.500460185198742,4.902680401122132e-13
C,1,16,3.0,"[1, 7, 9, 10, 13, 15, 16, 17, 27, 28, 31, 32, 33, 34, 38, 40]",,,,,0.6444444444444445,1.0666666666666667,16,0.42642799939488213,0.9862273470681505
C,1,16,3.0,"[3, 4, 9, 12, 20, 21, 24, 25, 26, 29, 30, 34, 37, 39, 42, 43]",,,,,0.6444444444444445,1.0666666666666667,16,0.3526011686665656,4.858825370093307e-13
C,1,16,3.0,"[0, 1, 6, 8, 11, 14, 16, 22, 24, 25, 26, 34, 36, 37, 39, 40]",,,,,0.6444444444444445,1.0666666666666667,16,0.5612518555429761,4.858825631194424e-13
C,1,16,3.0,"[3, 4, 9, 14, 16, 17, 18, 20, 22, 23, 31, 34, 36, 37, 40, 42]",,,,,0.6444444444444445,1.0666666666666667,16,0.29433202297953226,0.9881784016438575
C,1,16,3.0,"[0, 6, 9, 11, 12, 13, 15, 17, 19, 30, 31, 32, 36, 38, 39, 40]",,,,,0.6444444444444445,1.0666666666666667,16,0.07776741956378648,0.9973287785198917
C,1,16,3.0,"[4, 11, 13, 14, 15, 16, 17, 18, 19, 23, 25, 26, 28, 31, 33, 43]",,,,,0.6444444444444445,1.0666666666666667,16,0.3483824324271859,4.859308107625474e-13
C,1,16,3.0,"[0, 1, 5, 7, 14, 15, 18, 21, 27, 31, 32, 33, 35, 36, 37, 39]",,,,,0.6444444444444445,1.0666666666666667,16,0.3775029708212836,0.9886477259611314
C,1,16,3.0,"[1, 2, 5, 9, 12, 13, 14, 15, 22, 23, 24, 27, 37, 42, 43, 44]",,,,,0.6444444444444445,1.0666666666666667,16,0.26100100660217507,0.9824429830654338
C,1,16,3.0,"[0, 8, 9, 11, 12, 13, 16, 17, 20, 22, 29, 33, 38, 39, 41, 42]",,,,,0.6444444444444445,1.0666666666666667,16,0.3255746836913705,0.7820344803177922
C,1,16,3.0,"[5, 8, 13, 18, 19, 21, 23, 25, 26, 29, 30, 31, 34, 35, 37, 40]",,,,,0.6444444444444445,1.0666666666666667,16,0.2764591130921056,4.859307888057806e-13
C,1,16,3.0,"[4, 5, 7, 10, 12, 13, 15, 16, 19, 20, 22, 23, 31, 34, 38, 43]",,,,,0.6444444444444445,1.0666666666666667,16,0.43762000205846846,0.9855656572578095
C,1,16,3.0,"[1, 3, 4, 5, 7, 9, 11, 16, 20, 24, 33, 35, 36, 37, 40, 44]",,,,,0.6444444444444445,1.0666666666666667,16,0.7051627773199388,0.5537232336056066
C,1,16,3.0,"[1, 6, 7, 10, 13, 16, 23, 29, 30, 31, 34, 35, 37, 39, 40, 42]",,,,,0.6444444444444445,1.0666666666666667,16,0.4035515145205665,0.9874955147391221
C,1,16,3.0,"[1, 2, 9, 10, 12, 15, 18, 20, 22, 28, 29, 31, 38, 41, 42, 43]",,,,,0.6444444444444445,1.0666666666666667,16,0.2511253806240593,0.9912846287830226
C,1,16,3.0,"[0, 2, 6, 7, 12, 18, 20, 24, 28, 35, 36, 38, 39, 40, 41, 44]",,,,,0.6444444444444445,1.0666666666666667,16,0.24752044968204712,0.990831223097934
C,1,16,3.0,"[0, 5, 7, 12, 14, 19, 21, 22, 23, 27, 30, 33, 38, 40, 41, 43]",,,,,0.6444444444444445,1.0666666666666667,16,0.1831591500501066,0.9958292622762218
C,1,16,3.0,"[4, 9, 15, 18, 19, 21, 25, 26, 27, 28, 30, 33, 35, 40, 42, 44]",,,,,0.6444444444444445,1.0666666666666667,16,0.2920030228861141,4.859308055952042e-13
C,1,16,3.0,"[1, 4, 7, 11, 15, 21, 24, 25, 28, 29, 30, 31, 34, 38, 40, 42]",,,,,0.6444444444444445,1.0666666666666667,16,0.6440112768950389,4.902679976383152e-13
C,1,16,3.0,"[0, 3, 7, 8, 13, 14, 15, 20, 25, 26, 28, 32, 33, 35, 37, 41]",,,,,0.6444444444444445,1.0666666666666667,16,0.48226803142718283,4.859307674332923e-13
C,1,16,3.0,"[1, 6, 14, 18, 19, 20, 23, 26, 27, 28, 31, 33, 35, 38, 40, 44]",,,,,0.6444444444444445,1.0666666666666667,16,0.26547192257420466,0.9876305377698471
C,1,16,3.0,"[4, 11, 13, 14, 15, 16, 17, 18, 20, 22, 25, 30, 31, 38, 39, 41]",,,,,0.6444444444444445,1.0666666666666667,16,0.33606593029174375,0.9845230995276716
C,1,16,3.0,"[0, 1, 2, 3, 6, 7, 8, 19, 20, 23, 24, 25, 26, 27, 28, 33]",,,,,0.6444444444444445,1.0666666666666667,16,0.6980549587611401,4.858825445489191e-13
C,1,16,3.0,"[0, 3, 6, 8, 10, 11, 15, 16, 18, 21, 25, 31, 32, 34, 40, 41]",,,,,0.6444444444444445,1.0666666666666667,16,0.3190699937872434,0.7583181395658866
C,1,16,3.0,"[0, 2, 7, 10, 12, 13, 14, 17, 18, 21, 26, 28, 31, 32, 33, 43]",,,,,0.6444444444444445,1.0666666666666667,16,0.23306471784674437,0.9920745054692851
C,1,16,3.0,"[3, 7, 8, 16, 18, 24, 26, 27, 30, 32, 34, 35, 38, 40, 43, 44]",,,,,0.6444444444444445,1.0666666666666667,16,0.47988741567187154,4.894265557172728e-13
C,1,16,3.0,"[0, 2, 7, 8, 10, 11, 12, 15, 18, 19, 22, 26, 29, 30, 34, 38]",,,,,0.6444444444444445,1.0666666666666667,16,0.446628970572567,0.7780115132576128
C,1,16,3.0,"[1, 4, 5, 6, 10, 12, 13, 14, 17, 19, 25, 26, 36, 38, 42, 43]",,,,,0.6444444444444445,1.0666666666666667,16,0.4667426403294321,4.859307675464509e-13
C,1,16,3.0,"[0, 6, 8, 10, 11, 12, 15, 16, 17, 20, 23, 27, 29, 30, 40, 44]",,,,,0.6444444444444445,1.0666666666666667,16,0.30034014069726606,0.7787094926532543
C,1,16,3.0,"[2, 5, 6, 7, 8, 13, 15, 25, 27, 28, 29, 31, 33, 38, 40, 41]",,,,,0.6444444444444445,1.0666666666666667,16,0.4009340093451764,0.7152991464744323
C,1,16,3.0,"[0, 3, 4, 5, 11, 13, 18, 23, 24, 32, 35, 36, 39, 40, 42, 43]",,,,,0.6444444444444445,1.0666666666666667,16,0.2882237405880853,0.9529352532287003
C,1,16,3.0,"[1, 6, 9, 10, 12, 15, 16, 19, 22, 23, 24, 26, 32, 36, 38, 39]",,,,,0.6444444444444445,1.0666666666666667,16,0.32803137470001714,4.894265422081864e-13
C,1,16,3.0,"[3, 5, 7, 9, 14, 15, 16, 17, 22, 23, 24, 29, 35, 39, 40, 44]",,,,,0.6444444444444445,1.0666666666666667,16,0.27310489305543323,0.9893018345516725
C,1,16,3.0,"[0, 2, 3, 5, 7, 9, 10, 12, 18, 28, 29, 30, 31, 38, 42, 43]",,,,,0.6444444444444445,1.0666666666666667,16,0.21776227787465088,0.8352914008602387
C,1,16,3.0,"[3, 4, 7, 8, 11, 12, 14, 17, 18, 19, 20, 22, 23, 24, 38, 40]",,,,,0.6444444444444445,1.0666666666666667,16,0.6589325825576045,0.7736753884708966
C,1,16,3.0,"[1, 2, 8, 12, 15, 16, 19, 24, 26, 31, 33, 37, 39, 40, 41, 44]",,,,,0.6444444444444445,1.0666666666666667,16,0.495981245295745,4.894265400828394e-13
C,1,16,3.0,"[2, 6, 11, 12, 14, 16, 22, 27, 28, 29, 33, 34, 36, 40, 41, 44]",,,,,0.6444444444444445,1.0666666666666667,16,0.0735314194144479,0.997125104009414
C,1,16,3.0,"[1, 3, 4, 8, 12, 13, 17, 19, 21, 24, 26, 27, 28, 29, 43, 44]",,,,,0.6444444444444445,1.0666666666666667,16,0.663520948396561,4.894265512697826e-13
C,1,16,3.0,"[1, 5, 6, 7, 8, 11, 13, 18, 19, 20, 23, 29, 33, 35, 39, 43]",,,,,0.6444444444444445,1.0666666666666667,16,0.6211398126597687,0.7727062818674914
C,1,16,3.0,"[3, 5, 6, 9, 10, 11, 13, 15, 17, 20, 23, 32, 33, 38, 43, 44]",,,,,0.6444444444444445,1.0666666666666667,16,0.1000699946148396,0.9969060310328314
C,1,16,3.0,"[0, 1, 3, 7, 13, 16, 20, 27, 28, 29, 32, 34, 35, 38, 42, 44]",,,,,0.6444444444444445,1.0666666666666667,16,0.4483461302544503,0.9515798334693835
C,1,16,3.0,"[1, 4, 5, 10, 11, 14, 18, 19, 24, 25, 26, 29, 30, 33, 38, 43]",,,,,0.6444444444444445,1.0666666666666667,16,0.5236821543629726,4.858825348047355e-13
C,1,16,3.0,"[0, 3, 5, 6, 8, 13, 15, 16, 18, 20, 28, 29, 34, 36, 41, 42]",,,,,0.6444444444444445,1.0666666666666667,16,0.29277890148432306,0.759000959680294
C,1,16,3.0,"[0, 4, 5, 7, 8, 11, 14, 15, 17, 22, 23, 24, 27, 34, 37, 44]",,,,,0.6444444444444445,1.0666666666666667,16,0.6232796086176077,0.7742993406938511
C,1,16,3.0,"[4, 5, 6, 13, 15, 19, 22, 23, 27, 30, 37, 40, 41, 42, 43, 44]",,,,,0.6444444444444445,1.0666666666666667,16,0.20534175564853077,0.9921562006665225
C,1,16,3.0,"[2, 3, 10, 14, 15, 16, 17, 18, 19, 24, 25, 26, 32, 33, 35, 44]",,,,,0.6444444444444445,1.0666666666666667,16,0.16448447465153532,4.858825418386324e-13
C,1,16,3.0,"[1, 2, 3, 4, 6, 9, 16, 17, 18, 24, 25, 26, 27, 31, 32, 38]",,,,,0.6444444444444445,1.0666666666666667,16,0.560516441247566,4.858825499372157e-13
C,1,16,3.0,"[6, 7, 8, 9, 10, 14, 16, 23, 27, 28, 29, 30, 35, 38, 43, 44]",,,,,0.6444444444444445,1.0666666666666667,16,0.41698057739702066,0.7770277889240065
C,1,16,3.0,"[0, 2, 5, 10, 11, 13, 15, 16, 19, 20, 21, 28, 34, 39, 42, 43]",,,,,0.6444444444444445,1.0666666666666667,16,0.1183103423903941,0.9869963469081262
C,1,16,3.0,"[0, 2, 3, 4, 5, 8, 10, 17, 19, 22, 25, 28, 31, 33, 42, 43]",,,,,0.6444444444444445,1.0666666666666667,16,0.43583009834212244,0.6667506574832952
C,1,16,3.0,"[0, 2, 5, 6, 11, 13, 14, 15, 16, 17, 18, 24, 28, 37, 41, 44]",,,,,0.6444444444444445,1.0666666666666667,16,0.13255939960860655,0.9843436800118475
C,1,16,3.0,"[0, 3, 5, 6, 14, 16, 17, 20, 22, 27, 28, 31, 33, 37, 40, 43]",,,,,0.6444444444444445,1.0666666666666667,16,0.08777629508621973,0.8751247498140325
C,1,16,3.0,"[1, 5, 8, 9, 11, 15, 16, 20, 21, 22, 24, 29, 30, 31, 32, 36]",,,,,0.6444444444444445,1.0666666666666667,16,0.5310540980001917,0.7753142808791281
C,1,16,3.0,"[0, 1, 2, 3, 6, 7, 9, 19, 21, 22, 24, 25, 30, 31, 33, 42]",,,,,0.6444444444444445,1.0666666666666667,16,0.46643841625180393,4.90267993170746e-13
C,1,16,3.0,"[4, 9, 10, 15, 16, 17, 20, 21, 22, 25, 29, 36, 37, 38, 39, 42]",,,,,0.6444444444444445,1.0666666666666667,16,0.3112181677198773,0.9855804293033078
C,2,24,3.0,"[2, 3, 7, 9, 11, 12, 13, 15, 16, 18, 20, 21, 22, 23, 24, 29, 32, 33, 34, 35, 36, 37, 41, 43]",,,,,0.4666666666666667,1.6,24,0.34520130970459295,0.9879415530420066
C,2,24,3.0,"[1, 2, 3, 5, 11, 12, 13, 17, 19, 23, 24, 25, 26, 27, 28, 29, 30, 36, 38, 39, 40, 41, 43, 44]",,,,,0.4666666666666667,1.6,24,0.3470799000098605,4.858825469528686e-13
C,2,24,3.0,"[0, 1, 7, 8, 12, 13, 14, 16, 17, 18, 23, 26, 27, 29, 31, 33, 34, 35, 36, 37, 39, 41, 42, 44]",,,,,0.4666666666666667,1.6,24,0.6497480686750362,0.7743065509906881
C,2,24,3.0,"[2, 3, 4, 5, 6, 8, 10, 11, 12, 14, 16, 20, 21, 23, 25, 27, 28, 29, 30, 32, 34, 35, 39, 44]",,,,,0.4666666666666667,1.6,24,0.5225650145718856,0.7105831898631054
C,2,24,3.0,"[3, 6, 7, 9, 10, 11, 13, 16, 17, 18, 20, 21, 22, 25, 27, 28, 32, 33, 34, 37, 38, 39, 42, 43]",,,,,0.4666666666666667,1.6,24,0.33988123636056417,0.9882948956100629
C,2,24,3.0,"[0, 3, 4, 7, 11, 13, 14, 17, 18, 20, 21, 22, 23, 24, 27, 28, 31, 34, 37, 38, 39, 41, 43, 44]",,,,,0.4666666666666667,1.6,24,0.4822058737399087,0.9503186462190106
C,2,24,3.0,"[0, 2, 4, 5, 6, 9, 10, 11, 12, 15, 16, 18, 19, 21, 22, 24, 27, 32, 34, 35, 36, 39, 41, 44]",,,,,0.4666666666666667,1.6,24,0.3390738269105334,0.9783459453516739
C,2,24,3.0,"[1, 6, 8, 10, 11, 13, 14, 20, 21, 22, 23, 24, 25, 26, 27, 28, 31, 33, 34, 36, 38, 41, 42, 43]",,,,,0.4666666666666667,1.6,24,0.5487136944424926,4.858825546717292e-13
C,2,24,3.0,"[0, 1, 3, 4, 5, 8, 9, 12, 14, 16, 18, 19, 20, 21, 22, 25, 26, 28, 29, 31, 36, 37, 42, 44]",,,,,0.4666666666666667,1.6,24,0.7579288991063088,4.859307884721151e-13
C,2,24,3.0,"[1, 2, 5, 7, 9, 12, 13, 14, 15, 16, 17, 18, 19, 20, 23, 24, 28, 30, 32, 34, 37, 38, 40, 42]",,,,,0.4666666666666667,1.6,24,0.5013950130123822,0.9746658883244421
C,2,24,3.0,"[1, 2, 4, 7, 8, 9, 10, 11, 12, 14, 15, 17, 18, 19, 21, 23, 27, 29, 31, 32, 36, 40, 41, 44]",,,,,0.4666666666666667,1.6,24,0.8038839950817955,0.5029551103095777
C,2,24,3.0,"[0, 3, 6, 8, 9, 12, 14, 15, 16, 20, 22, 23, 24, 27, 28, 29, 31, 32, 35, 37, 39, 40, 42, 43]",,,,,0.4666666666666667,1.6,24,0.33554856196745264,0.7577418097328138
C,2,24,3.0,"[0, 1, 3, 5, 7, 9, 10, 12, 13, 16, 17, 18, 20, 22, 25, 27, 28, 31, 33, 35, 36, 40, 41, 43]",,,,,0.4666666666666667,1.6,24,0.5128363898959936,0.9470874883296376
C,2,24,3.0,"[0, 1, 6, 9, 11, 12, 13, 14, 15, 17, 18, 19, 20, 22, 23, 26, 32, 34, 36, 38, 40, 41, 42, 43]",,,,,0.4666666666666667,1.6,24,0.3396079922931757,0.9854004596671967
C,2,24,3.0,"[1, 2, 5, 7, 8, 9, 10, 12, 15, 19, 21, 22, 28, 29, 30, 31, 33, 34, 35, 37, 39, 40, 42, 44]",,,,,0.4666666666666667,1.6,24,0.576031843134872,0.713250212690747
C,2,24,3.0,"[0, 2, 3, 6, 8, 9, 12, 13, 14, 17, 18, 19, 22, 23, 25, 26, 27, 28, 31, 33, 34, 35, 38, 44]",,,,,0.4666666666666667,1.6,24,0.3228366446242512,4.859307514533237e-13
C,2,24,3.0,"[3, 4, 5, 7, 8, 11, 13, 14, 15, 17, 18, 19, 21, 24, 26, 28, 29, 31, 35, 36, 37, 38, 39, 42]",,,,,0.4666666666666667,1.6,24,0.6773018546795153,4.894265089123851e-13
C,2,24,3.0,"[0, 2, 3, 4, 5, 6, 8, 9, 10, 11, 15, 17, 20, 22, 23, 24, 25, 28, 33, 34, 35, 40, 41, 44]",,,,,0.4666666666666667,1.6,24,0.54749982612767,4.902680308051344e-13
C,2,24,3.0,"[0, 1, 4, 5, 6, 7, 8, 10, 11, 12, 13, 16, 22, 23, 24, 26, 30, 33, 34, 36, 37, 41, 42, 43]",,,,,0.4666666666666667,1.6,24,0.8957437331570517,4.89426538716832e-13
C,2,24,3.0,"[0, 1, 2, 4, 7, 8, 11, 12, 14, 15, 16, 17, 19, 21, 23, 25, 27, 28, 30, 31, 34, 37, 39, 40]",,,,,0.4666666666666667,1.6,24,0.8555659525471271,0.49876928142083715
C,2,24,3.0,"[0, 1, 2, 6, 8, 9, 10, 11, 15, 17, 21, 24, 25, 26, 27, 29, 30, 33, 34, 35, 36, 37, 41, 44]",,,,,0.4666666666666667,1.6,24,0.5469738278138143,4.858825507378749e-13
C,2,24,3.0,"[1, 2, 4, 6, 7, 9, 10, 11, 13, 15, 18, 22, 23, 26, 27, 28, 31, 32, 33, 34, 35, 36, 40, 42]",,,,,0.4666666666666667,1.6,24,0.6530136051133819,0.5515508148080642
C,2,24,3.0,"[0, 3, 4, 5, 6, 8, 10, 13, 15, 19, 21, 22, 23, 24, 26, 28, 29, 30, 33, 35, 37, 38, 41, 44]",,,,,0.4666666666666667,1.6,24,0.4840086147002949,4.894265234682659e-13
C,2,24,3.0,"[0, 2, 3, 8, 10, 13, 14, 16, 17, 19, 20, 25, 26, 27, 28, 31, 33, 34, 35, 36, 39, 41, 42, 44]",,,,,0.4666666666666667,1.6,24,0.3555486940038471,4.859307594426904e-13
C,2,24,3.0,"[5, 6, 7, 8, 9, 12, 13, 15, 19, 22, 23, 24, 26, 29, 30, 31, 32, 35, 37, 38, 39, 41, 43, 44]",,,,,0.4666666666666667,1.6,24,0.46418189569419693,4.894265403777721e-13
C,2,24,3.0,"[3, 4, 10, 12, 14, 17, 18, 19, 20, 21, 22, 23, 26, 27, 29, 30, 32, 34, 35, 36, 37, 39, 40, 44]",,,,,0.4666666666666667,1.6,24,0.27757403998624713,0.9869401395780825
C,2,24,3.0,"[0, 2, 3, 6, 8, 12, 14, 18, 20, 21, 22, 23, 26, 28, 29, 30, 32, 33, 34, 37, 38, 39, 42, 44]",,,,,0.4666666666666667,1.6,24,0.2851311970923079,0.7578763569734167
C,2,24,3.0,"[1, 5, 6, 8, 9, 10, 11, 12, 15, 16, 17, 18, 19, 21, 22, 24, 25, 27, 29, 35, 36, 37, 39, 44]",,,,,0.4666666666666667,1.6,24,0.5508926143507848,4.902680002290485e-13
C,2,24,3.0,"[0, 2, 3, 4, 7, 11, 12, 13, 14, 18, 19, 24, 26, 27, 29, 31, 33, 34, 35, 38, 40, 41, 43, 44]",,,,,0.4666666666666667,1.6,24,0.49754198105293,4.894265613336016e-13
C,2,24,3.0,"[1, 2, 3, 5, 6, 9, 10, 15, 19, 20, 24, 25, 26, 27, 29, 31, 32, 33, 35, 38, 39, 40, 43, 44]",,,,,0.4666666666666667,1.6,24,0.3574686743402609,4.858825576452817e-13
C,2,24,3.0,"[0, 1, 2, 5, 7, 9, 11, 14, 16, 18, 21, 22, 24, 28, 29, 31, 33, 36, 37, 38, 39, 40, 41, 44]",,,,,0.4666666666666667,1.6,24,0.49735675052624373,0.9771084706585887
C,2,24,3.0,"[0, 1, 5, 6, 7, 9, 10, 11, 12, 13, 14, 15, 17, 18, 19, 21, 25, 26, 28, 32, 35, 42, 43, 44]",,,,,0.4666666666666667,1.6,24,0.5121078350129361,4.859307828620391e-13
C,2,24,3.0,"[3, 5, 6, 8, 9, 10, 11, 13, 14, 15, 16, 17, 18, 20, 21, 25, 26, 28, 30, 31, 34, 35, 40, 44]",,,,,0.4666666666666667,1.6,24,0.40443914606539394,4.859307666806286e-13
C,2,24,3.0,"[0, 3, 6, 7, 8, 10, 11, 13, 14, 15, 16, 17, 18, 21, 23, 29, 30, 34, 35, 38, 40, 41, 42, 43]",,,,,0.4666666666666667,1.6,24,0.4629553091839709,0.7560058883255024
C,2,24,3.0,"[0, 3, 6, 8, 9, 14, 15, 17, 18, 19, 21, 22, 24, 25, 27, 32, 33, 35, 37, 38, 40, 41, 42, 44]",,,,,0.4666666666666667,1.6,24,0.31042930976391164,4.902680183564752e-13
C,2,24,3.0,"[2, 3, 4, 7, 8, 9, 10, 11, 13, 15, 16, 17, 20, 25, 26, 27, 29, 31, 33, 34, 35, 36, 37, 42]",,,,,0.4666666666666667,1.6,24,0.7510722710210819,4.859307493029187e-13
C,2,24,3.0,"[0, 2, 4, 5, 6, 8, 13, 14, 15, 16, 17, 20, 21, 23, 24, 26, 27, 32, 34, 35, 38, 39, 41, 42]",,,,,0.4666666666666667,1.6,24,0.5389189997678795,4.89426553943445e-13
C,2,24,3.0,"[0, 2, 3, 6, 8, 10, 12, 14, 15, 16, 17, 19, 20, 22, 25, 26, 28, 29, 30, 34, 37, 38, 41, 42]",,,,,0.4666666666666667,1.6,24,0.3538748127745125,4.859307841191316e-13
C,2,24,3.0,"[1, 2, 3, 5, 9, 10, 13, 14, 15, 17, 18, 21, 25, 26, 28, 29, 32, 33, 35, 38, 39, 40, 42, 43]",,,,,0.4666666666666667,1.6,24,0.3108929646788354,4.859307887894021e-13
C,2,24,3.0,"[2, 9, 10, 11, 13, 14, 15, 16, 17, 19, 20, 21, 22, 23, 25, 28, 31, 32, 33, 36, 37, 38, 40, 44]",,,,,0.4666666666666667,1.6,24,0.16315926032532294,0.9902425735950396
C,2,24,3.0,"[0, 4, 5, 8, 10, 11, 12, 13, 15, 18, 20, 23, 26, 27, 29, 30, 32, 33, 34, 35, 38, 39, 40, 41]",,,,,0.4666666666666667,1.6,24,0.5032925680639844,0.7760886438065827
C,2,24,3.0,"[0, 1, 3, 7, 8, 10, 12, 13, 14, 16, 19, 23, 25, 26, 29, 30, 32, 34, 35, 39, 40, 41, 43, 44]",,,,,0.4666666666666667,1.6,24,0.6867434346147454,4.859308063621595e-13
C,2,24,3.0,"[0, 1, 2, 3, 4, 5, 8, 9, 10, 12, 13, 14, 16, 24, 26, 27, 29, 32, 33, 34, 38, 39, 43, 44]",,,,,0.4666666666666667,1.6,24,0.7319621273870608,4.894265229333054e-13
C,2,24,3.0,"[0, 1, 2, 3, 6, 10, 11, 13, 14, 15, 17, 22, 24, 27, 30, 33, 34, 35, 36, 37, 38, 39, 43, 44]",,,,,0.4666666666666667,1.6,24,0.28708758267660217,0.8756526803375283
C,2,24,3.0,"[0, 1, 2, 3, 5, 6, 7, 9, 11, 13, 14, 15, 18, 21, 22, 26, 27, 30, 31, 33, 34, 38, 40, 44]",,,,,0.4666666666666667,1.6,24,0.4841753412541193,0.6683068965116956
C,2,24,3.0,"[0, 5, 6, 9, 11, 12, 13, 14, 15, 16, 17, 20, 21, 27, 28, 29, 30, 32, 33, 34, 35, 37, 38, 40]",,,,,0.4666666666666667,1.6,24,0.1419810883628867,0.9930472611255234
C,2,24,3.0,"[1, 2, 3, 4, 5, 8, 13, 15, 16, 17, 18, 20, 22, 24, 28, 29, 30, 31, 32, 34, 38, 40, 42, 43]",,,,,0.4666666666666667,1.6,24,0.6970691841957923,0.3557734351665137
C,2,24,3.0,"[0, 1, 3, 6, 7, 9, 10, 11, 16, 17, 18, 20, 23, 24, 27, 29, 33, 34, 35, 36, 37, 39, 43, 44]",,,,,0.4666666666666667,1.6,24,0.532763206846942,0.8707208248015147
C,2,24,3.0,"[0, 1, 5, 8, 9, 10, 14, 15, 17, 19, 22, 26, 27, 28, 30, 32, 34, 35, 36, 39, 40, 41, 43, 44]",,,,,0.4666666666666667,1.6,24,0.4546535876013621,0.7769298236411019
C,2,24,3.0,"[0, 1, 2, 9, 10, 13, 15, 16, 20, 21, 22, 23, 24, 26, 29, 31, 34, 35, 36, 37, 39, 41, 42, 44]",,,,,0.4666666666666667,1.6,24,0.3668647705512878,4.894265259061343e-13
C,2,24,3.0,"[1, 3, 4, 9, 10, 14, 16, 17, 20, 21, 22, 25, 27, 28, 29, 30, 31, 32, 34, 35, 39, 41, 42, 43]",,,,,0.4666666666666667,1.6,24,0.5100474242756948,0.5572575843173766
C,2,24,3.0,"[0, 1, 2, 3, 4, 6, 7, 9, 11, 15, 16, 17, 19, 24, 27, 29, 30, 31, 33, 34, 35, 37, 39, 42]",,,,,0.4666666666666667,1.6,24,0.6947661328255651,0.4778928197397119
C,2,24,3.0,"[0, 1, 2, 3, 5, 6, 7, 8, 11, 12, 13, 16, 18, 20, 22, 25, 27, 29, 35, 36, 37, 39, 40, 43]",,,,,0.4666666666666667,1.6,24,0.7118219608321494,0.5537845211903181
C,2,24,3.0,"[1, 2, 6, 9, 10, 13, 14, 16, 19, 21, 22, 23, 24, 25, 26, 31, 33, 36, 37, 38, 39, 41, 42, 43]",,,,,0.4666666666666667,1.6,24,0.36522085789017794,4.858825355812669e-13
C,2,24,3.0,"[0, 1, 4, 5, 8, 9, 12, 13, 15, 19, 21, 22, 23, 24, 28, 29, 31, 32, 33, 34, 35, 37, 43, 44]",,,,,0.4666666666666667,1.6,24,0.6505999128490854,0.5028482948990234
C,2,24,3.0,"[0, 2, 3, 4, 6, 7, 10, 11, 12, 15, 16, 21, 24, 25, 28, 30, 31, 33, 34, 35, 36, 39, 43, 44]",,,,,0.4666666666666667,1.6,24,0.5159992442818097,4.902679991519815e-13
C,2,24,3.0,"[0, 1, 2, 6, 14, 17, 18, 19, 21, 22, 24, 26, 27, 28, 30, 31, 34, 35, 37, 38, 40, 41, 42, 43]",,,,,0.4666666666666667,1.6,24,0.28308688701878,4.894265470982727e-13
C,2,24,3.0,"[0, 1, 2, 5, 6, 7, 9, 10, 11, 16, 21, 22, 26, 27, 30, 31, 32, 35, 37, 38, 39, 41, 42, 43]",,,,,0.4666666666666667,1.6,24,0.49345318217543194,0.9767947283830474
C,2,24,3.0,"[1, 3, 4, 5, 7, 9, 12, 14, 15, 16, 18, 19, 21, 24, 25, 26, 27, 28, 31, 32, 34, 37, 40, 43]",,,,,0.4666666666666667,1.6,24,0.7340381348761978,4.858825464974606e-13
C,2,24,3.0,"[0, 1, 2, 3, 8, 9, 11, 12, 13, 14, 15, 18, 20, 22, 23, 25, 27, 28, 33, 37, 38, 39, 42, 43]",,,,,0.4666666666666667,1.6,24,0.5309291825457646,0.7745387261670664
C,2,24,3.0,"[0, 1, 4, 5, 6, 9, 11, 14, 17, 18, 19, 23, 25, 26, 31, 33, 35, 36, 37, 38, 39, 40, 43, 44]",,,,,0.4666666666666667,1.6,24,0.5226806678199166,4.859307847399954e-13
C,2,24,3.0,"[0, 5, 7, 10, 11, 14, 18, 19, 20, 21, 22, 23, 24, 26, 28, 30, 32, 37, 38, 39, 40, 41, 42, 44]",,,,,0.4666666666666667,1.6,24,0.31335263361659166,4.894265620014377e-13
C,2,24,3.0,"[1, 3, 4, 5, 7, 10, 13, 16, 20, 21, 22, 23, 26, 27, 30, 31, 32, 33, 35, 36, 37, 40, 43, 44]",,,,,0.4666666666666667,1.6,24,0.6663302085479418,0.5548624037997055
C,2,24,3.0,"[0, 1, 2, 3, 5, 6, 8, 9, 10, 13, 14, 16, 17, 22, 23, 24, 26, 27, 28, 29, 34, 35, 37, 40]",,,,,0.4666666666666667,1.6,24,0.5404703115287701,4.894265457411066e-13
C,2,24,3.0,"[0, 2, 3, 4, 7, 9, 11, 12, 13, 16, 17, 22, 23, 24, 25, 26, 27, 29, 33, 35, 36, 41, 42, 43]",,,,,0.4666666666666667,1.6,24,0.5783438476773545,4.85882529583911e-13
C,2,24,3.0,"[0, 1, 2, 6, 7, 8, 13, 15, 17, 18, 20, 22, 23, 24, 27, 28, 30, 31, 32, 36, 37, 38, 43, 44]",,,,,0.4666666666666667,1.6,24,0.6354829382752326,0.7705970779651256
C,2,24,3.0,"[0, 1, 2, 6, 8, 10, 11, 12, 13, 14, 18, 19, 20, 21, 24, 26, 28, 30, 32, 34, 35, 39, 43, 44]",,,,,0.4666666666666667,1.6,24,0.5391597216251603,4.89426532153062e-13
C,2,24,3.0,"[1, 3, 4, 6, 8, 11, 12, 13, 15, 16, 18, 20, 21, 24, 25, 26, 27, 29, 32, 35, 36, 38, 40, 43]",,,,,0.4666666666666667,1.6,24,0.7973355962033923,4.85882530357087e-13
C,2,24,3.0,"[4, 5, 9, 11, 16, 18, 19, 20, 22, 24, 25, 26, 27, 29, 30, 31, 35, 36, 37, 39, 41, 42, 43, 44]",,,,,0.4666666666666667,1.6,24,0.4175246319631851,4.858825585295842e-13
C,2,24,3.0,"[1, 2, 6, 7, 9, 13, 14, 15, 16, 19, 21, 22, 24, 25, 27, 28, 29, 30, 32, 35, 36, 38, 42, 44]",,,,,0.4666666666666667,1.6,24,0.4970908332379783,4.902680239147073e-13
C,2,24,3.0,"[4, 6, 7, 9, 10, 12, 14, 16, 17, 21, 23, 24, 25, 26, 29, 32, 33, 34, 36, 37, 39, 41, 42, 43]",,,,,0.4666666666666667,1.6,24,0.5233891811091109,4.85882539493036e-13
C,2,24,3.0,"[0, 2, 3, 6, 8, 9, 10, 12, 13, 14, 15, 16, 17, 20, 24, 25, 26, 30, 31, 37, 38, 40, 42, 43]",,,,,0.4666666666666667,1.6,24,0.4139232083366398,4.858825558501645e-13
C,2,24,3.0,"[1, 4, 6, 7, 8, 9, 14, 15, 16, 17, 19, 21, 26, 28, 29, 30, 32, 33, 35, 37, 38, 39, 41, 43]",,,,,0.4666666666666667,1.6,24,0.8393029434298186,0.49444798264792733
C,2,24,3.0,"[4, 5, 6, 8, 9, 10, 13, 16, 18, 20, 21, 25, 26, 28, 29, 31, 32, 36, 37, 38, 40, 41, 42, 43]",,,,,0.4666666666666667,1.6,24,0.5510915822153878,4.859307515411892e-13
C,2,24,3.0,"[0, 3, 7, 8, 9, 13, 14, 17, 19, 20, 21, 23, 24, 25, 28, 30, 32, 33, 34, 36, 38, 42, 43, 44]",,,,,0.4666666666666667,1.6,24,0.5006069579857357,4.902680101923286e-13
C,2,24,3.0,"[0, 2, 4, 7, 8, 9, 10, 11, 12, 13, 16, 17, 18, 19, 22, 23, 24, 25, 32, 34, 36, 37, 38, 44]",,,,,0.4666666666666667,1.6,24,0.7310316532307809,4.902680063415518e-13
C,2,24,3.0,"[0, 2, 3, 5, 6, 7, 9, 11, 14, 16, 17, 19, 21, 22, 25, 27, 28, 29, 31, 34, 35, 37, 38, 40]",,,,,0.4666666666666667,1.6,24,0.3128438648640727,0.6661093251066803
C,2,24,3.0,"[2, 3, 8, 11, 12, 14, 16, 19, 20, 21, 23, 24, 26, 27, 28, 31, 33, 34, 35, 36, 37, 38, 41, 44]",,,,,0.4666666666666667,1.6,24,0.37037377933971777,4.894265684623359e-13
C,2,24,3.0,"[0, 2, 3, 6, 8, 9, 10, 11, 13, 15, 17, 18, 22, 23, 24, 26, 27, 28, 29, 30, 32, 33, 35, 43]",,,,,0.4666666666666667,1.6,24,0.3492124635557561,4.894265345298764e-13
C,2,24,3.0,"[0, 1, 2, 4, 6, 8, 9, 10, 11, 13, 17, 18, 25, 27, 28, 29, 33, 34, 35, 38, 40, 41, 43, 44]",,,,,0.4666666666666667,1.6,24,0.679990072492832,0.49679623660508637
C,2,24,3.0,"[3, 4, 5, 6, 8, 9, 10, 11, 13, 14, 17, 18, 21, 25, 26, 28, 29, 30, 32, 33, 36, 42, 43, 44]",,,,,0.4666666666666667,1.6,24,0.5276546133835872,4.859307659397165e-13
C,2,24,3.0,"[0, 1, 2, 5, 7, 8, 9, 16, 17, 20, 22, 24, 25, 26, 27, 29, 31, 32, 36, 37, 38, 41, 43, 44]",,,,,0.4666666666666667,1.6,24,0.7450421601982942,4.85882534069401e-13
C,2,24,3.0,"[1, 2, 4, 6, 7, 9, 17, 24, 25, 26, 28, 29, 30, 31, 32, 33, 34, 37, 38, 39, 40, 42, 43, 44]",,,,,0.4666666666666667,1.6,24,0.6721468079151214,4.858825379163564e-13
C,2,24,3.0,"[0, 1, 3, 6, 9, 13, 14, 16, 18, 20, 24, 25, 26, 27, 29, 30, 33, 35, 36, 37, 39, 40, 43, 44]",,,,,0.4666666666666667,1.6,24,0.41501231970090363,4.858825434770299e-13
C,2,24,3.0,"[2, 3, 4, 7, 11, 12, 14, 15, 19, 20, 22, 23, 27, 28, 30, 31, 35, 37, 38, 39, 40, 42, 43, 44]",,,,,0.4666666666666667,1.6,24,0.43205379499459656,0.987212673620673
C,2,24,3.0,"[0, 1, 2, 3, 6, 7, 8, 9, 13, 14, 15, 18, 19, 21, 23, 30, 32, 33, 34, 37, 39, 40, 43, 44]",,,,,0.4666666666666667,1.6,24,0.6093444201377487,0.7541683600264708
C,2,24,3.0,"[2, 3, 5, 7, 9, 10, 12, 15, 16, 17, 18, 22, 23, 27, 28, 29, 32, 37, 38, 39, 40, 41, 43, 44]",,,,,0.4666666666666667,1.6,24,0.2491457366206582,0.9840595704796016
C,2,24,3.0,"[1, 7, 8, 9, 10, 12, 13, 16, 17, 18, 20, 22, 23, 24, 27, 29, 30, 31, 34, 35, 37, 38, 39, 44]",,,,,0.4666666666666667,1.6,24,0.683207867773491,0.7735846499916124
C,2,24,3.0,"[0, 1, 3, 5, 6, 7, 9, 10, 11, 13, 15, 18, 19, 20, 21, 23, 24, 28, 30, 31, 36, 39, 40, 44]",,,,,0.4666666666666667,1.6,24,0.5080839447914638,0.8723466689117299
C,2,24,3.0,"[1, 2, 3, 5, 7, 9, 10, 14, 18, 19, 20, 22, 24, 25, 29, 30, 32, 38, 39, 40, 41, 42, 43, 44]",,,,,0.4666666666666667,1.6,24,0.49161551340181464,4.902680178721512e-13
C,2,24,3.0,"[0, 1, 2, 3, 4, 5, 6, 7, 9, 14, 17, 19, 23, 24, 26, 28, 30, 32, 33, 37, 39, 40, 41, 43]",,,,,0.4666666666666667,1.6,24,0.6636655383782244,4.894265716674212e-13
C,2,24,3.0,"[1, 3, 7, 9, 11, 12, 13, 14, 18, 19, 20, 21, 24, 28, 29, 30, 31, 32, 35, 36, 38, 40, 41, 43]",,,,,0.4666666666666667,1.6,24,0.49815345554631135,0.9830167352674883
C,2,24,3.0,"[0, 1, 4, 5, 6, 7, 9, 10, 11, 12, 17, 20, 21, 27, 28, 29, 31, 34, 35, 36, 37, 38, 42, 43]",,,,,0.4666666666666667,1.6,24,0.6386784772032612,0.5549054310134315
C,2,24,3.0,"[1, 4, 5, 6, 7, 11, 12, 13, 14, 15, 16, 17, 18, 23, 26, 28, 29, 32, 34, 39, 40, 41, 42, 43]",,,,,0.4666666666666667,1.6,24,0.6746960754322582,0.5503247832883327
C,2,24,3.0,"[0, 1, 2, 3, 6, 9, 10, 11, 13, 15, 17, 18, 19, 20, 23, 27, 28, 30, 31, 32, 33, 36, 38, 42]",,,,,0.4666666666666667,1.6,24,0.3092558465459387,0.8752500099336604
C,2,24,3.0,"[0, 1, 4, 5, 9, 10, 11, 13, 16, 19, 20, 22, 24, 25, 26, 27, 28, 30, 31, 32, 35, 38, 40, 44]",,,,,0.4666666666666667,1.6,24,0.6186804276538741,4.858825513423803e-13
C,2,24,3.0,"[1, 2, 4, 7, 8, 9, 10, 11, 22, 23, 26, 27, 28, 29, 30, 31, 33, 35, 36, 37, 38, 39, 40, 43]",,,,,0.4666666666666667,1.6,24,0.8236331304829559,0.5003559839667094
C,2,24,3.0,"[1, 2, 3, 6, 11, 12, 15, 19, 20, 21, 22, 23, 24, 25, 28, 29, 31, 32, 35, 36, 38, 42, 43, 44]",,,,,0.4666666666666667,1.6,24,0.331429017005275,4.902680052622216e-13
C,2,24,3.0,"[0, 2, 5, 6, 8, 13, 14, 15, 16, 18, 22, 23, 24, 25, 26, 27, 28, 32, 33, 35, 37, 39, 42, 43]",,,,,0.4666666666666667,1.6,24,0.3607263382376328,4.858825684642121e-13
C,2,24,3.0,"[0, 1, 5, 11, 12, 13, 15, 16, 17, 21, 22, 23, 24, 25, 26, 28, 29, 32, 34, 35, 36, 38, 42, 44]",,,,,0.4666666666666667,1.6,24,0.38426201078461747,4.858825372957056e-13
G,-1,0,0.3563842986560964,,ample,rtu,,,1.0,0.3563842986560964,0,0.0,0.9995986406047956
G,-1,0,0.5815128844490104,,moderate,rtu,,,1.0,0.5815128844490104,0,0.0,0.9994841922989222
G,-1,7,0.8991689484400736,,severe,"rtu,segment",,,0.8444444444444444,0.8991689484400736,7,0.4408276225290204,0.48090296313677644
G,-1,0,0.2908896653109519,,ample,jitter,,,1.0,0.2908896653109519,0,0.0,0.9994968656282425
G,-1,0,0.6548937489551498,,moderate,rtu,,,1.0,0.6548937489551498,0,0.0,0.9970069317503475
G,-1,4,0.7425681228908758,,severe,rtu,,,0.9111111111111111,0.7425681228908758,4,0.19268182297770006,0.9953873675796012
G,-1,0,0.38732869083895394,,ample,rtu,,,1.0,0.38732869083895394,0,0.0,0.9993466748477587
G,-1,0,0.3465989884390172,,moderate,rtu,,,1.0,0.3465989884390172,0,0.0,0.9990975931782778
G,-1,4,0.6036476830217001,,severe,rtu,,,0.9111111111111111,0.6036476830217001,4,0.0151200259581913,0.9827491377884944
G,-1,0,0.27890306891171535,,ample,jitter,,,1.0,0.27890306891171535,0,0.0,0.9996042624528207
G,-1,0,0.4845847122037712,,moderate,rtu,,,1.0,0.4845847122037712,0,0.0,0.998026666041637
G,-1,6,0.8958656588985464,,severe,rtu,,,0.8666666666666667,0.8958656588985464,6,0.03943897817109411,0.9924590808841631
G,-1,0,0.4393684707332065,,ample,rtu,,,1.0,0.4393684707332065,0,0.0,0.9841836864616531
G,-1,0,0.365517606352893,,moderate,rtu,,,1.0,0.365517606352893,0,0.0,0.9995027440873226
G,-1,14,1.3850726778604614,,severe,"rtu,segment",,,0.6888888888888889,1.3850726778604614,14,0.22761284865546882,0.939829645042717
G,-1,0,0.2660815358498648,,ample,jitter,,,1.0,0.2660815358498648,0,0.0,0.9994581502188474
G,-1,0,0.5693320563073401,,moderate,rtu,,,1.0,0.5693320563073401,0,0.0,0.9957825131162733
G,-1,22,1.5266281749318047,,severe,"rtu,segment",,,0.5111111111111111,1.5266281749318047,22,0.5679402177760483,4.858825582175525e-13
G,-1,0,0.3082620119079879,,ample,jitter,,,1.0,0.3082620119079879,0,0.0,0.999511099410051
G,-1,0,0.44019441238863466,,moderate,rtu,,,1.0,0.44019441238863466,0,0.0,0.9967285423845671
G,-1,7,0.8341073554160848,,severe,rtu,,,0.8444444444444444,0.8341073554160848,7,0.003907023997745759,0.9973166075667386
G,-1,0,0.32367717722779216,,ample,jitter,,,1.0,0.32367717722779216,0,0.0,0.9995622431131628
G,-1,1,0.5121721478659234,,moderate,"rtu,segment",,,0.9777777777777777,0.5121721478659234,1,0.02941034039185325,0.9969604399561713
G,-1,5,0.5764679406407323,,severe,rtu,,,0.8888888888888888,0.5764679406407323,5,0.07683193810821533,0.9564704292490998
G,-1,0,0.2829052028112797,,ample,jitter,,,1.0,0.2829052028112797,0,0.0,0.9995579468749827
G,-1,0,0.59859745871734,,moderate,rtu,,,1.0,0.59859745871734,0,0.0,0.9992202864823135
G,-1,13,1.3085843745245864,,severe,"rtu,segment",,,0.7111111111111111,1.3085843745245864,13,0.4270812614973437,0.5564955449255484
G,-1,0,0.3682435319719847,,ample,rtu,,,1.0,0.3682435319719847,0,0.0,0.9994629676268901
G,-1,0,0.595742896944639,,moderate,rtu,,,1.0,0.595742896944639,0,0.0,0.9990049825242375
G,-1,7,1.4085310969325535,,severe,"rtu,segment",,,0.8444444444444444,1.4085310969325535,7,0.2849709925451991,4.90268031640852e-13
G,-1,0,0.32218784738996137,,ample,jitter,,,1.0,0.32218784738996137,0,0.0,0.9997035470144509
G,-1,0,0.5619648333070415,,moderate,rtu,,,1.0,0.5619648333070415,0,0.0,0.995364752578961
G,-1,10,1.1729082129736368,,severe,rtu,,,0.7777777777777778,1.1729082129736368,10,0.03093071985014228,0.9963539543300034
G,-1,0,0.339488913470039,,ample,rtu,,,1.0,0.339488913470039,0,0.0,0.9995633825725178
G,-1,0,0.6981092681905302,,moderate,rtu,,,1.0,0.6981092681905302,0,0.0,0.9994927740888131
G,-1,13,1.3815814179856696,,severe,"rtu,segment",,,0.7111111111111111,1.3815814179856696,13,0.39402682155030605,0.5635558133235676
G,-1,0,0.3690107476001001,,ample,rtu,,,1.0,0.3690107476001001,0,0.0,0.9997395563182201
G,-1,0,0.6767487494286025,,moderate,rtu,,,1.0,0.6767487494286025,0,0.0,0.997631570180646
G,-1,4,0.9540387052921343,,severe,rtu,,,0.9111111111111111,0.9540387052921343,4,0.036500131052695346,0.9985143608580482
G,-1,0,0.39822611025052423,,ample,rtu,,,1.0,0.39822611025052423,0,0.0,0.9994582718313296
G,-1,0,0.30421571340381254,,moderate,rtu,,,1.0,0.30421571340381254,0,0.0,0.9995596898350749
G,-1,27,3.5285234259407456,,severe,"rtu,segment",,,0.4,3.5285234259407456,27,0.5779264195610558,4.85882546900943e-13
G,-1,0,0.2813724295637122,,ample,jitter,,,1.0,0.2813724295637122,0,0.0,0.9995417676544615
G,-1,0,0.3781807786512108,,moderate,rtu,,,1.0,0.3781807786512108,0,0.0,0.9993960679570197
G,-1,18,1.7456920101583118,,severe,"rtu,segment",,,0.6,1.7456920101583118,18,0.2352425325567098,0.8747614281636337
G,-1,0,0.27137539616018713,,ample,jitter,,,1.0,0.27137539616018713,0,0.0,0.9996273244300337
G,-1,3,0.5465870447153551,,moderate,"rtu,segment",,,0.9333333333333333,0.5465870447153551,3,0.002888966913767482,0.9992950096080201
G,-1,30,4.965312636192572,,severe,"rtu,segment",,,0.3333333333333333,4.965312636192572,30,0.9579304890581575,4.858825538446595e-13
G,-1,0,0.28326342136166405,,ample,rtu,,,1.0,0.28326342136166405,0,0.0,0.9992993332351734
G,-1,0,0.312364626882397,,moderate,jitter,,,1.0,0.312364626882397,0,0.0,0.9995679677959689
G,-1,11,0.8785322284756243,,severe,rtu,,,0.7555555555555555,0.8785322284756243,11,0.2578577671404613,0.7174175881012412
G,-1,0,0.38971295874040535,,ample,rtu,,,1.0,0.38971295874040535,0,0.0,0.9994748426719285
G,-1,2,0.900759841550908,,moderate,"rtu,segment",,,0.9555555555555556,0.900759841550908,2,0.3804538395,0.5637598852110517
G,-1,24,5.299651793303298,,severe,"rtu,segment",,,0.4666666666666667,5.299651793303298,24,0.6043209624672837,4.85882532273149e-13
G,-1,0,0.29867744952790093,,ample,jitter,,,1.0,0.29867744952790093,0,0.0,0.9995559004718748
G,-1,0,0.4512242252344573,,moderate,rtu,,,1.0,0.4512242252344573,0,0.0,0.9978819714524788
G,-1,5,0.8825820199077206,,severe,rtu,,,0.8888888888888888,0.8825820199077206,5,0.16751000981707542,0.9818776346611622
G,-1,0,0.3936375617923677,,ample,rtu,,,1.0,0.3936375617923677,0,0.0,0.9930735930771503
G,-1,0,0.6680164986866155,,moderate,rtu,,,1.0,0.6680164986866155,0,0.0,0.9937993453911529
G,-1,7,1.0202254616018196,,severe,"rtu,segment",,,0.8444444444444444,1.0202254616018196,7,0.4405269142705539,0.4716418249748374
G,-1,0,0.43042045869840184,,ample,rtu,,,1.0,0.43042045869840184,0,0.0,0.9994859714077109
G,-1,0,0.6232118213238194,,moderate,rtu,,,1.0,0.6232118213238194,0,0.0,0.9956395875864498
G,-1,30,3.2623224233085755,,severe,"rtu,segment",,,0.3333333333333333,3.2623224233085755,30,0.9859732082525031,4.858825647980325e-13
G,-1,0,0.35132332264062144,,ample,rtu,,,1.0,0.35132332264062144,0,0.0,0.9725474836027515
G,-1,0,0.7728554016952772,,moderate,rtu,,,1.0,0.7728554016952772,0,0.0,0.9996057087171853
G,-1,6,0.9761197904693014,,severe,rtu,,,0.8666666666666667,0.9761197904693014,6,0.020521850152467103,0.879603952681265
G,-1,0,0.29850353975607397,,ample,jitter,,,1.0,0.29850353975607397,0,0.0,0.999497818832058
G,-1,0,0.3872755362193729,,moderate,rtu,,,1.0,0.3872755362193729,0,0.0,0.9989887236878014
G,-1,15,1.2577071766863135,,severe,"rtu,segment",,,0.6666666666666666,1.2577071766863135,15,0.21334639179878362,0.9830050510284606
G,-1,0,0.36714542528314353,,ample,rtu,,,1.0,0.36714542528314353,0,0.0,0.9990619606908598
G,-1,0,0.5633273382537871,,moderate,rtu,,,1.0,0.5633273382537871,0,0.0,0.9964484251590585
G,-1,6,0.9151272292974921,,severe,rtu,,,0.8666666666666667,0.9151272292974921,6,0.17031527198493665,0.9883469308786836
G,-1,0,0.34636358762136915,,ample,rtu,,,1.0,0.34636358762136915,0,0.0,0.999492310018487
G,-1,0,0.352957737465164,,moderate,rtu,,,1.0,0.352957737465164,0,0.0,0.9982498126849226
G,-1,8,1.6805122827353247,,severe,"rtu,segment",,,0.8222222222222222,1.6805122827353247,8,0.46986809630269294,0.5547275096216953
G,-1,0,0.4661028719972324,,ample,rtu,,,1.0,0.4661028719972324,0,0.0,0.9994903196619408
G,-1,0,0.6756458676628887,,moderate,rtu,,,1.0,0.6756458676628887,0,0.0,0.9945939380157395
G,-1,25,1.8252695656953546,,severe,"rtu,segment",,,0.4444444444444444,1.8252695656953546,25,0.5760898394348575,4.858825709649763e-13
G,-1,0,0.3315263573698911,,ample,rtu,,,1.0,0.3315263573698911,0,0.0,0.9979303061063085
G,-1,7,0.8031035355256847,,moderate,"rtu,segment",,,0.8444444444444444,0.8031035355256847,7,0.007123160497464497,0.9978084119417566
G,-1,7,0.9536145469595976,,severe,rtu,,,0.8444444444444444,0.9536145469595976,7,0.19076926393189433,0.7750284301460277
G,-1,0,0.3804310208896945,,ample,rtu,,,1.0,0.3804310208896945,0,0.0,0.9989502537192062
G,-1,0,0.5295704817457947,,moderate,rtu,,,1.0,0.5295704817457947,0,0.0,0.9970382165856239
G,-1,7,0.7756558569062048,,severe,rtu,,,0.8444444444444444,0.7756558569062048,7,0.06611025111604654,0.9955283965218422
G,-1,0,0.34665999127757857,,ample,jitter,,,1.0,0.34665999127757857,0,0.0,0.999622022598464
G,-1,0,0.5873132117468214,,moderate,rtu,,,1.0,0.5873132117468214,0,0.0,0.9990987611028131
G,-1,7,1.1035471953729397,,severe,rtu,,,0.8444444444444444,1.1035471953729397,7,0.0055245296496178676,0.9937944252780104
G,-1,0,0.3451589965594307,,ample,jitter,,,1.0,0.3451589965594307,0,0.0,0.9995058164102097
G,-1,0,0.36752480517601255,,moderate,rtu,,,1.0,0.36752480517601255,0,0.0,0.9995299630851555
G,-1,4,0.5907535060523798,,severe,rtu,,,0.9111111111111111,0.5907535060523798,4,0.3830032049850895,0.5641754856030677
G,-1,0,0.3042782496107437,,ample,jitter,,,1.0,0.3042782496107437,0,0.0,0.9994891794073387
G,-1,22,5.0881790151182,,moderate,"rtu,segment",,,0.5111111111111111,5.0881790151182,22,0.5679402177760483,4.858825312601259e-13
G,-1,3,0.7421195698830287,,severe,rtu,,,0.9333333333333333,0.7421195698830287,3,0.0025202125668993495,0.9957248003095045
G,-1,0,0.33404548434624726,,ample,jitter,,,1.0,0.33404548434624726,0,0.0,0.9997678600308044
G,-1,0,0.44384258792802417,,moderate,rtu,,,1.0,0.44384258792802417,0,0.0,0.999527879386289
G,-1,8,1.5513887945072364,,severe,"rtu,segment",,,0.8222222222222222,1.5513887945072364,8,0.012405616313811528,0.9890628115274447
G,-1,0,0.26384662086981464,,ample,jitter,,,1.0,0.26384662086981464,0,0.0,0.9994062772009713
G,-1,22,1.575291003412603,,moderate,"rtu,segment",,,0.5111111111111111,1.575291003412603,22,0.5679402177760483,4.858825169343139e-13
G,-1,10,1.0287653629660272,,severe,rtu,,,0.7777777777777778,1.0287653629660272,10,0.014479179262239843,0.9828078508286523
G,-1,0,0.31347636250305116,,ample,jitter,,,1.0,0.31347636250305116,0,0.0,0.9997561923176769
G,-1,0,0.4960146124290739,,moderate,rtu,,,1.0,0.4960146124290739,0,0.0,0.9977330896903613
G,-1,0,0.8134161254600536,,severe,rtu,,,1.0,0.8134161254600536,0,0.0,0.9964876882050792
G,-1,0,0.3108154499581623,,ample,jitter,,,1.0,0.3108154499581623,0,0.0,0.9996172042394534
G,-1,2,0.4554047169631496,,moderate,segment,,,0.9555555555555556,0.4554047169631496,2,0.3804538395,0.5650668470837397
G,-1,12,0.848721556873297,,severe,rtu,,,0.7333333333333333,0.848721556873297,12,0.23978406128611574,0.9860357993393745
G,-1,0,0.353653102138212,,ample,rtu,,,1.0,0.353653102138212,0,0.0,0.9992830620053788
G,-1,7,1.3677342375067698,,moderate,"rtu,segment",,,0.8444444444444444,1.3677342375067698,7,0.007123160497464497,0.9987863695490901
G,-1,6,0.6814800564781035,,severe,rtu,,,0.8666666666666667,0.6814800564781035,6,0.029443713917761898,0.9987125717208605
G,-1,0,0.45047433025055333,,ample,rtu,,,1.0,0.45047433025055333,0,0.0,0.9994987215381884
G,-1,0,0.6170906586065905,,moderate,rtu,,,1.0,0.6170906586065905,0,0.0,0.999083802247054
G,-1,12,1.2277891997457702,,severe,rtu,,,0.7333333333333333,1.2277891997457702,12,0.06789857688380474,0.9951444912914451
G,-1,0,0.3045158735989571,,ample,jitter,,,1.0,0.3045158735989571,0,0.0,0.9995719674275211
G,-1,0,0.596929334017406,,moderate,rtu,,,1.0,0.596929334017406,0,0.0,0.9994399354105264
G,-1,12,1.24212696619013,,severe,rtu,,,0.7333333333333333,1.24212696619013,12,0.20820253976334852,0.9856189227691768
G,-1,0,0.2711426870696495,,ample,jitter,,,1.0,0.2711426870696495,0,0.0,0.9997555416981438
G,-1,0,0.8049555543461884,,moderate,rtu,,,1.0,0.8049555543461884,0,0.0,0.990879949719305
G,-1,19,2.1630099369658615,,severe,"rtu,segment",,,0.5777777777777777,2.1630099369658615,19,0.06003531567377142,0.9953580029634423
G,-1,0,0.30569842334995756,,ample,jitter,,,1.0,0.30569842334995756,0,0.0,0.9994205496459736
G,-1,0,0.39554736466437834,,moderate,rtu,,,1.0,0.39554736466437834,0,0.0,0.9994173340556725
G,-1,9,1.0903534988952952,,severe,rtu,,,0.8,1.0903534988952952,9,0.036265012771389785,0.9773898614930494
G,-1,0,0.23399360587985724,,ample,jitter,,,1.0,0.23399360587985724,0,0.0,0.9995321731894183
G,-1,0,0.45330282801926686,,moderate,rtu,,,1.0,0.45330282801926686,0,0.0,0.9986788116910925
G,-1,7,0.7471294816681058,,severe,rtu,,,0.8444444444444444,0.7471294816681058,7,0.04845305088817245,0.9958460669881972
G,-1,0,0.31843214247056506,,ample,jitter,,,1.0,0.31843214247056506,0,0.0,0.9997022177552153
G,-1,0,0.9429251587662535,,moderate,rtu,,,1.0,0.9429251587662535,0,0.0,0.997928319023122
G,-1,1,0.7591605146473943,,severe,rtu,,,0.9777777777777777,0.7591605146473943,1,0.0322775808422322,0.9596834704980223
G,-1,0,0.4080845958375236,,ample,rtu,,,1.0,0.4080845958375236,0,0.0,0.9991968932107806
G,-1,0,0.3451379847498231,,moderate,jitter,,,1.0,0.3451379847498231,0,0.0,0.9994277343912346
G,-1,4,0.9433220150026346,,severe,rtu,,,0.9111111111111111,0.9433220150026346,4,0.03450663582134047,0.983982547455215
G,-1,0,0.4624180346164865,,ample,rtu,,,1.0,0.4624180346164865,0,0.0,0.9953615483025521
G,-1,0,0.6219167141639729,,moderate,rtu,,,1.0,0.6219167141639729,0,0.0,0.9971512215760651
G,-1,12,2.0155031135586037,,severe,"rtu,segment",,,0.7333333333333333,2.0155031135586037,12,0.05979761334830027,0.9968174687077962
G,-1,0,0.2670003073980113,,ample,jitter,,,1.0,0.2670003073980113,0,0.0,0.9995509175688851
G,-1,0,0.5905268744411932,,moderate,rtu,,,1.0,0.5905268744411932,0,0.0,0.9994234853531894
G,-1,14,1.0044917879585937,,severe,rtu,,,0.6888888888888889,1.0044917879585937,14,0.04181347646026971,0.9960411527581472
G,-1,0,0.2875835358564116,,ample,rtu,,,1.0,0.2875835358564116,0,0.0,0.9994506180324914
G,-1,0,0.2709023220437521,,moderate,rtu,,,1.0,0.2709023220437521,0,0.0,0.9993726882182987
G,-1,5,1.1011312101250597,,severe,"rtu,segment",,,0.8888888888888888,1.1011312101250597,5,0.21879780221540998,0.7756048546479035
G,-1,0,0.2981441163761806,,ample,jitter,,,1.0,0.2981441163761806,0,0.0,0.9996516538055333
G,-1,0,0.297200046797656,,moderate,jitter,,,1.0,0.297200046797656,0,0.0,0.9996129373705281
G,-1,9,0.8287891994075393,,severe,rtu,,,0.8,0.8287891994075393,9,0.20354006104148914,0.9895114513840537
G,-1,0,0.31861913813665116,,ample,jitter,,,1.0,0.31861913813665116,0,0.0,0.9994761621917825
G,-1,0,0.491567761009965,,moderate,rtu,,,1.0,0.491567761009965,0,0.0,0.9990461916608004
G,-1,4,0.8040111050874911,,severe,rtu,,,0.9111111111111111,0.8040111050874911,4,0.053244643265468315,0.996347557372798
G,-1,0,0.27717427417719065,,ample,jitter,,,1.0,0.27717427417719065,0,0.0,0.9996081952990764
G,-1,0,0.3258926204776424,,moderate,rtu,,,1.0,0.3258926204776424,0,0.0,0.9997114618437842
G,-1,10,0.5532977097699535,,severe,rtu,,,0.7777777777777778,0.5532977097699535,10,0.045571289144815,0.9955620425971129
G,-1,0,0.307771002842804,,ample,jitter,,,1.0,0.307771002842804,0,0.0,0.999497439032657
G,-1,0,0.5722887143606671,,moderate,rtu,,,1.0,0.5722887143606671,0,0.0,0.9986440103479042
G,-1,7,1.1237913221958837,,severe,rtu,,,0.8444444444444444,1.1237913221958837,7,0.232995792183002,0.9921619189059958
G,-1,0,0.24477584118365645,,ample,jitter,,,1.0,0.24477584118365645,0,0.0,0.9995441079884396
G,-1,0,0.3922375907671165,,moderate,rtu,,,1.0,0.3922375907671165,0,0.0,0.9989890692005883
G,-1,6,0.9623529299101051,,severe,rtu,,,0.8666666666666667,0.9623529299101051,6,0.03659648370525127,0.987586664243649
G,-1,0,0.2600751765982819,,ample,jitter,,,1.0,0.2600751765982819,0,0.0,0.999766686570517
G,-1,0,0.7091286072050886,,moderate,rtu,,,1.0,0.7091286072050886,0,0.0,0.9979717665383449
G,-1,9,1.2515316987794347,,severe,"rtu,segment",,,0.8,1.2515316987794347,9,0.005832543558176913,0.97683940664202
G,-1,0,0.35571995111914134,,ample,rtu,,,1.0,0.35571995111914134,0,0.0,0.9987141530798328
G,-1,0,0.6267847173543745,,moderate,rtu,,,1.0,0.6267847173543745,0,0.0,0.99881554268273
G,-1,6,0.7111192606085822,,severe,"rtu,segment",,,0.8666666666666667,0.7111192606085822,6,0.037786396601915365,0.9982865739210045
G,-1,0,0.23445456793228353,,ample,jitter,,,1.0,0.23445456793228353,0,0.0,0.9994369656063166
G,-1,0,0.3575407058283446,,moderate,rtu,,,1.0,0.3575407058283446,0,0.0,0.9994068070617732
G,-1,12,1.4533001516391209,,severe,rtu,,,0.7333333333333333,1.4533001516391209,12,0.164618207798586,4.902680086358197e-13
G,-1,0,0.33054436071952775,,ample,jitter,,,1.0,0.33054436071952775,0,0.0,0.9996651947892118
G,-1,10,1.843492523425751,,moderate,"rtu,segment",,,0.7777777777777778,1.843492523425751,10,0.012183474920866338,0.9985337029929126
G,-1,2,1.1046416071489875,,severe,rtu,,,0.9555555555555556,1.1046416071489875,2,0.3804538395,0.5628329820250748
G,-1,0,0.32224772725348994,,ample,jitter,,,1.0,0.32224772725348994,0,0.0,0.9995311279739418
G,-1,0,0.48670221364331134,,moderate,rtu,,,1.0,0.48670221364331134,0,0.0,0.9992646878102932
G,-1,3,0.7618959840368177,,severe,rtu,,,0.9333333333333333,0.7618959840368177,3,0.08689404423579358,0.99344654264402
G,-1,22,2.3528757467308687,,ample,segment,,,0.5111111111111111,2.3528757467308687,22,0.5679402177760483,4.858825306246293e-13
G,-1,0,0.33688450756650606,,moderate,rtu,,,1.0,0.33688450756650606,0,0.0,0.9993271963213799
G,-1,25,2.709886579323905,,severe,"rtu,segment",,,0.4444444444444444,2.709886579323905,25,0.597369747093694,4.85882532589101e-13
G,-1,0,0.29444221212643945,,ample,rtu,,,1.0,0.29444221212643945,0,0.0,0.9995242216797333
G,-1,0,0.4328614683732944,,moderate,rtu,,,1.0,0.4328614683732944,0,0.0,0.9944872026641243
G,-1,9,1.1136141770123786,,severe,"rtu,segment",,,0.8,1.1136141770123786,9,0.42961730099329803,0.48336620168685707
G,-1,0,0.5545267907641053,,ample,rtu,,,1.0,0.5545267907641053,0,0.0,0.9986948580394559
G,-1,0,0.59546632797646,,moderate,rtu,,,1.0,0.59546632797646,0,0.0,0.9918043205178604
G,-1,6,0.978979758620007,,severe,"rtu,segment",,,0.8666666666666667,0.978979758620007,6,0.1011127184943495,4.859307928611937e-13
G,-1,0,0.44020165664453187,,ample,rtu,,,1.0,0.44020165664453187,0,0.0,0.9995120980533115
G,-1,0,0.6577241616130548,,moderate,rtu,,,1.0,0.6577241616130548,0,0.0,0.9969298191855789
G,-1,6,0.5635063576377205,,severe,rtu,,,0.8666666666666667,0.5635063576377205,6,0.024757219289127726,0.9980353870502838
G,-1,0,0.28374582027057094,,ample,jitter,,,1.0,0.28374582027057094,0,0.0,0.9995455630061979
G,-1,0,0.48192728573127996,,moderate,rtu,,,1.0,0.48192728573127996,0,0.0,0.9994125250941639
G,-1,23,4.46543034192018,,severe,"rtu,segment",,,0.4888888888888889,4.46543034192018,23,0.5749106220754304,4.858825405773502e-13
G,-1,0,0.3346537602529194,,ample,jitter,,,1.0,0.3346537602529194,0,0.0,0.9997175049488147
G,-1,0,0.34453378506540056,,moderate,rtu,,,1.0,0.34453378506540056,0,0.0,0.9973313158316818
G,-1,8,2.127668573930575,,severe,"rtu,segment",,,0.8222222222222222,2.127668573930575,8,0.008282595474826532,0.9836642879684835
G,-1,0,0.3153381195548386,,ample,jitter,,,1.0,0.3153381195548386,0,0.0,0.9994761126740572
G,-1,0,0.5930978511259285,,moderate,rtu,,,1.0,0.5930978511259285,0,0.0,0.9995490347298115
G,-1,4,0.6888637925493142,,severe,rtu,,,0.9111111111111111,0.6888637925493142,4,0.0026470431387573307,0.9969964797978917
G,-1,0,0.27319779961611135,,ample,jitter,,,1.0,0.27319779961611135,0,0.0,0.9995387024479246
G,-1,0,0.3092979401237846,,moderate,jitter,,,1.0,0.3092979401237846,0,0.0,0.9995409517803827
G,-1,24,2.107361870027768,,severe,"rtu,segment",,,0.4666666666666667,2.107361870027768,24,0.5679594067018406,4.858825399295852e-13
G,-1,0,0.29881094520488233,,ample,jitter,,,1.0,0.29881094520488233,0,0.0,0.9994862775527213
G,-1,0,0.38762373415244716,,moderate,rtu,,,1.0,0.38762373415244716,0,0.0,0.9950020094698191
G,-1,22,1.6685282075900207,,severe,"rtu,segment",,,0.5111111111111111,1.6685282075900207,22,0.43048554271081596,0.716913768406349
G,-1,0,0.4130818345741125,,ample,rtu,,,1.0,0.4130818345741125,0,0.0,0.9983058768779812
G,-1,0,0.6623232036353125,,moderate,rtu,,,1.0,0.6623232036353125,0,0.0,0.9957024421008218
G,-1,1,0.6674331575584812,,severe,rtu,,,0.9777777777777777,0.6674331575584812,1,0.18936826920847818,0.7834709654908643
G,-1,0,0.3023913974563169,,ample,jitter,,,1.0,0.3023913974563169,0,0.0,0.9995307971522154
G,-1,0,0.666996939667355,,moderate,rtu,,,1.0,0.666996939667355,0,0.0,0.999104088067843
G,-1,9,1.064267694385919,,severe,rtu,,,0.8,1.064267694385919,9,0.21719667075396193,0.9559826949104882
G,-1,0,0.3246428375181018,,ample,jitter,,,1.0,0.3246428375181018,0,0.0,0.9994323748278914
G,-1,0,0.6796930895356758,,moderate,rtu,,,1.0,0.6796930895356758,0,0.0,0.997813333063434
G,-1,3,0.8923398716387051,,severe,rtu,,,0.9333333333333333,0.8923398716387051,3,0.036555019272288894,0.983193807330208
G,-1,0,0.5705111546617098,,ample,rtu,,,1.0,0.5705111546617098,0,0.0,0.9981605285379785
G,-1,0,0.48938482620017254,,moderate,rtu,,,1.0,0.48938482620017254,0,0.0,0.9995035302656098
G,-1,9,1.2225107813299871,,severe,rtu,,,0.8,1.2225107813299871,9,0.03396791832491803,0.9254026764481974
G,-1,0,0.33712010126661784,,ample,rtu,,,1.0,0.33712010126661784,0,0.0,0.9995721227143525
G,-1,0,0.4845042223955665,,moderate,rtu,,,1.0,0.4845042223955665,0,0.0,0.9944803006166301
G,-1,5,1.003122083302849,,severe,"rtu,segment",,,0.8888888888888888,1.003122083302849,5,0.06286274744161416,0.9956720076535931
G,-1,0,0.4310390213918159,,ample,rtu,,,1.0,0.4310390213918159,0,0.0,0.9900862445773371
G,-1,0,0.7995819089625285,,moderate,rtu,,,1.0,0.7995819089625285,0,0.0,0.9283719938494684
G,-1,27,5.155530732133165,,severe,"rtu,segment",,,0.4,5.155530732133165,27,0.5705798167044075,4.858825317975287e-13
G,-1,0,0.3801618004211243,,ample,rtu,,,1.0,0.3801618004211243,0,0.0,0.9900726730698074
G,-1,0,0.5437739102024551,,moderate,rtu,,,1.0,0.5437739102024551,0,0.0,0.9955193810461604
G,-1,4,0.8081294243794767,,severe,rtu,,,0.9111111111111111,0.8081294243794767,4,0.06142922081239011,0.9885861685918779
G,-1,0,0.3383625497532169,,ample,rtu,,,1.0,0.3383625497532169,0,0.0,0.9994951885703368
G,-1,7,1.9942201832273658,,moderate,"rtu,segment",,,0.8444444444444444,1.9942201832273658,7,0.007123160497464497,0.9992556802190601
G,-1,3,0.6462584477887315,,severe,rtu,,,0.9333333333333333,0.6462584477887315,3,0.1684189047903017,0.9945532247449019
G,-1,0,0.2994781505659065,,ample,jitter,,,1.0,0.2994781505659065,0,0.0,0.9995123359176777
G,-1,0,0.45851966095762137,,moderate,rtu,,,1.0,0.45851966095762137,0,0.0,0.9991909713209463
G,-1,7,1.2872873819460842,,severe,rtu,,,0.8444444444444444,1.2872873819460842,7,0.0875768566985491,0.9823941690666613
G,-1,0,0.3483713013605156,,ample,rtu,,,1.0,0.3483713013605156,0,0.0,0.9985273986359201
G,-1,2,0.8871105086168214,,moderate,"rtu,segment",,,0.9555555555555556,0.8871105086168214,2,0.3804538395,0.564871048741924
G,-1,1,0.9346964702689716,,severe,rtu,,,0.9777777777777777,0.9346964702689716,1,0.02666626492999016,0.9562707400385381
G,-1,0,0.43370681740718137,,ample,rtu,,,1.0,0.43370681740718137,0,0.0,0.9957329573107795
G,-1,0,0.28443225648825354,,moderate,jitter,,,1.0,0.28443225648825354,0,0.0,0.9997046652756123
G,-1,12,0.6105585364825972,,severe,rtu,,,0.7333333333333333,0.6105585364825972,12,0.42038820177782116,0.48175804180171966
G,-1,0,0.3130764397851405,,ample,jitter,,,1.0,0.3130764397851405,0,0.0,0.9993621319814514
G,-1,0,0.7856404041125816,,moderate,rtu,,,1.0,0.7856404041125816,0,0.0,0.9990775010449998
G,-1,7,1.1670591602821934,,severe,rtu,,,0.8444444444444444,1.1670591602821934,7,0.38310088394630387,0.5605477234913199
G,-1,0,0.24285066951024264,,ample,jitter,,,1.0,0.24285066951024264,0,0.0,0.9996006789955508
G,-1,3,0.9111629861436582,,moderate,"rtu,segment",,,0.9333333333333333,0.9111629861436582,3,0.002888966913767482,0.9969659210479469
G,-1,24,2.3967362468720155,,severe,"rtu,segment",,,0.4666666666666667,2.3967362468720155,24,0.5680596041375082,4.85882547400759e-13
G,-1,0,0.2841173691036028,,ample,jitter,,,1.0,0.2841173691036028,0,0.0,0.9994279802972138
G,-1,0,0.6750563201520919,,moderate,rtu,,,1.0,0.6750563201520919,0,0.0,0.9685796826270111
G,-1,14,2.0517675854026836,,severe,"rtu,segment",,,0.6888888888888889,2.0517675854026836,14,0.07343477634012685,0.9937234394059434
G,-1,0,0.3018516425798843,,ample,rtu,,,1.0,0.3018516425798843,0,0.0,0.9995275311058749
G,-1,3,0.6047426086566882,,moderate,"rtu,segment",,,0.9333333333333333,0.6047426086566882,3,0.002888966913767482,0.9991052595878983
G,-1,5,0.7341491191594213,,severe,rtu,,,0.8888888888888888,0.7341491191594213,5,0.6039339124658579,0.5563540199663066
G,-1,0,0.28484228723961985,,ample,jitter,,,1.0,0.28484228723961985,0,0.0,0.9995804673752842
G,-1,0,0.35770559587676676,,moderate,rtu,,,1.0,0.35770559587676676,0,0.0,0.9983040182567076
G,-1,6,0.8867591257823536,,severe,rtu,,,0.8666666666666667,0.8867591257823536,6,0.05832929532172165,0.9943490290135396
G,-1,0,0.35027222764750887,,ample,jitter,,,1.0,0.35027222764750887,0,0.0,0.9996058794766254
G,-1,0,0.3291154777849715,,moderate,jitter,,,1.0,0.3291154777849715,0,0.0,0.9995196758103339
G,-1,12,1.6086376610938382,,severe,"rtu,segment",,,0.7333333333333333,1.6086376610938382,12,0.23165797746194233,0.7754278789905398
G,-1,0,0.2606933786815596,,ample,rtu,,,1.0,0.2606933786815596,0,0.0,0.9995087232064725
G,-1,0,0.40318233528902314,,moderate,rtu,,,1.0,0.40318233528902314,0,0.0,0.9995524280711833
G,-1,4,0.8790153772749302,,severe,"rtu,segment",,,0.9111111111111111,0.8790153772749302,4,0.06596035164917988,0.9952945017104722
G,-1,0,0.2881651326156044,,ample,jitter,,,1.0,0.2881651326156044,0,0.0,0.9994945452599456
G,-1,0,0.7524719282576664,,moderate,rtu,,,1.0,0.7524719282576664,0,0.0,0.9990943586097937
G,-1,4,0.9723224157433578,,severe,rtu,,,0.9111111111111111,0.9723224157433578,4,0.03481588658879931,0.9929690374125799
G,-1,0,0.2958586037435033,,ample,jitter,,,1.0,0.2958586037435033,0,0.0,0.9995556343159606
G,-1,0,0.42180901274727844,,moderate,rtu,,,1.0,0.42180901274727844,0,0.0,0.9992886476198034
G,-1,23,1.9488408693626045,,severe,"rtu,segment",,,0.4888888888888889,1.9488408693626045,23,0.5680670483479063,4.858825393021884e-13
G,-1,0,0.3152085557345678,,ample,jitter,,,1.0,0.3152085557345678,0,0.0,0.9995295704632804
G,-1,3,0.9181308459066944,,moderate,"rtu,segment",,,0.9333333333333333,0.9181308459066944,3,0.002888966913767482,0.9913309044816693
G,-1,9,1.2944570712424246,,severe,rtu,,,0.8,1.2944570712424246,9,0.0059074649073160715,0.9977301164864671
G,-1,0,0.46756480830073055,,ample,rtu,,,1.0,0.46756480830073055,0,0.0,0.9996950867385798
G,-1,22,3.5502633198912963,,moderate,"rtu,segment",,,0.5111111111111111,3.5502633198912963,22,0.5679402177760483,4.858825435417106e-13
G,-1,22,4.878877719728647,,severe,"rtu,segment",,,0.5111111111111111,4.878877719728647,22,0.5679402177760483,4.858825538804736e-13
G,-1,2,0.6392036963444296,,ample,"rtu,segment",,,0.9555555555555556,0.6392036963444296,2,0.3804538395,0.5644764418588377
G,-1,0,0.6684409996896538,,moderate,rtu,,,1.0,0.6684409996896538,0,0.0,0.9954313589461363
G,-1,1,0.8529181392156814,,severe,rtu,,,0.9777777777777777,0.8529181392156814,1,0.02941034039185325,0.9982623815974521
G,-1,0,0.39440545237458896,,ample,rtu,,,1.0,0.39440545237458896,0,0.0,0.9995372045150768
G,-1,0,0.6846322578909868,,moderate,rtu,,,1.0,0.6846322578909868,0,0.0,0.9847454342125155
G,-1,8,1.3308957186601866,,severe,rtu,,,0.8222222222222222,1.3308957186601866,8,0.21058454988391367,0.7579333171924117
G,-1,0,0.35162748556748497,,ample,jitter,,,1.0,0.35162748556748497,0,0.0,0.9994308456954162
G,-1,1,0.6122083130974196,,moderate,"rtu,segment",,,0.9777777777777777,0.6122083130974196,1,0.02941034039185325,0.9981622608291881
G,-1,10,0.8341516893235024,,severe,"rtu,segment",,,0.7777777777777778,0.8341516893235024,10,0.06874672935602275,0.9854260012525112
G,-1,0,0.3140781735094308,,ample,jitter,,,1.0,0.3140781735094308,0,0.0,0.9995539211722452
G,-1,0,0.31347792917701595,,moderate,rtu,,,1.0,0.31347792917701595,0,0.0,0.9994860773933593
G,-1,5,0.8066828923574407,,severe,rtu,,,0.8888888888888888,0.8066828923574407,5,0.05510378911065484,0.9365613849283642
G,-1,0,0.289874378913215,,ample,jitter,,,1.0,0.289874378913215,0,0.0,0.9993713179064998
G,-1,22,3.5337282695296603,,moderate,"rtu,segment",,,0.5111111111111111,3.5337282695296603,22,0.5679402177760483,4.858825512612229e-13
G,-1,9,0.8766966704175873,,severe,rtu,,,0.8,0.8766966704175873,9,0.2533734736392203,0.7809235754049261
G,-1,7,1.4266675841057923,,ample,"rtu,segment",,,0.8444444444444444,1.4266675841057923,7,0.007123160497464497,0.9991164050986301
G,-1,0,0.4588411807324997,,moderate,rtu,,,1.0,0.4588411807324997,0,0.0,0.9992944154666208
G,-1,4,1.0613663491587346,,severe,"rtu,segment",,,0.9111111111111111,1.0613663491587346,4,0.06596535966414215,0.9882498276909795
G,-1,0,0.24631677752284212,,ample,jitter,,,1.0,0.24631677752284212,0,0.0,0.9994450155653963
G,-1,0,0.6210043383696355,,moderate,rtu,,,1.0,0.6210043383696355,0,0.0,0.9978624716255288
G,-1,1,0.8154553543184632,,severe,rtu,,,0.9777777777777777,0.8154553543184632,1,0.03653583034649656,0.9833854843564199
G,-1,22,2.129886563756947,,ample,"rtu,segment",,,0.5111111111111111,2.129886563756947,22,0.5679402177760483,4.858825314056653e-13
G,-1,0,0.6075677489531797,,moderate,rtu,,,1.0,0.6075677489531797,0,0.0,0.9978836834470343
G,-1,14,2.237224561596037,,severe,"rtu,segment",,,0.6888888888888889,2.237224561596037,14,0.06883308408697125,0.9909882543316433
G,-1,0,0.41293516156252014,,ample,rtu,,,1.0,0.41293516156252014,0,0.0,0.9991403205232383
G,-1,0,0.5398832358560441,,moderate,rtu,,,1.0,0.5398832358560441,0,0.0,0.9947360384742617
G,-1,12,1.0152952235080939,,severe,rtu,,,0.7333333333333333,1.0152952235080939,12,0.23060403687621825,0.7814390862020085
G,-1,0,0.3496319977311065,,ample,rtu,,,1.0,0.3496319977311065,0,0.0,0.9995879493143188
G,-1,0,0.3194280172235109,,moderate,jitter,,,1.0,0.3194280172235109,0,0.0,0.9994260378098099
G,-1,4,0.9027882289690726,,severe,rtu,,,0.9111111111111111,0.9027882289690726,4,0.03787308393344811,0.9908860676364707
G,-1,0,0.2895120191615368,,ample,jitter,,,1.0,0.2895120191615368,0,0.0,0.9993183728048184
G,-1,0,0.5617054187514496,,moderate,rtu,,,1.0,0.5617054187514496,0,0.0,0.9991184773105546
G,-1,1,0.5081698758177755,,severe,rtu,,,0.9777777777777777,0.5081698758177755,1,0.03333301993314836,0.9963619373830854
G,-1,0,0.29703702501566276,,ample,jitter,,,1.0,0.29703702501566276,0,0.0,0.9996482380302979
G,-1,22,4.402446644753298,,moderate,"rtu,segment",,,0.5111111111111111,4.402446644753298,22,0.5679402177760483,4.858825393654826e-13
G,-1,5,0.712622647248588,,severe,"rtu,segment",,,0.8888888888888888,0.712622647248588,5,0.06526357289190096,0.9953672073980692
G,-1,0,0.3373555532519526,,ample,jitter,,,1.0,0.3373555532519526,0,0.0,0.9996240518047432
G,-1,0,0.6258858773788105,,moderate,rtu,,,1.0,0.6258858773788105,0,0.0,0.9994469159906595
G,-1,7,0.9139954458792816,,severe,rtu,,,0.8444444444444444,0.9139954458792816,7,0.43654462648782605,0.5623641591980436
G,-1,0,0.27643665932880174,,ample,jitter,,,1.0,0.27643665932880174,0,0.0,0.9995519956464898
G,-1,0,0.6970903968490982,,moderate,rtu,,,1.0,0.6970903968490982,0,0.0,0.9988200791353026
G,-1,11,0.6027548401036209,,severe,rtu,,,0.7555555555555555,0.6027548401036209,11,0.22058817428705105,0.7188066719378473
G,-1,0,0.24954321126264034,,ample,jitter,,,1.0,0.24954321126264034,0,0.0,0.9995411987769859
G,-1,0,0.3161327524631777,,moderate,jitter,,,1.0,0.3161327524631777,0,0.0,0.9995529927898952
G,-1,9,1.1821253079094622,,severe,"rtu,segment",,,0.8,1.1821253079094622,9,0.6790231807814605,4.90268036407633e-13
G,-1,0,0.3452806183196141,,ample,rtu,,,1.0,0.3452806183196141,0,0.0,0.9993801328690989
G,-1,0,0.4630555691517452,,moderate,rtu,,,1.0,0.4630555691517452,0,0.0,0.9992609734798545
G,-1,8,1.1781462194875039,,severe,rtu,,,0.8222222222222222,1.1781462194875039,8,0.09836233055712053,4.859307877655506e-13
G,-1,0,0.40281236831918243,,ample,rtu,,,1.0,0.40281236831918243,0,0.0,0.9995240841153886
G,-1,0,0.5047793537305074,,moderate,rtu,,,1.0,0.5047793537305074,0,0.0,0.9996359840197673
G,-1,13,1.5547614620690335,,severe,"rtu,segment",,,0.7111111111111111,1.5547614620690335,13,0.07044830374710574,0.9869641299400004
G,-1,0,0.3051612221806269,,ample,jitter,,,1.0,0.3051612221806269,0,0.0,0.9995179564754082
G,-1,0,0.5004996639939523,,moderate,rtu,,,1.0,0.5004996639939523,0,0.0,0.9996237380588466
G,-1,17,1.7236673101847455,,severe,"rtu,segment",,,0.6222222222222222,1.7236673101847455,17,0.5959931008133696,0.4778778558910023
G,-1,0,0.3723132232727012,,ample,rtu,,,1.0,0.3723132232727012,0,0.0,0.9996572723924457
G,-1,0,0.5514674462439083,,moderate,rtu,,,1.0,0.5514674462439083,0,0.0,0.9994254684923976
G,-1,5,0.5768293035674521,,severe,rtu,,,0.8888888888888888,0.5768293035674521,5,0.02186844552362779,0.9549747813091861
G,-1,0,0.29405197457463855,,ample,jitter,,,1.0,0.29405197457463855,0,0.0,0.9995571102593207
G,-1,0,0.32610227992876356,,moderate,rtu,,,1.0,0.32610227992876356,0,0.0,0.9996093395806103
G,-1,8,1.1070960814736657,,severe,rtu,,,0.8222222222222222,1.1070960814736657,8,0.034040242636383757,0.9974641542983761
G,-1,0,0.3164587770185685,,ample,rtu,,,1.0,0.3164587770185685,0,0.0,0.9995190800616002
G,-1,0,0.8547810656839709,,moderate,rtu,,,1.0,0.8547810656839709,0,0.0,0.9982650781214124
G,-1,9,1.0146561239885465,,severe,rtu,,,0.8,1.0146561239885465,9,0.2477682092466565,0.7602317038595613
G,-1,0,0.4215653020904034,,ample,rtu,,,1.0,0.4215653020904034,0,0.0,0.998709917318489
G,-1,0,0.3001735911397715,,moderate,jitter,,,1.0,0.3001735911397715,0,0.0,0.9994649694250998
G,-1,10,1.2219789596127817,,severe,"rtu,segment",,,0.7777777777777778,1.2219789596127817,10,0.5753779991867067,0.47538025198030526
G,-1,0,0.24013069797787726,,ample,jitter,,,1.0,0.24013069797787726,0,0.0,0.9995460733471502
G,-1,0,0.44297830652674874,,moderate,rtu,,,1.0,0.44297830652674874,0,0.0,0.9991895097875775
G,-1,7,0.896639812017678,,severe,rtu,,,0.8444444444444444,0.896639812017678,7,0.00265377983918936,0.996775052832778
G,-1,0,0.3573017830668584,,ample,rtu,,,1.0,0.3573017830668584,0,0.0,0.9997153205038373
G,-1,0,0.5356023736864535,,moderate,rtu,,,1.0,0.5356023736864535,0,0.0,0.9994414700451395
G,-1,26,1.9296081813968704,,severe,"rtu,segment",,,0.4222222222222222,1.9296081813968704,26,0.5705872609148056,4.858825511400549e-13
G,-1,0,0.30449876248301927,,ample,jitter,,,1.0,0.30449876248301927,0,0.0,0.9995952269717462
G,-1,0,0.5528232204040187,,moderate,rtu,,,1.0,0.5528232204040187,0,0.0,0.9985248114817944
G,-1,4,0.7278867168258766,,severe,rtu,,,0.9111111111111111,0.7278867168258766,4,0.03375605559083225,0.9982314874828901
G,-1,0,0.3673969649016644,,ample,rtu,,,1.0,0.3673969649016644,0,0.0,0.9995156436523983
G,-1,0,0.4386780821256297,,moderate,rtu,,,1.0,0.4386780821256297,0,0.0,0.9995935972110219
G,-1,15,1.6127952370499172,,severe,"rtu,segment",,,0.6666666666666666,1.6127952370499172,15,0.6455119174325854,0.356678147086447
G,-1,0,0.3031675599498931,,ample,jitter,,,1.0,0.3031675599498931,0,0.0,0.9996063612663322
G,-1,0,0.4419086768244132,,moderate,rtu,,,1.0,0.4419086768244132,0,0.0,0.9992593631830065
G,-1,13,1.4156836483593587,,severe,rtu,,,0.7111111111111111,1.4156836483593587,13,0.5728264518333672,0.560935258507456
G,-1,0,0.3999740337097853,,ample,rtu,,,1.0,0.3999740337097853,0,0.0,0.9993062845008818
G,-1,0,0.2971788820948904,,moderate,rtu,,,1.0,0.2971788820948904,0,0.0,0.999610384669591
G,-1,9,0.7040830419166548,,severe,rtu,,,0.8,0.7040830419166548,9,0.06854673320939196,4.902680285156852e-13
G,-1,0,0.39177476842968084,,ample,rtu,,,1.0,0.39177476842968084,0,0.0,0.9996162290870371
G,-1,0,0.36955929615478106,,moderate,rtu,,,1.0,0.36955929615478106,0,0.0,0.9993680289084813
G,-1,26,2.4550783013719015,,severe,"rtu,segment",,,0.4222222222222222,2.4550783013719015,26,0.6043401513930761,4.85882538842881e-13
G,-1,0,0.4105075203342174,,ample,rtu,,,1.0,0.4105075203342174,0,0.0,0.9994129093956815
G,-1,0,0.5604357179903635,,moderate,rtu,,,1.0,0.5604357179903635,0,0.0,0.9985492805069102
G,-1,6,0.9239114949617249,,severe,rtu,,,0.8666666666666667,0.9239114949617249,6,0.06564397061200297,4.902680063353431e-13
G,-1,0,0.2772990613493377,,ample,jitter,,,1.0,0.2772990613493377,0,0.0,0.9994027747475294
G,-1,0,0.9476032104397922,,moderate,rtu,,,1.0,0.9476032104397922,0,0.0,0.9960795728274272
G,-1,14,0.9732570802789309,,severe,rtu,,,0.6888888888888889,0.9732570802789309,14,0.07128948326026666,0.9881402901079149
G,-1,0,0.4607643499453608,,ample,rtu,,,1.0,0.4607643499453608,0,0.0,0.9995376220312981
G,-1,0,0.8992892190062135,,moderate,rtu,,,1.0,0.8992892190062135,0,0.0,0.999432000499813
G,-1,6,1.1705876625648506,,severe,rtu,,,0.8666666666666667,1.1705876625648506,6,0.0530126239222605,0.9346505674026597
G,-1,0,0.32010156646304944,,ample,jitter,,,1.0,0.32010156646304944,0,0.0,0.9993548750468172
G,-1,0,0.35593007699318474,,moderate,rtu,,,1.0,0.35593007699318474,0,0.0,0.9992889814806585
G,-1,5,0.695820512931058,,severe,rtu,,,0.8888888888888888,0.695820512931058,5,0.22416437710449877,0.7796719875692976
G,-1,0,0.35660541488686004,,ample,rtu,,,1.0,0.35660541488686004,0,0.0,0.9986108233479025
G,-1,0,0.34538025990325577,,moderate,rtu,,,1.0,0.34538025990325577,0,0.0,0.9996856461586952
G,-1,7,1.0197342107034428,,severe,rtu,,,0.8444444444444444,1.0197342107034428,7,0.1936440462455455,0.7816877437523811
G,-1,0,0.30304270198505107,,ample,jitter,,,1.0,0.30304270198505107,0,0.0,0.9993525965747523
G,-1,0,0.6399939427237812,,moderate,rtu,,,1.0,0.6399939427237812,0,0.0,0.9990486497417781
G,-1,7,0.9589469738307542,,severe,"rtu,segment",,,0.8444444444444444,0.9589469738307542,7,0.05746342044197607,0.9975642608597569
G,-1,0,0.41269805492931233,,ample,rtu,,,1.0,0.41269805492931233,0,0.0,0.9992416448937663
G,-1,0,0.4813262405594866,,moderate,rtu,,,1.0,0.4813262405594866,0,0.0,0.99933255537911
G,-1,5,0.7605983523077025,,severe,rtu,,,0.8888888888888888,0.7605983523077025,5,0.0005817871663198248,0.999066352086542
G,-1,0,0.2813151729607135,,ample,rtu,,,1.0,0.2813151729607135,0,0.0,0.9992310142647102
G,-1,7,1.1826323666171135,,moderate,"rtu,segment",,,0.8444444444444444,1.1826323666171135,7,0.007123160497464497,0.9994410661738662
G,-1,7,0.7900756478916676,,severe,rtu,,,0.8444444444444444,0.7900756478916676,7,0.4197568586275471,0.48376689293774194
G,-1,0,0.317561117689764,,ample,jitter,,,1.0,0.317561117689764,0,0.0,0.9995613706479555
G,-1,1,1.0232460941391202,,moderate,"rtu,segment",,,0.9777777777777777,1.0232460941391202,1,0.02941034039185325,0.9973707789456269
G,-1,8,1.2087112596054899,,severe,"rtu,segment",,,0.8222222222222222,1.2087112596054899,8,0.3839245885832545,0.5632734111231049
G,-1,0,0.22994476447741383,,ample,jitter,,,1.0,0.22994476447741383,0,0.0,0.9994442655825783
G,-1,0,0.7050734430769237,,moderate,rtu,,,1.0,0.7050734430769237,0,0.0,0.9971223024452227
G,-1,11,1.202649455793202,,severe,"rtu,segment",,,0.7555555555555555,1.202649455793202,11,0.5115803622794457,4.894265523838279e-13
G,-1,0,0.3132341625015888,,ample,rtu,,,1.0,0.3132341625015888,0,0.0,0.9993220035275906
G,-1,0,0.55921825857651,,moderate,rtu,,,1.0,0.55921825857651,0,0.0,0.9994522195950174
G,-1,3,1.1059253520793837,,severe,rtu,,,0.9333333333333333,1.1059253520793837,3,0.032291761753062274,0.9945358209919836
G,-1,0,0.2484530593067803,,ample,jitter,,,1.0,0.2484530593067803,0,0.0,0.9995437543487278
G,-1,0,0.2932034401278631,,moderate,rtu,,,1.0,0.2932034401278631,0,0.0,0.9989154549666434
G,-1,4,1.0219918568647333,,severe,rtu,,,0.9111111111111111,1.0219918568647333,4,0.037922640469796425,0.9939869101573323
G,-1,0,0.43253643414756776,,ample,rtu,,,1.0,0.43253643414756776,0,0.0,0.996281710837169
G,-1,0,0.3454407281324678,,moderate,rtu,,,1.0,0.3454407281324678,0,0.0,0.9995345460929954
G,-1,12,2.005212742852727,,severe,"rtu,segment",,,0.7333333333333333,2.005212742852727,12,0.42545008317576005,0.5598928559912304
G,-1,0,0.30195787767570964,,ample,jitter,,,1.0,0.30195787767570964,0,0.0,0.9993262075746203
G,-1,1,0.6122172100470549,,moderate,"rtu,segment",,,0.9777777777777777,0.6122172100470549,1,0.02941034039185325,0.9982805673197647
G,-1,4,0.9451299629485652,,severe,rtu,,,0.9111111111111111,0.9451299629485652,4,0.03365585815516465,0.9921504012589445
G,-1,0,0.49053066818991314,,ample,rtu,,,1.0,0.49053066818991314,0,0.0,0.9989972649861899
G,-1,0,0.3805606749901263,,moderate,rtu,,,1.0,0.3805606749901263,0,0.0,0.9995122118051005
G,-1,12,1.235869286264171,,severe,"rtu,segment",,,0.7333333333333333,1.235869286264171,12,0.4556318005905395,0.4815855731780133
G,-1,0,0.2942911266967298,,ample,jitter,,,1.0,0.2942911266967298,0,0.0,0.9994844266976107
G,-1,0,0.3675640899340393,,moderate,rtu,,,1.0,0.3675640899340393,0,0.0,0.9739253138382502
G,-1,4,0.8260083847994193,,severe,"rtu,segment",,,0.9111111111111111,0.8260083847994193,4,0.2886474598799764,4.8942656127054e-13
G,-1,0,0.26266271724006757,,ample,jitter,,,1.0,0.26266271724006757,0,0.0,0.9995558399334982
G,-1,0,0.4921581222346199,,moderate,rtu,,,1.0,0.4921581222346199,0,0.0,0.9994459832282195
G,-1,8,1.1146855465836547,,severe,rtu,,,0.8222222222222222,1.1146855465836547,8,0.062283888003688795,0.9955984269080177
G,-1,0,0.3253424451596365,,ample,jitter,,,1.0,0.3253424451596365,0,0.0,0.9996749213942806
G,-1,0,0.5471195042231576,,moderate,rtu,,,1.0,0.5471195042231576,0,0.0,0.9990216558438777
G,-1,9,1.0315881086507848,,severe,"rtu,segment",,,0.8,1.0315881086507848,9,0.05713463324793005,0.8771826327847203
G,-1,0,0.32041020584111385,,ample,jitter,,,1.0,0.32041020584111385,0,0.0,0.9995648737269667
G,-1,0,0.5398324850057423,,moderate,rtu,,,1.0,0.5398324850057423,0,0.0,0.9983770841015654
G,-1,8,0.9549485112526361,,severe,rtu,,,0.8222222222222222,0.9549485112526361,8,0.003813214816551397,0.9982126716029124
G,-1,0,0.30618538160140907,,ample,jitter,,,1.0,0.30618538160140907,0,0.0,0.9995849997217616
G,-1,0,0.5086432982146386,,moderate,rtu,,,1.0,0.5086432982146386,0,0.0,0.9990313684803518
G,-1,1,0.7739784798168944,,severe,rtu,,,0.9777777777777777,0.7739784798168944,1,0.001159434977362037,0.9052298257285887
G,-1,0,0.2823881487289964,,ample,jitter,,,1.0,0.2823881487289964,0,0.0,0.9996730125540952
G,-1,0,0.4947299345532744,,moderate,rtu,,,1.0,0.4947299345532744,0,0.0,0.9995617983944936
G,-1,15,1.6906516644284348,,severe,"rtu,segment",,,0.6666666666666666,1.6906516644284348,15,0.012322050963271217,0.9976606906636675
G,-1,0,0.3149574291318543,,ample,rtu,,,1.0,0.3149574291318543,0,0.0,0.9993863544158214
G,-1,0,0.34023643543661786,,moderate,rtu,,,1.0,0.34023643543661786,0,0.0,0.9994111378305777
G,-1,16,1.9066651787447755,,severe,"rtu,segment",,,0.6444444444444445,1.9066651787447755,16,0.2386693603346144,0.7798695000126886
G,-1,0,0.28886163458009073,,ample,jitter,,,1.0,0.28886163458009073,0,0.0,0.9996154482923327
G,-1,0,0.44862142811646594,,moderate,rtu,,,1.0,0.44862142811646594,0,0.0,0.9992861486444813
G,-1,27,3.273135426607264,,severe,"rtu,segment",,,0.4,3.273135426607264,27,0.5761040203456875,4.858825525165732e-13
G,-1,0,0.2922186029866292,,ample,jitter,,,1.0,0.2922186029866292,0,0.0,0.9994279065474877
G,-1,0,0.4702980906959067,,moderate,rtu,,,1.0,0.4702980906959067,0,0.0,0.9989769339282314
G,-1,15,1.6618386938931944,,severe,"rtu,segment",,,0.6666666666666666,1.6618386938931944,15,0.07651627374524442,0.9892367259390703
G,-1,0,0.3007684377320831,,ample,jitter,,,1.0,0.3007684377320831,0,0.0,0.9996844224005492
G,-1,1,0.4164258925080695,,moderate,"rtu,segment",,,0.9777777777777777,0.4164258925080695,1,0.02941034039185325,0.9939351555680535
G,-1,5,0.8373296380915991,,severe,rtu,,,0.8888888888888888,0.8373296380915991,5,0.05440028109959863,0.9958874479956676
G,-1,0,0.3825608606920437,,ample,rtu,,,1.0,0.3825608606920437,0,0.0,0.9994429410931738
G,-1,0,0.4547155901705138,,moderate,rtu,,,1.0,0.4547155901705138,0,0.0,0.9991851930124586
G,-1,4,0.7142728841424931,,severe,rtu,,,0.9111111111111111,0.7142728841424931,4,0.06332148163794667,0.9955472703159334
G,-1,0,0.3269778773243706,,ample,jitter,,,1.0,0.3269778773243706,0,0.0,0.9997182931572555
G,-1,0,0.32561753934026844,,moderate,rtu,,,1.0,0.32561753934026844,0,0.0,0.9994947534259455
G,-1,11,1.6020313621583462,,severe,"rtu,segment",,,0.7555555555555555,1.6020313621583462,11,0.1772567321243498,0.9812775791013932
G,-1,0,0.2907255627705469,,ample,jitter,,,1.0,0.2907255627705469,0,0.0,0.999510867589928
G,-1,0,0.35427873941446225,,moderate,rtu,,,1.0,0.35427873941446225,0,0.0,0.9994632521657568
G,-1,7,0.649283234554637,,severe,rtu,,,0.8444444444444444,0.649283234554637,7,0.03793682268817304,0.9738172955961716
G,-1,0,0.259780050841516,,ample,jitter,,,1.0,0.259780050841516,0,0.0,0.9994414124578053
G,-1,0,0.3177908435725892,,moderate,rtu,,,1.0,0.3177908435725892,0,0.0,0.9985871966959744
G,-1,5,0.6434522656025433,,severe,rtu,,,0.8888888888888888,0.6434522656025433,5,0.00013857897653851746,0.998765269628783
G,-1,0,0.344959473149332,,ample,rtu,,,1.0,0.344959473149332,0,0.0,0.999605621363369
G,-1,0,0.7575752296647676,,moderate,rtu,,,1.0,0.7575752296647676,0,0.0,0.9967402299094902
G,-1,5,0.7315789852419936,,severe,rtu,,,0.8888888888888888,0.7315789852419936,5,0.041482642347110105,0.982912769564437
G,-1,0,0.31494544886927667,,ample,jitter,,,1.0,0.31494544886927667,0,0.0,0.9996990679197858
G,-1,0,0.351452852111237,,moderate,rtu,,,1.0,0.351452852111237,0,0.0,0.9921759072145536
G,-1,14,1.7323783891106568,,severe,"rtu,segment",,,0.6888888888888889,1.7323783891106568,14,0.0601981370418844,0.9869630398834993
G,-1,0,0.6164286650034441,,ample,rtu,,,1.0,0.6164286650034441,0,0.0,0.9993251837586279
G,-1,3,0.7854644509671234,,moderate,segment,,,0.9333333333333333,0.7854644509671234,3,0.002888966913767482,0.9997142229674646
G,-1,24,4.886284847954087,,severe,"rtu,segment",,,0.4666666666666667,4.886284847954087,24,0.5750374526472884,4.858825329685334e-13
G,-1,0,0.4177558403066825,,ample,rtu,,,1.0,0.4177558403066825,0,0.0,0.9995638871216928
G,-1,0,0.46223494639822993,,moderate,rtu,,,1.0,0.46223494639822993,0,0.0,0.9993944610390839
G,-1,6,0.8955754108611292,,severe,"rtu,segment",,,0.8666666666666667,0.8955754108611292,6,0.037579150976454735,0.9989132427298703
G,-1,0,0.2943444688025926,,ample,jitter,,,1.0,0.2943444688025926,0,0.0,0.9995936111545964
G,-1,3,0.49669515080897014,,moderate,"rtu,segment",,,0.9333333333333333,0.49669515080897014,3,0.002888966913767482,0.9993416589813215
G,-1,6,1.07626660825662,,severe,rtu,,,0.8666666666666667,1.07626660825662,6,0.022237203559782166,0.9583362966298428
G,-1,0,0.30157877707232905,,ample,jitter,,,1.0,0.30157877707232905,0,0.0,0.9996457445796986
G,-1,0,0.6339993442530211,,moderate,rtu,,,1.0,0.6339993442530211,0,0.0,0.9942632432534474
G,-1,12,1.34317931291599,,severe,rtu,,,0.7333333333333333,1.34317931291599,12,0.12104273492811152,4.859307916959505e-13
G,-1,0,0.3725704275858236,,ample,rtu,,,1.0,0.3725704275858236,0,0.0,0.999300864669132
G,-1,10,2.503472566269573,,moderate,"rtu,segment",,,0.7777777777777778,2.503472566269573,10,0.012183474920866338,0.9975389596364163
G,-1,2,1.106374915170907,,severe,rtu,,,0.9555555555555556,1.106374915170907,2,0.0011594357325146424,0.988991899950247
G,-1,0,0.3463678229204798,,ample,jitter,,,1.0,0.3463678229204798,0,0.0,0.9995254005743485
G,-1,0,0.4360289655552122,,moderate,rtu,,,1.0,0.4360289655552122,0,0.0,0.9986153278804732
G,-1,4,0.7105835608701053,,severe,rtu,,,0.9111111111111111,0.7105835608701053,4,0.007552186468869183,0.9947583497509318
G,-1,0,0.3431027310383309,,ample,rtu,,,1.0,0.3431027310383309,0,0.0,0.9994959991157057
G,-1,0,0.35404834857432277,,moderate,rtu,,,1.0,0.35404834857432277,0,0.0,0.9940094264945719
G,-1,2,0.9252684245452468,,severe,rtu,,,0.9555555555555556,0.9252684245452468,2,0.21031614270592197,0.7828513432752604
G,-1,0,0.3573135194777384,,ample,rtu,,,1.0,0.3573135194777384,0,0.0,0.9985528608073349
G,-1,0,0.41755615125180806,,moderate,rtu,,,1.0,0.41755615125180806,0,0.0,0.9993107630009881
G,-1,4,0.7506392083556546,,severe,rtu,,,0.9111111111111111,0.7506392083556546,4,0.05895802668305243,0.9960409594254372
G,-1,0,0.3388516205276767,,ample,rtu,,,1.0,0.3388516205276767,0,0.0,0.9992789879533179
G,-1,0,0.6190942793878206,,moderate,rtu,,,1.0,0.6190942793878206,0,0.0,0.9949313794244538
G,-1,10,1.355304937376229,,severe,"rtu,segment",,,0.7777777777777778,1.355304937376229,10,0.6038550876083896,0.4969053070216448
G,-1,0,0.3217821388149408,,ample,rtu,,,1.0,0.3217821388149408,0,0.0,0.9992736784662937
G,-1,0,0.5575048419273027,,moderate,rtu,,,1.0,0.5575048419273027,0,0.0,0.9990849706950089
G,-1,1,0.5723141149790426,,severe,rtu,,,0.9777777777777777,0.5723141149790426,1,0.18936826920847818,0.7799386127505878
G,-1,0,0.297161499428668,,ample,rtu,,,1.0,0.297161499428668,0,0.0,0.9990237188248594
G,-1,0,0.5733696463384957,,moderate,rtu,,,1.0,0.5733696463384957,0,0.0,0.9950916908551065
G,-1,4,0.8205073291670809,,severe,rtu,,,0.9111111111111111,0.8205073291670809,4,0.2038694523002131,0.9921191038589656
G,-1,0,0.2855576551915199,,ample,jitter,,,1.0,0.2855576551915199,0,0.0,0.9995900713883008
G,-1,2,0.8246097299006495,,moderate,"rtu,segment",,,0.9555555555555556,0.8246097299006495,2,0.3804538395,0.5619976242331937
G,-1,3,0.47274204603545095,,severe,rtu,,,0.9333333333333333,0.47274204603545095,3,0.3828763744132315,0.5616016541492319
G,-1,10,2.2853681859941144,,ample,"rtu,segment",,,0.7777777777777778,2.2853681859941144,10,0.012183474920866338,0.998919657946285
G,-1,0,0.6552893495434057,,moderate,rtu,,,1.0,0.6552893495434057,0,0.0,0.9871097995186545
G,-1,4,0.9768831346636745,,severe,rtu,,,0.9111111111111111,0.9768831346636745,4,0.21922182715087982,0.9927702799098835
G,-1,0,0.3330184276654551,,ample,rtu,,,1.0,0.3330184276654551,0,0.0,0.9994944264756701
G,-1,0,0.6124704009854429,,moderate,rtu,,,1.0,0.6124704009854429,0,0.0,0.9994116250357431
G,-1,7,1.0320709693544,,severe,rtu,,,0.8444444444444444,1.0320709693544,7,0.09516583630842444,4.902680022024766e-13
G,-1,0,0.3356726053008567,,ample,jitter,,,1.0,0.3356726053008567,0,0.0,0.9996296109461469
G,-1,10,1.6015251913742774,,moderate,"rtu,segment",,,0.7777777777777778,1.6015251913742774,10,0.012183474920866338,0.998471776716707
G,-1,6,0.598966030901326,,severe,rtu,,,0.8666666666666667,0.598966030901326,6,0.009536431782109007,0.9989336414890737
G,-1,0,0.2758523260668815,,ample,jitter,,,1.0,0.2758523260668815,0,0.0,0.9996202495908061
G,-1,22,2.6400352180331677,,moderate,"rtu,segment",,,0.5111111111111111,2.6400352180331677,22,0.5679402177760483,4.858825448485572e-13
G,-1,23,1.3880385307163814,,severe,"rtu,segment",,,0.4888888888888889,1.3880385307163814,23,0.5680670483479063,4.858825441275997e-13
G,-1,0,0.4196020650258906,,ample,rtu,,,1.0,0.4196020650258906,0,0.0,0.9992040402893027
G,-1,0,0.5010291604147646,,moderate,rtu,,,1.0,0.5010291604147646,0,0.0,0.9743360399615416
G,-1,24,4.8910884885145,,severe,"rtu,segment",,,0.4666666666666667,4.8910884885145,24,0.5680596041375082,4.858825563573377e-13
G,-1,0,0.2597356778446743,,ample,rtu,,,1.0,0.2597356778446743,0,0.0,0.9994473510063205
G,-1,0,0.7937994618962305,,moderate,rtu,,,1.0,0.7937994618962305,0,0.0,0.9958892753083359
G,-1,25,1.9660830277977375,,severe,"rtu,segment",,,0.4444444444444444,1.9660830277977375,25,0.5680862372736987,4.858825186622375e-13
G,-1,0,0.2859740687169011,,ample,jitter,,,1.0,0.2859740687169011,0,0.0,0.9995690802528364
G,-1,0,0.5612697150360685,,moderate,rtu,,,1.0,0.5612697150360685,0,0.0,0.9990586865308961
G,-1,9,1.1902954538116974,,severe,rtu,,,0.8,1.1902954538116974,9,0.07516106197182722,0.9654435076543497
G,-1,0,0.2614161523933363,,ample,jitter,,,1.0,0.2614161523933363,0,0.0,0.9996568196065059
G,-1,0,0.34521928399892715,,moderate,rtu,,,1.0,0.34521928399892715,0,0.0,0.9990210245651266
G,-1,7,0.9520632847535715,,severe,rtu,,,0.8444444444444444,0.9520632847535715,7,0.06735181922977618,4.902680218084059e-13
G,-1,0,0.3151542528579327,,ample,jitter,,,1.0,0.3151542528579327,0,0.0,0.9995754075116541
G,-1,0,0.6278095829761114,,moderate,rtu,,,1.0,0.6278095829761114,0,0.0,0.9985967668510717
G,-1,11,1.6445463327714542,,severe,"rtu,segment",,,0.7555555555555555,1.6445463327714542,11,0.2382928703755597,0.9834322002501634
G,-1,0,0.35189208077313083,,ample,rtu,,,1.0,0.35189208077313083,0,0.0,0.9995541234764019
G,-1,0,0.3324495768698369,,moderate,jitter,,,1.0,0.3324495768698369,0,0.0,0.9994719073530011
G,-1,13,1.5235977570613408,,severe,"rtu,segment",,,0.7111111111111111,1.5235977570613408,13,0.032714263737157745,0.9981481301810455
G,-1,0,0.33049121932565917,,ample,rtu,,,1.0,0.33049121932565917,0,0.0,0.9994666154273576
G,-1,22,2.952526216963775,,moderate,"rtu,segment",,,0.5111111111111111,2.952526216963775,22,0.5679402177760483,4.858825361764696e-13
G,-1,10,1.2935162492973586,,severe,"rtu,segment",,,0.7777777777777778,1.2935162492973586,10,0.6006957548862054,0.3594214881886726
G,-1,0,0.27172335698976796,,ample,jitter,,,1.0,0.27172335698976796,0,0.0,0.999583628851822
G,-1,0,0.40178510305834064,,moderate,rtu,,,1.0,0.40178510305834064,0,0.0,0.9985664531012053
G,-1,14,1.359522180936456,,severe,rtu,,,0.6888888888888889,1.359522180936456,14,0.07578706646854316,4.859307736186682e-13
G,-1,0,0.3308090773451746,,ample,jitter,,,1.0,0.3308090773451746,0,0.0,0.9996032674955886
G,-1,0,0.43013565195772946,,moderate,rtu,,,1.0,0.43013565195772946,0,0.0,0.9975771509446647
G,-1,13,1.3202580737110388,,severe,rtu,,,0.7111111111111111,1.3202580737110388,13,0.0369073971846065,0.9945030106806243
G,-1,0,0.30834611849216215,,ample,jitter,,,1.0,0.30834611849216215,0,0.0,0.9996476998296541
G,-1,0,0.4238670027195001,,moderate,rtu,,,1.0,0.4238670027195001,0,0.0,0.9990433909807052
G,-1,3,0.6968228036844745,,severe,rtu,,,0.9333333333333333,0.6968228036844745,3,0.034826946327321674,0.9934223277073951
G,-1,0,0.45444981378459415,,ample,rtu,,,1.0,0.45444981378459415,0,0.0,0.9991279042878455
G,-1,0,0.6239688461409033,,moderate,rtu,,,1.0,0.6239688461409033,0,0.0,0.9991707186603805
G,-1,8,0.6719775527754139,,severe,rtu,,,0.8222222222222222,0.6719775527754139,8,0.23479353885564289,0.7596426438032394
G,-1,0,0.3197735754978103,,ample,jitter,,,1.0,0.3197735754978103,0,0.0,0.9995153013009599
G,-1,0,0.5573080629811321,,moderate,rtu,,,1.0,0.5573080629811321,0,0.0,0.9994548627632935
G,-1,6,1.0887012294760485,,severe,"rtu,segment",,,0.8666666666666667,1.0887012294760485,6,0.003034986411417797,0.9989400189562028
G,-1,0,0.2966752649782562,,ample,jitter,,,1.0,0.2966752649782562,0,0.0,0.9993909620214744
G,-1,0,0.6696744136146124,,moderate,rtu,,,1.0,0.6696744136146124,0,0.0,0.9987586136363769
G,-1,5,0.6470420035811575,,severe,rtu,,,0.8888888888888888,0.6470420035811575,5,0.16851658299636346,0.99597600555833
G,-1,0,0.3435993137994422,,ample,rtu,,,1.0,0.3435993137994422,0,0.0,0.9996951730163269
G,-1,0,0.38874410420073935,,moderate,rtu,,,1.0,0.38874410420073935,0,0.0,0.9990518779096883
G,-1,6,1.060059196900242,,severe,"rtu,segment",,,0.8666666666666667,1.060059196900242,6,0.4365496337476357,0.5595785476432233
G,-1,0,0.3167304773504864,,ample,jitter,,,1.0,0.3167304773504864,0,0.0,0.999693878902882
G,-1,0,0.4690985448479028,,moderate,rtu,,,1.0,0.4690985448479028,0,0.0,0.9995537141434689
G,-1,10,1.3537779105236383,,severe,"rtu,segment",,,0.7777777777777778,1.3537779105236383,10,0.04088144089796177,0.9942655473279263
G,-1,0,0.2867397617866245,,ample,jitter,,,1.0,0.2867397617866245,0,0.0,0.9995200036927187
G,-1,10,2.1826700722891044,,moderate,segment,,,0.7777777777777778,2.1826700722891044,10,0.012183474920866338,0.9987526421059796
G,-1,2,0.7251669034731532,,severe,rtu,,,0.9555555555555556,0.7251669034731532,2,0.03227758214977876,0.9836130169484756
G,-1,0,0.3492290353117252,,ample,rtu,,,1.0,0.3492290353117252,0,0.0,0.9996791303919909
G,-1,0,0.49735711331620813,,moderate,rtu,,,1.0,0.49735711331620813,0,0.0,0.9997020117459403
G,-1,17,2.1269216565954494,,severe,"rtu,segment",,,0.6222222222222222,2.1269216565954494,17,0.4134154870161327,0.477304091755035
G,-1,0,0.3071099872585403,,ample,jitter,,,1.0,0.3071099872585403,0,0.0,0.9994817451954292
G,-1,0,0.29394124519501386,,moderate,rtu,,,1.0,0.29394124519501386,0,0.0,0.999541609336634
G,-1,4,1.0404589782273204,,severe,"rtu,segment",,,0.9111111111111111,1.0404589782273204,4,0.4140905087293723,0.557354531069072
G,-1,0,0.3656731505718912,,ample,rtu,,,1.0,0.3656731505718912,0,0.0,0.9980740549136147
G,-1,0,0.606580333745081,,moderate,rtu,,,1.0,0.606580333745081,0,0.0,0.9995377317464716
G,-1,5,0.9664467917691966,,severe,rtu,,,0.8888888888888888,0.9664467917691966,5,0.19467977103547712,0.7780852029452691
G,-1,0,0.26999241670585533,,ample,jitter,,,1.0,0.26999241670585533,0,0.0,0.9994975667497559
G,-1,0,0.521677820356938,,moderate,rtu,,,1.0,0.521677820356938,0,0.0,0.9950107783030557
G,-1,7,0.6771877003795181,,severe,rtu,,,0.8444444444444444,0.6771877003795181,7,0.027497856678236746,0.9525970823705193
G,-1,0,0.2788397420851975,,ample,rtu,,,1.0,0.2788397420851975,0,0.0,0.9988177354706762
G,-1,0,0.4883569870446855,,moderate,rtu,,,1.0,0.4883569870446855,0,0.0,0.9986623878584012
G,-1,23,1.5684540304975463,,severe,"rtu,segment",,,0.4888888888888889,1.5684540304975463,23,0.5973505581679015,4.858825537965188e-13
G,-1,0,0.3048979928542566,,ample,jitter,,,1.0,0.3048979928542566,0,0.0,0.999687741189478
G,-1,0,0.4520591872522223,,moderate,rtu,,,1.0,0.4520591872522223,0,0.0,0.9986615990513863
G,-1,4,0.7897894654692093,,severe,rtu,,,0.9111111111111111,0.7897894654692093,4,0.5464502093770702,0.5616904512877636
G,-1,0,0.2886897455684687,,ample,jitter,,,1.0,0.2886897455684687,0,0.0,0.9996085637089992
G,-1,0,0.3822751117174273,,moderate,rtu,,,1.0,0.3822751117174273,0,0.0,0.9963840750597814
G,-1,4,0.89665835192274,,severe,rtu,,,0.9111111111111111,0.89665835192274,4,0.0375599620506624,0.993847492258796
G,-1,0,0.3955995283870607,,ample,rtu,,,1.0,0.3955995283870607,0,0.0,0.9984061479214286
G,-1,0,0.8990383319781378,,moderate,rtu,,,1.0,0.8990383319781378,0,0.0,0.9975965814238177
G,-1,11,1.1277540499821666,,severe,"rtu,segment",,,0.7555555555555555,1.1277540499821666,11,0.10297948613299013,4.90268033485594e-13
G,-1,0,0.4114710487648306,,ample,rtu,,,1.0,0.4114710487648306,0,0.0,0.9995059983986716
G,-1,3,1.104366014055843,,moderate,"rtu,segment",,,0.9333333333333333,1.104366014055843,3,0.002888966913767482,0.9733731134875497
G,-1,11,0.8681559052398706,,severe,rtu,,,0.7555555555555555,0.8681559052398706,11,0.4904632272127436,0.558266482000235
G,-1,0,0.2617440974795788,,ample,jitter,,,1.0,0.2617440974795788,0,0.0,0.9996417848777243
G,-1,0,0.35596047319565616,,moderate,rtu,,,1.0,0.35596047319565616,0,0.0,0.9995408446500373
G,-1,14,2.241863549227184,,severe,"rtu,segment",,,0.6888888888888889,2.241863549227184,14,0.014725396950710372,0.9987287164917883
G,-1,0,0.3704921751104635,,ample,rtu,,,1.0,0.3704921751104635,0,0.0,0.9996125314717843
G,-1,0,0.6282937285879134,,moderate,rtu,,,1.0,0.6282937285879134,0,0.0,0.993843875291394
G,-1,8,1.4553481471427947,,severe,"rtu,segment",,,0.8222222222222222,1.4553481471427947,8,0.07333959936289944,4.894265423472997e-13
G,-1,0,0.30954130976574046,,ample,jitter,,,1.0,0.30954130976574046,0,0.0,0.9995289491918761
G,-1,0,0.532206768589356,,moderate,rtu,,,1.0,0.532206768589356,0,0.0,0.9967609012001917
G,-1,10,1.0087700811329283,,severe,rtu,,,0.7777777777777778,1.0087700811329283,10,0.24474734092387232,0.9526493161426836
G,-1,0,0.3015883696616474,,ample,jitter,,,1.0,0.3015883696616474,0,0.0,0.9996777076397884
G,-1,0,0.5122064544224828,,moderate,rtu,,,1.0,0.5122064544224828,0,0.0,0.9996847612451905
G,-1,4,0.8389995489008012,,severe,rtu,,,0.9111111111111111,0.8389995489008012,4,0.00014602080519686544,0.9883336927194403
G,-1,0,0.2732267757221302,,ample,jitter,,,1.0,0.2732267757221302,0,0.0,0.9996129940058499
G,-1,0,0.5914075433140462,,moderate,rtu,,,1.0,0.5914075433140462,0,0.0,0.9963369577055153
G,-1,8,1.1559244669211755,,severe,rtu,,,0.8222222222222222,1.1559244669211755,8,0.20457806504155807,0.9934417890936083
G,-1,0,0.33347495753460393,,ample,jitter,,,1.0,0.33347495753460393,0,0.0,0.9995586767793335
G,-1,0,0.48293013148013686,,moderate,rtu,,,1.0,0.48293013148013686,0,0.0,0.9797318493326188
G,-1,22,5.233087239277948,,severe,"rtu,segment",,,0.5111111111111111,5.233087239277948,22,0.5679402177760483,4.858825281528401e-13
G,-1,0,0.32458510509947647,,ample,jitter,,,1.0,0.32458510509947647,0,0.0,0.9994646146399513
G,-1,0,0.4658543444777354,,moderate,rtu,,,1.0,0.4658543444777354,0,0.0,0.999222401596065
G,-1,3,0.7990860416298011,,severe,rtu,,,0.9333333333333333,0.7990860416298011,3,0.002541921274691427,0.9984198947073863
G,-1,0,0.29935661888338894,,ample,rtu,,,1.0,0.29935661888338894,0,0.0,0.9997716192162014
G,-1,0,0.6020686354154163,,moderate,rtu,,,1.0,0.6020686354154163,0,0.0,0.9993895596050016
G,-1,3,0.8658683027468863,,severe,rtu,,,0.9333333333333333,0.8658683027468863,3,0.22348007296585795,0.988820621707418
G,-1,0,0.33084734159264434,,ample,jitter,,,1.0,0.33084734159264434,0,0.0,0.999458008878512
G,-1,0,0.38008127548960047,,moderate,rtu,,,1.0,0.38008127548960047,0,0.0,0.9948899568907642
G,-1,12,1.7035138503384217,,severe,"rtu,segment",,,0.7333333333333333,1.7035138503384217,12,0.01361341087011793,0.9904184513880121
G,-1,0,0.33296223692210003,,ample,jitter,,,1.0,0.33296223692210003,0,0.0,0.9996119001472588
G,-1,0,0.5114067149299573,,moderate,rtu,,,1.0,0.5114067149299573,0,0.0,0.9974536021747402
G,-1,15,1.0076094578594568,,severe,rtu,,,0.6666666666666666,1.0076094578594568,15,0.5956119227045774,0.4842168811631689
G,-1,0,0.32460585880192155,,ample,rtu,,,1.0,0.32460585880192155,0,0.0,0.999485830335921
G,-1,0,0.3000650251244382,,moderate,rtu,,,1.0,0.3000650251244382,0,0.0,0.9995742312532092
G,-1,14,1.0527690625999642,,severe,"rtu,segment",,,0.6888888888888889,1.0527690625999642,14,0.22200527780672902,0.9935272224175336
G,-1,0,0.28231012488404494,,ample,jitter,,,1.0,0.28231012488404494,0,0.0,0.9996884771061657
G,-1,0,0.5392013487650235,,moderate,rtu,,,1.0,0.5392013487650235,0,0.0,0.9938948808890826
G,-1,12,1.438117650870064,,severe,"rtu,segment",,,0.7333333333333333,1.438117650870064,12,0.06850925548390288,0.9935678048974786
T,-1,16,1.5024405900898163,,,,0.820679689710081,13.0,0.6444444444444445,1.5024405900898163,16,0.9750937678694536,4.858825581679595e-13
T,-1,13,1.2709747608505264,,,,0.9364670890545543,12.0,0.7111111111111111,1.2709747608505264,13,0.9625289599855238,4.858825497497228e-13
T,-1,13,0.6946495375272976,,,,0.9457010166024538,12.0,0.7111111111111111,0.6946495375272976,13,0.9632431620086908,4.858825393677111e-13
T,-1,4,0.3373768958292306,,,,0.5168778401277607,2.0,0.9111111111111111,0.3373768958292306,4,0.3830467125941693,0.5648223771841914
T,-1,7,0.5533168319819805,,,,0.5717882326561965,4.0,0.8444444444444444,0.5533168319819805,7,0.7387149500222285,0.5061780220186523
T,-1,14,1.5411673294591683,,,,0.9929626545506208,14.0,0.6888888888888889,1.5411673294591683,14,0.9803510418003161,4.85882514160446e-13
T,-1,10,1.4234720182666094,,,,0.7937909771442017,8.0,0.7777777777777778,1.4234720182666094,10,0.875874585465795,4.85882547393342e-13
T,-1,9,0.6439632019189334,,,,0.8393503184016409,8.0,0.8,0.6439632019189334,9,0.8764058487295748,4.858825120307495e-13
T,-1,15,0.6941843095402884,,,,0.7688779673081281,12.0,0.6666666666666666,0.6941843095402884,15,0.9723868646031721,4.858825387331079e-13
T,-1,8,1.548097624651395,,,,0.8730117177650258,7.0,0.8222222222222222,1.548097624651395,8,0.84362869222527,4.894265554534439e-13
T,-1,12,1.3157784147399036,,,,0.7658418952633133,9.0,0.7333333333333333,1.3157784147399036,12,0.9319253929840493,4.85882549015948e-13
T,-1,14,2.7325442204759556,,,,0.6724926627440373,9.0,0.6888888888888889,2.7325442204759556,14,0.9087220250243072,4.858825262250662e-13
T,-1,4,0.7679208739584652,,,,0.5204950998479996,2.0,0.9111111111111111,0.7679208739584652,4,0.3805307520934451,0.5652498205971158
T,-1,10,2.0733305580581223,,,,0.6830211292742716,7.0,0.7777777777777778,2.0733305580581223,10,0.8442682727013762,4.894265403672084e-13
T,-1,4,0.6029452075434651,,,,0.6925573363232066,3.0,0.9111111111111111,0.6029452075434651,4,0.5698221114185533,0.508656477456026
T,-1,6,1.2026148065799307,,,,0.7666689232012927,5.0,0.8666666666666667,1.2026148065799307,6,0.7761993663776171,0.5053548831801941
T,-1,7,1.3048540575001442,,,,0.9560024884860914,7.0,0.8444444444444444,1.3048540575001442,7,0.8435520178941812,4.894265601317709e-13
T,-1,10,1.7671955794122567,,,,0.6047002929816165,6.0,0.7777777777777778,1.7671955794122567,10,0.8450390105240236,0.5008997640928431
T,-1,4,0.3959102196235245,,,,0.7451820032888972,3.0,0.9111111111111111,0.3959102196235245,4,0.5698362820443096,0.5086886130578566
T,-1,11,0.8873236923542014,,,,0.9550165597973048,11.0,0.7555555555555555,0.8873236923542014,11,0.9528540775557008,4.858825307992403e-13
T,-1,12,1.4133176008754817,,,,0.8499360298051244,10.0,0.7333333333333333,1.4133176008754817,12,0.9319828796968922,4.858825381707666e-13
T,-1,12,2.3835561338700275,,,,0.8333752027907465,10.0,0.7333333333333333,2.3835561338700275,12,0.9319074879566923,4.858825463136163e-13
T,-1,15,3.306831621450596,,,,0.8558875055398552,13.0,0.6666666666666666,3.306831621450596,15,0.9747516759975187,4.858825452217346e-13
T,-1,7,1.0277022073569624,,,,0.7067793518160126,5.0,0.8444444444444444,1.0277022073569624,7,0.7738150137763553,0.5059746412347927
T,-1,16,1.1806759216555014,,,,0.5993010097942665,10.0,0.6444444444444445,1.1806759216555014,16,0.9625304758875889,4.858825229302055e-13
T,-1,5,0.68802341758415,,,,0.9464631993739165,5.0,0.8888888888888888,0.68802341758415,5,0.7736831676145364,0.5059960536203488
T,-1,12,1.4716452146918881,,,,0.7779215587694268,9.0,0.7333333333333333,1.4716452146918881,12,0.9218844626160883,4.858825427335162e-13
T,-1,14,2.2515845432789425,,,,0.5254896951374213,7.0,0.6888888888888889,2.2515845432789425,14,0.890795059047684,4.89426550492933e-13
T,-1,8,0.9273695906911008,,,,0.7248107587670829,6.0,0.8222222222222222,0.9273695906911008,8,0.8102260043216861,0.5020462866741702
T,-1,12,2.606377924398936,,,,0.8688631554151452,10.0,0.7333333333333333,2.606377924398936,12,0.9400549361012962,4.858825407872363e-13
T,-1,9,1.213964991304752,,,,0.7662821719461286,7.0,0.8,1.213964991304752,9,0.8489556621653904,4.894265531466118e-13
T,-1,14,1.0468205313753318,,,,0.8879833202072895,12.0,0.6888888888888889,1.0468205313753318,14,0.9625383238229533,4.858825469212997e-13
T,-1,8,0.5397024085483609,,,,0.8363403762657919,7.0,0.8222222222222222,0.5397024085483609,8,0.8435560289879248,4.894265373462738e-13
T,-1,16,1.0957162293397895,,,,0.6250411168565065,10.0,0.6444444444444445,1.0957162293397895,16,0.964970476868334,4.858825189138157e-13
T,-1,13,2.2114057703308845,,,,0.8985243676264127,12.0,0.7111111111111111,2.2114057703308845,13,0.9626048683651536,4.858825294265817e-13
T,-1,12,1.5937343789993923,,,,0.6314374765539281,8.0,0.7333333333333333,1.5937343789993923,12,0.8758321157154018,4.858825485808043e-13
T,-1,10,0.6013027175334379,,,,0.9739932146158026,10.0,0.7777777777777778,0.6013027175334379,10,0.9319062040582571,4.858825482966648e-13
T,-1,9,1.0550991719164007,,,,0.5264067167955038,5.0,0.8,1.0550991719164007,9,0.7915085283421539,0.5055011446133809
T,-1,11,1.485555859702494,,,,0.6821665350213478,8.0,0.7555555555555555,1.485555859702494,11,0.8764066707987181,4.858825541274431e-13
T,-1,9,0.8507276587459927,,,,0.8644523905705095,8.0,0.8,0.8507276587459927,9,0.8758296014418279,4.858825386368848e-13
T,-1,11,0.937088754821917,,,,0.8467716302228224,9.0,0.7555555555555555,0.937088754821917,11,0.905821204711389,4.858825396913602e-13
T,-1,14,2.77581167877279,,,,0.606992971013069,8.0,0.6888888888888889,2.77581167877279,14,0.9065739330529716,4.858825224862014e-13
T,-1,14,1.8773150563808245,,,,0.735198479772988,10.0,0.6888888888888889,1.8773150563808245,14,0.9319108878284145,4.858825348727436e-13
T,-1,12,2.08881953642015,,,,0.7421145794556072,9.0,0.7333333333333333,2.08881953642015,12,0.9269027842896225,4.858825581399345e-13
T,-1,14,1.3166789919542188,,,,0.8295288415318687,12.0,0.6888888888888889,1.3166789919542188,14,0.9720147970965279,4.858825470914979e-13
T,-1,6,0.8381105927010779,,,,0.8510405174934286,5.0,0.8666666666666667,0.8381105927010779,6,0.7737258796449078,0.5059950380149415
T,-1,4,0.658801303745894,,,,0.6294335875905239,3.0,0.9111111111111111,0.658801303745894,4,0.5698221123977644,0.5086898712582029
T,-1,9,1.944207472738838,,,,0.9117947739541661,8.0,0.8,1.944207472738838,9,0.875843772072245,4.858825520176509e-13
T,-1,10,1.5859252911983572,,,,0.8186218457353851,8.0,0.7777777777777778,1.5859252911983572,10,0.8783458011887806,4.858825215146839e-13
T,-1,5,0.9764001313532207,,,,0.6251475984565185,3.0,0.8888888888888888,0.9764001313532207,5,0.5907712653492045,0.5084107884416805
T,-1,7,1.0019259007808032,,,,0.8370438287783468,6.0,0.8444444444444444,1.0019259007808032,7,0.8198931144393973,0.5016186216822629
T,-1,13,2.079744676361064,,,,0.6437355751316076,8.0,0.7111111111111111,2.079744676361064,13,0.8940411838350769,4.858825619358051e-13
T,-1,5,0.5517950815985627,,,,0.520537673024071,3.0,0.8888888888888888,0.5517950815985627,5,0.6117738060290746,0.5044872523381124
T,-1,6,0.38713973814884484,,,,0.5734769056316857,3.0,0.8666666666666667,0.38713973814884484,6,0.5795050738548082,0.5082134439756997
T,-1,13,0.9057762592952212,,,,0.9185793459656586,12.0,0.7111111111111111,0.9057762592952212,13,0.9706769253219517,4.858825422980674e-13
T,-1,11,1.273258671812984,,,,0.9059017167903665,10.0,0.7555555555555555,1.273258671812984,11,0.9319089340310779,4.858825351627774e-13
T,-1,13,2.6438611972330817,,,,0.7071863959540403,9.0,0.7111111111111111,2.6438611972330817,13,0.9052447182361683,4.85882531894015e-13
T,-1,5,0.2508815408572612,,,,0.5078461314237077,3.0,0.8888888888888888,0.2508815408572612,5,0.6160320555333391,0.5043005115546318
T,-1,6,0.27049751937172173,,,,0.5210238928132189,3.0,0.8666666666666667,0.27049751937172173,6,0.6016599996035239,0.5079570654223747
T,-1,13,2.637584239633675,,,,0.7585621261708242,10.0,0.7111111111111111,2.637584239633675,13,0.9344224068389595,4.858825452816619e-13
T,-1,7,1.4776857503767062,,,,0.9191747545851492,6.0,0.8444444444444444,1.4776857503767062,7,0.8396293383528861,0.5013491530945905
T,-1,15,1.958154474112005,,,,0.815656040767518,12.0,0.6666666666666666,1.958154474112005,15,0.9631060976441931,4.858825080653624e-13
T,-1,11,2.318000681557265,,,,0.7316673799615951,8.0,0.7555555555555555,2.318000681557265,11,0.8758412920167647,4.858825419924611e-13
T,-1,16,1.5608466843115971,,,,0.607998987840596,10.0,0.6444444444444445,1.5608466843115971,16,0.9529057014614272,4.858825372052375e-13
T,-1,14,2.930969488682148,,,,0.9022424093515449,13.0,0.6888888888888889,2.930969488682148,14,0.9733617454897912,4.858825424338632e-13
T,-1,16,2.52177680876273,,,,0.5258792832197174,8.0,0.6444444444444445,2.52177680876273,16,0.8853557041217512,4.858825320520427e-13
T,-1,10,2.04695750091308,,,,0.9182395849079172,9.0,0.7777777777777778,2.04695750091308,10,0.9052399398834196,4.858825257966885e-13
T,-1,6,0.9187401765691795,,,,0.9450249434493612,6.0,0.8666666666666667,0.9187401765691795,6,0.8102189979610329,0.502070781496164
T,-1,12,2.492703224119957,,,,0.7907538184189207,9.0,0.7333333333333333,2.492703224119957,12,0.9178015038201733,4.858825511368474e-13
T,-1,13,1.8707813245580092,,,,0.6892145580566577,9.0,0.7111111111111111,1.8707813245580092,13,0.9053803245430135,4.858825333373148e-13
T,-1,4,0.7800120111907792,,,,0.9228730431537857,4.0,0.9111111111111111,0.7800120111907792,4,0.7358184778303958,0.5062351586703274
T,-1,15,1.0811419542863592,,,,0.6847919688803111,10.0,0.6666666666666666,1.0811419542863592,15,0.9528713137244161,4.858825405702888e-13
T,-1,14,2.0012938178453052,,,,0.8830713946553814,12.0,0.6888888888888889,2.0012938178453052,14,0.9695127716692785,4.858825372038317e-13
T,-1,12,1.4380615129232823,,,,0.9105573115261556,11.0,0.7333333333333333,1.4380615129232823,12,0.9535690455303265,4.85882552305457e-13
T,-1,14,2.0285013388930975,,,,0.9355370500838183,13.0,0.6888888888888889,2.0285013388930975,14,0.9803510418003161,4.85882514160446e-13
T,-1,7,0.3801218924473819,,,,0.52773032873856,4.0,0.8444444444444444,0.3801218924473819,7,0.7682237769099941,0.5024690384747105
T,-1,6,1.311841565920478,,,,0.8083345905054029,5.0,0.8666666666666667,1.311841565920478,6,0.7736844507578191,0.5059960533516225
T,-1,15,1.4188114718650557,,,,0.5103471002752626,8.0,0.6666666666666666,1.4188114718650557,15,0.9257374894077218,4.858825198733134e-13
T,-1,8,1.1064498333705877,,,,0.7653838486348967,6.0,0.8222222222222222,1.1064498333705877,8,0.8102250473291828,0.5020538922150724
T,-1,6,0.8136124907511921,,,,0.5672896968656047,3.0,0.8666666666666667,0.8136124907511921,6,0.6026809551338326,0.5044396865015582
T,-1,7,1.1103639387636166,,,,0.55220752562567,4.0,0.8444444444444444,1.1103639387636166,7,0.7358232480682236,0.5062182185278642
T,-1,5,0.525793679269617,,,,0.6033264327000172,3.0,0.8888888888888888,0.525793679269617,5,0.5698335623519016,0.5086893233862568
T,-1,8,1.7634161758852775,,,,0.7843177487684899,6.0,0.8222222222222222,1.7634161758852775,8,0.8131077266124439,0.5020312051204902
T,-1,9,1.8596572196878418,,,,0.7167209578110163,6.0,0.8,1.8596572196878418,9,0.8102290182228248,0.502031724854232
T,-1,15,2.329044637365766,,,,0.5362871687430011,8.0,0.6666666666666666,2.329044637365766,15,0.9107850485804951,4.85882541716687e-13
T,-1,14,0.6746155672186143,,,,0.5637783001822896,8.0,0.6888888888888889,0.6746155672186143,14,0.8759701818479569,4.858825548493105e-13
T,-1,10,1.5365428744314158,,,,0.6245331517896457,6.0,0.7777777777777778,1.5365428744314158,10,0.8109402554176984,0.5012485277982771
T,-1,4,0.6364685301986327,,,,0.8381170475882433,3.0,0.9111111111111111,0.6364685301986327,4,0.5698243834074882,0.5086424031935343
T,-1,13,0.7177977287359494,,,,0.5917372865694219,8.0,0.7111111111111111,0.7177977287359494,13,0.8784320151006523,4.858825425170731e-13
T,-1,12,0.985060801772003,,,,0.8642366490168129,10.0,0.7333333333333333,0.985060801772003,12,0.9319114982952833,4.858825331495187e-13
T,-1,9,1.4930971675843008,,,,0.875851094131912,8.0,0.8,1.4930971675843008,9,0.8839783300243004,4.858825303335681e-13
T,-1,12,1.8228502232461814,,,,0.5208031368564776,6.0,0.7333333333333333,1.8228502232461814,12,0.8103324199329379,0.5019993928937132
T,-1,16,3.4533610665940886,,,,0.5581240138064092,9.0,0.6444444444444445,3.4533610665940886,16,0.9136795006245603,4.85882526330277e-13
T,-1,4,0.7723847422152337,,,,0.7385575267427333,3.0,0.9111111111111111,0.7723847422152337,4,0.5712065345787186,0.5085096243576416
T,-1,10,0.6382449851124044,,,,0.6123492360168337,6.0,0.7777777777777778,0.6382449851124044,10,0.8427265533339952,0.4999259718670932
T,-1,9,0.5598170061989807,,,,0.8780320147780472,8.0,0.8,0.5598170061989807,9,0.8782521336496452,4.858825580807707e-13
T,-1,7,1.0199756032888923,,,,0.9905583533118274,7.0,0.8444444444444444,1.0199756032888923,7,0.8435520178941812,4.894265601317709e-13
T,-1,14,1.818785383537346,,,,0.690321409994844,10.0,0.6888888888888889,1.818785383537346,14,0.9436678269718808,4.858825359861042e-13
T,-1,10,1.6641596466464412,,,,0.8747015511760652,9.0,0.7777777777777778,1.6641596466464412,10,0.9122103434276491,4.858825665576895e-13
T,-1,7,1.3877593241363027,,,,0.6867597221708219,5.0,0.8444444444444444,1.3877593241363027,7,0.8070164258100413,0.5021029049586992
T,-1,4,0.23301821684951435,,,,0.9877981841715675,4.0,0.9111111111111111,0.23301821684951435,4,0.7358184778303958,0.5062351586703274
T,-1,10,1.441934732081492,,,,0.8495048413102197,8.0,0.7777777777777778,1.441934732081492,10,0.8783885095298657,4.858825436842881e-13
T,-1,11,0.5176595493613395,,,,0.6269713413447948,7.0,0.7555555555555555,0.5176595493613395,11,0.8838725840728494,4.894265350517464e-13
T,-1,4,0.5441403480406366,,,,0.5169209433626102,2.0,0.9111111111111111,0.5441403480406366,4,0.40986418260192836,0.5643165091564852
T,-1,8,1.314229229986836,,,,0.7909708177258807,6.0,0.8222222222222222,1.314229229986836,8,0.8183677300040724,0.5020611191743554
T,-1,6,1.080174732941875,,,,0.8324950914068054,5.0,0.8666666666666667,1.080174732941875,6,0.7748426025918984,0.5002679613052796
T,-1,11,0.9756487002528016,,,,0.9366403206476595,10.0,0.7555555555555555,0.9756487002528016,11,0.9326211720328828,4.85882523753416e-13
T,-1,15,2.475963522028823,,,,0.8713056958315917,13.0,0.6666666666666666,2.475963522028823,15,0.9722035949632586,4.858825489373586e-13
T,-1,7,0.7931046437312792,,,,0.8816492571921336,6.0,0.8444444444444444,0.7931046437312792,7,0.8102192362233894,0.5020707690608504
T,-1,6,0.5688360484975199,,,,0.9767451408329576,6.0,0.8666666666666667,0.5688360484975199,6,0.8102189979610329,0.502070781496164
T,-1,4,0.6335328467261861,,,,0.5619026680471283,2.0,0.9111111111111111,0.6335328467261861,4,0.3804965528379179,0.565255278007113
T,-1,14,2.8303798013192956,,,,0.9322336851670032,13.0,0.6888888888888889,2.8303798013192956,14,0.9722035936557121,4.85882540533608e-13
T,-1,4,0.38304914410732144,,,,0.8296789494748642,3.0,0.9111111111111111,0.38304914410732144,4,0.5698221114185533,0.508656477456026
T,-1,13,0.6907793483073713,,,,0.7829682761142919,10.0,0.7111111111111111,0.6907793483073713,13,0.9557415257739043,4.858825371194121e-13
T,-1,8,0.6894215363269384,,,,0.5556053414094468,4.0,0.8222222222222222,0.6894215363269384,8,0.7373222913696428,0.5060456864428626
T,-1,6,0.7702199796293528,,,,0.8756557208843999,5.0,0.8666666666666667,0.7702199796293528,6,0.7736831713038226,0.5059960536170145
T,-1,15,2.984788941843603,,,,0.8152494118558999,12.0,0.6666666666666666,2.984788941843603,15,0.9654212141273995,4.85882528508708e-13
T,-1,16,3.543440049433065,,,,0.931781346633551,15.0,0.6444444444444445,3.543440049433065,16,0.9880364140743239,4.858825224780197e-13
T,-1,15,2.842641703577048,,,,0.5795285394246925,9.0,0.6666666666666666,2.842641703577048,15,0.9272237367510934,4.858825219778618e-13
T,-1,6,1.1314547010093057,,,,0.8594285561166004,5.0,0.8666666666666667,1.1314547010093057,6,0.7736879338394034,0.5059786485604602
T,-1,6,0.7373502127506708,,,,0.6058798799464764,4.0,0.8666666666666667,0.7373502127506708,6,0.7387061616008807,0.5061941277581948
T,-1,14,2.826727740146466,,,,0.5811974007406895,8.0,0.6888888888888889,2.826727740146466,14,0.8823907494675632,4.85882549574459e-13
T,-1,14,0.7047560831669951,,,,0.6414590998717402,9.0,0.6888888888888889,0.7047560831669951,14,0.9149330635032168,4.858825482428268e-13
T,-1,12,1.3442582055958414,,,,0.55623046045044,7.0,0.7333333333333333,1.3442582055958414,12,0.8534373225732518,4.894265616712449e-13
T,-1,10,2.0683206272364507,,,,0.7707269217634529,8.0,0.7777777777777778,2.0683206272364507,10,0.8764071318728576,4.858825588011868e-13
T,-1,16,3.009087982030129,,,,0.8592900665737059,14.0,0.6444444444444445,3.009087982030129,16,0.9804299908304146,4.858825691761654e-13
T,-1,11,0.5311343008928112,,,,0.7196115290332811,8.0,0.7555555555555555,0.5311343008928112,11,0.8766761635077644,4.858825479676896e-13
T,-1,4,0.4505884206900639,,,,0.9694640428746422,4.0,0.9111111111111111,0.4505884206900639,4,0.7358184778303958,0.5062351586703274
T,-1,11,2.1134016146893435,,,,0.8949370167579899,10.0,0.7555555555555555,2.1134016146893435,11,0.9319062048134096,4.858825227943586e-13
T,-1,12,2.20946634234842,,,,0.5813819893640235,7.0,0.7333333333333333,2.20946634234842,12,0.896572530565645,4.894265339175643e-13
T,-1,6,0.7021991741461329,,,,0.6798074412579193,4.0,0.8666666666666667,0.7021991741461329,6,0.7372041868439189,0.5060546692278837
T,-1,9,1.8638306670775193,,,,0.6915731978182909,6.0,0.8,1.8638306670775193,9,0.8403483174212554,0.5005658322393848
T,-1,12,1.2329217715529461,,,,0.8807565057622156,11.0,0.7333333333333333,1.2329217715529461,12,0.9528548983172975,4.858825660143282e-13
T,-1,11,0.8998658590500577,,,,0.8228348316662282,9.0,0.7555555555555555,0.8998658590500577,11,0.907798849921719,4.858825343215726e-13
T,-1,13,2.0141695533800554,,,,0.7380285622032629,10.0,0.7111111111111111,2.0141695533800554,13,0.9415995094624134,4.858825549391469e-13
T,-1,14,1.2257736195375162,,,,0.5762388437232853,8.0,0.6888888888888889,1.2257736195375162,14,0.9091128024767351,4.858825506989343e-13
T,-1,6,0.8761968380815355,,,,0.9149071123390486,5.0,0.8666666666666667,0.8761968380815355,6,0.7833572840929007,0.5055485824272217
T,-1,12,1.1043762890514561,,,,0.6871655356321318,8.0,0.7333333333333333,1.1043762890514561,12,0.8855993291065646,4.858825374174273e-13
T,-1,11,1.5262512708437133,,,,0.5713128670410614,6.0,0.7555555555555555,1.5262512708437133,11,0.8471604807450851,4.894264922970929e-13
T,-1,8,1.3345469702483417,,,,0.9511865549330861,8.0,0.8222222222222222,1.3345469702483417,8,0.8758295987364136,4.858825416951299e-13
T,-1,7,1.475868373470455,,,,0.9016931685368257,6.0,0.8444444444444444,1.475868373470455,7,0.8102189987161854,0.5020707814840604
T,-1,7,1.4573709203164849,,,,0.5230726062962285,4.0,0.8444444444444444,1.4573709203164849,7,0.7806650228519278,0.5059093187869066
T,-1,10,0.45445938587814894,,,,0.6860105368599716,7.0,0.7777777777777778,0.45445938587814894,10,0.8480288925206636,4.894265462716493e-13
T,-1,14,1.6938838669881688,,,,0.6178077821920659,9.0,0.6888888888888889,1.6938838669881688,14,0.9080583127966547,4.858825526171097e-13
T,-1,5,0.9253823332569643,,,,0.728603383491331,4.0,0.8888888888888888,0.9253823332569643,5,0.7691514977635441,0.5023372822654962
T,-1,12,2.192982415191584,,,,0.7834271136168771,9.0,0.7333333333333333,2.192982415191584,12,0.9052449611129283,4.858825641335511e-13
T,-1,8,0.4392378083435034,,,,0.656955498217036,5.0,0.8222222222222222,0.4392378083435034,8,0.7766133278631112,0.5059119167448758
T,-1,13,1.5441839696797646,,,,0.5433128253520505,7.0,0.7111111111111111,1.5441839696797646,13,0.8613607448709897,4.894265425061349e-13
T,-1,13,2.662408468646134,,,,0.9927642555114413,13.0,0.7111111111111111,2.662408468646134,13,0.9722023105124293,4.858825272205996e-13
T,-1,5,0.4383768695227564,,,,0.8002449574424318,4.0,0.8888888888888888,0.4383768695227564,5,0.7358245965255407,0.5062082246415227
T,-1,5,1.0282116522913793,,,,0.6328972495705893,3.0,0.8888888888888888,1.0282116522913793,5,0.5705373149454606,0.5079036835521213
T,-1,15,3.1864082360284316,,,,0.7827282574853514,12.0,0.6666666666666666,3.1864082360284316,15,0.9625724708634458,4.858825383303118e-13
T,-1,10,1.118017030776789,,,,0.9553776901578952,10.0,0.7777777777777778,1.118017030776789,10,0.9319062040582571,4.858825482966648e-13
T,-1,5,0.23871272238339358,,,,0.9504444368047189,5.0,0.8888888888888888,0.23871272238339358,5,0.7736831676145364,0.5059960536203488
T,-1,16,1.855878407766845,,,,0.7128919971355789,11.0,0.6444444444444445,1.855878407766845,16,0.9660644319457333,4.858825430776007e-13
T,-1,5,0.38835126388155694,,,,0.686209619645104,3.0,0.8888888888888888,0.38835126388155694,5,0.7358193654959039,0.5062351501958544
T,-1,8,0.7188672632747268,,,,0.8078967909546789,6.0,0.8222222222222222,0.7188672632747268,8,0.8109339686457339,0.5012508358405696
T,-1,7,1.160744439949309,,,,0.522599766350303,4.0,0.8444444444444444,1.160744439949309,7,0.7681729712660732,0.5024850622335882
T,-1,13,1.3027500333574378,,,,0.9213138168548504,12.0,0.7111111111111111,1.3027500333574378,13,0.9706769253219517,4.858825422980674e-13
T,-1,15,2.921128210610867,,,,0.8651366059797057,13.0,0.6666666666666666,2.921128210610867,15,0.9747185105830567,4.858825533375174e-13
T,-1,11,1.1670083040708596,,,,0.5645983907025414,6.0,0.7555555555555555,1.1670083040708596,11,0.8196151022482399,0.5018270065139259
T,-1,14,1.5956743267710112,,,,0.8352669903930091,12.0,0.6888888888888889,1.5956743267710112,14,0.9625331987058957,4.858825390787309e-13
T,-1,13,2.5552702484722025,,,,0.9957459486594165,13.0,0.7111111111111111,2.5552702484722025,13,0.9722023105124293,4.858825272205996e-13
T,-1,9,1.086596663853732,,,,0.8406404052486487,8.0,0.8,1.086596663853732,9,0.8758343649612806,4.858825194221639e-13
T,-1,8,1.1378598120940346,,,,0.8007408540832757,6.0,0.8222222222222222,1.1378598120940346,8,0.8120934009130207,0.4955782213779273
T,-1,14,2.673857710355454,,,,0.549532950008393,8.0,0.6888888888888889,2.673857710355454,14,0.8874473224680302,4.858825620248418e-13
T,-1,13,1.9630895489064957,,,,0.9850024660463809,13.0,0.7111111111111111,1.9630895489064957,13,0.9722023105124293,4.858825272205996e-13
T,-1,15,1.3496997191770173,,,,0.6480926304333261,10.0,0.6666666666666666,1.3496997191770173,15,0.9415696877125218,4.858825469407947e-13
T,-1,6,0.4870832426286668,,,,0.5671723656860934,3.0,0.8666666666666667,0.4870832426286668,6,0.5705398074110773,0.5079036718998
T,-1,11,1.4242481103182045,,,,0.551949579622623,6.0,0.7555555555555555,1.4242481103182045,11,0.8726493913410459,4.894265275430637e-13
T,-1,13,1.386753349698801,,,,0.6533583943665442,8.0,0.7111111111111111,1.386753349698801,13,0.8797311154796816,4.858825339239559e-13
T,-1,10,1.059285629940099,,,,0.6701371859418295,7.0,0.7777777777777778,1.059285629940099,10,0.8444704907717537,4.894265545386086e-13
T,-1,6,1.0908307329262135,,,,0.6741665857876455,4.0,0.8666666666666667,1.0908307329262135,6,0.7691542277363649,0.5023372523214449
T,-1,9,0.4103629697909008,,,,0.6958143612816352,6.0,0.8,0.4103629697909008,9,0.8127352011685526,0.5014345045854496
T,-1,9,1.4666549463774887,,,,0.5471441957618045,5.0,0.8,1.4666549463774887,9,0.7777869334662294,0.5002258120941385
T,-1,15,2.12432175973685,,,,0.5461442833252412,8.0,0.6666666666666666,2.12432175973685,15,0.8782643084359757,4.858825542792829e-13
T,-1,5,0.7365042217973897,,,,0.9333663990419633,5.0,0.8888888888888888,0.7365042217973897,5,0.7736831676145364,0.5059960536203488
T,-1,14,1.0522394987240369,,,,0.8986173296370906,13.0,0.6888888888888889,1.0522394987240369,14,0.9791727148118115,4.858825387503926e-13
T,-1,8,1.0307243570783382,,,,0.9819152556626944,8.0,0.8222222222222222,1.0307243570783382,8,0.8758295987364136,4.858825416951299e-13
T,-1,16,2.2412133659668347,,,,0.8116330305610784,13.0,0.6444444444444445,2.2412133659668347,16,0.9722215070132202,4.85882524180551e-13
T,-1,7,1.2351426508897665,,,,0.7067143792422866,5.0,0.8444444444444444,1.2351426508897665,7,0.8116034238312733,0.5019000987751443
T,-1,6,0.3998387912752921,,,,0.5275216756978793,3.0,0.8666666666666667,0.3998387912752921,6,0.5966174789093364,0.5074528631325921
T,-1,10,1.9358982541460084,,,,0.6501886610682303,7.0,0.7777777777777778,1.9358982541460084,10,0.8650761421399388,4.894265280359748e-13
T,-1,16,2.8138974894437507,,,,0.9550057253478519,15.0,0.6444444444444445,2.8138974894437507,16,0.9873275647948431,4.858825464951393e-13
T,-1,9,0.6340070467772075,,,,0.8767879569903865,8.0,0.8,0.6340070467772075,9,0.8758357174315585,4.858825257678048e-13
T,-1,11,2.0797648161963505,,,,0.6759702700703407,7.0,0.7555555555555555,2.0797648161963505,11,0.8526220543007862,4.894265392686799e-13
T,-1,7,0.9013983486307379,,,,0.609533016804181,4.0,0.8444444444444444,0.9013983486307379,7,0.7359512116577228,0.5062135448265381
T,-1,8,0.5296478584782706,,,,0.691394363418044,6.0,0.8222222222222222,0.5296478584782706,8,0.8127352004134001,0.501434504591967
T,-1,7,1.3930872765245275,,,,0.976225788770549,7.0,0.8444444444444444,1.3930872765245275,7,0.8435520178941812,4.894265601317709e-13
T,-1,6,0.4110657054323911,,,,0.8756309703253231,5.0,0.8666666666666667,0.4110657054323911,6,0.7833572840929007,0.5055485824271482
T,-1,14,2.159074177610482,,,,0.5523950674428642,8.0,0.6888888888888889,2.159074177610482,14,0.8973351211669842,4.85882544922416e-13
T,-1,9,0.753110472293709,,,,0.7517750316071141,7.0,0.8,0.753110472293709,9,0.8484907515704935,4.8942655425619e-13
T,-1,13,2.191163339632767,,,,0.741194112674348,10.0,0.7111111111111111,2.191163339632767,13,0.9347963808467525,4.858825140812842e-13
T,-1,7,1.416269058994027,,,,0.8349737156460281,6.0,0.8444444444444444,1.416269058994027,7,0.8435520178941812,4.894265601317709e-13
T,-1,7,0.44204114701757363,,,,0.712195566618304,5.0,0.8444444444444444,0.44204114701757363,7,0.8030947911496723,0.5052781690597298
T,-1,5,0.32389251790174356,,,,0.6562638516312529,3.0,0.8888888888888888,0.32389251790174356,5,0.5992439000383407,0.5079691707344725
T,-1,15,2.7490963051555766,,,,0.6892703802588965,10.0,0.6666666666666666,2.7490963051555766,15,0.9415981152000675,4.858825411499725e-13
T,-1,11,1.5915694802540912,,,,0.7472621265916015,8.0,0.7555555555555555,1.5915694802540912,11,0.8787321052458813,4.858825437187698e-13
T,-1,11,1.413411316126043,,,,0.6766743543233724,7.0,0.7555555555555555,1.413411316126043,11,0.8524220158899375,4.894265649996033e-13
T,-1,6,0.5345684562496279,,,,0.7260788034192316,4.0,0.8666666666666667,0.5345684562496279,6,0.7752417536850206,0.5022641973269459
