event_id,arm,regime,stratum,configured_b1,configured_b2,lev_hit,precomputed_lam_ratio,expected_availability,mean_configured_age,mean_freshness,lam_min,lam_ratio,observability_loss,u_lmax,u_trace
0,C,,0,0.8222222222222222,0.5333333333333333,0.0680380404878453,4.902680055374424e-13,0.8222222222222222,0.5333333333333333,0.8222222222222222,2.7884922853089844e-12,4.902680206105081e-13,0.9999999999995097,0.3999781661245212,0.11830067822948503
1,C,,0,0.8222222222222222,0.5333333333333333,0.3659091813963688,0.9892404660451508,0.8222222222222222,0.5333333333333333,0.8222222222222222,5.6264926365049375,0.9892404660438983,0.010759533956101741,4.346230529627177e-06,4.207767955061629e-06
2,C,,0,0.8222222222222222,0.5333333333333333,0.4195927012902409,0.5639562488438103,0.8222222222222222,0.5333333333333333,0.8222222222222222,3.207608049151893,0.5639562488435496,0.43604375115645044,0.00030872741733019114,9.666552344564406e-05
3,C,,0,0.8222222222222222,0.5333333333333333,0.0385197324388417,0.9961854847408618,0.8222222222222222,0.5333333333333333,0.8222222222222222,5.665993746595602,0.9961854847402372,0.0038145152597628407,1.5301125454890275e-06,8.753481381604274e-06
4,C,,0,0.8222222222222222,0.5333333333333333,0.0793866248678404,0.9973735302905872,0.8222222222222222,0.5333333333333333,0.8222222222222222,5.672750980819067,0.9973735302890785,0.0026264697109215085,1.0522993599623594e-06,5.061357908514648e-06
5,C,,0,0.8222222222222222,0.5333333333333333,0.0779929541751766,0.997493549603888,0.8222222222222222,0.5333333333333333,0.8222222222222222,5.673433613419792,0.9974935496040771,0.002506450395922899,1.0040927194333493e-06,7.426642969925544e-06
6,C,,0,0.8222222222222222,0.5333333333333333,0.0342283892900911,0.9990978818657053,0.8222222222222222,0.5333333333333333,0.8222222222222222,5.682558557214845,0.9990978818649738,0.0009021181350261642,3.6081191737134356e-07,2.20264906236815e-06
7,C,,0,0.8222222222222222,0.5333333333333333,0.2273155928572763,0.7814023026103762,0.8222222222222222,0.5333333333333333,0.8222222222222222,4.444373691428008,0.7814023026097006,0.21859769739029944,0.00011175717730374532,6.477723721339895e-05
8,C,,0,0.8222222222222222,0.5333333333333333,0.2368581421596314,0.9919866790670172,0.8222222222222222,0.5333333333333333,0.8222222222222222,5.642112243547566,0.9919866790665586,0.008013320933441426,3.22796696546227e-06,5.633947010054236e-06
9,C,,0,0.8222222222222222,0.5333333333333333,0.2003692443464495,0.9957533862951438,0.8222222222222222,0.5333333333333333,0.8222222222222222,5.663536104794592,0.9957533862949596,0.004246613705040425,1.7041781972810158e-06,2.0419318547090856e-06
10,C,,0,0.8222222222222222,0.5333333333333333,0.0361372183069992,0.9989139474634824,0.8222222222222222,0.5333333333333333,0.8222222222222222,5.681512395441459,0.9989139474626524,0.0010860525373476149,4.344583774689736e-07,1.633107859017968e-05
11,C,,0,0.8222222222222222,0.5333333333333333,0.3570718268242476,0.989913607633302,0.8222222222222222,0.5333333333333333,0.8222222222222222,5.630321256861964,0.9899136076315576,0.010086392368442443,4.071552448215615e-06,1.7319849849751262e-06
12,C,,0,0.8222222222222222,0.5333333333333333,0.0052082989661008,0.9995462207542748,0.8222222222222222,0.5333333333333333,0.8222222222222222,5.685108569626745,0.9995462207555998,0.00045377924440015427,1.8141259653169592e-07,1.822036806861402e-05
13,C,,0,0.8222222222222222,0.5333333333333333,0.0038478639466566,0.9996247512619092,0.8222222222222222,0.5333333333333333,0.8222222222222222,5.685555226757007,0.9996247512605249,0.0003752487394751425,1.500057713069565e-07,8.289445073764166e-06
14,C,,0,0.8222222222222222,0.5333333333333333,0.4007048773774042,0.5648068823288102,0.8222222222222222,0.5333333333333333,0.8222222222222222,3.212446188318424,0.5648068823292902,0.4351931176707098,0.0003076619173617229,9.820387818261075e-05
15,C,,0,0.8222222222222222,0.5333333333333333,0.0657753303929513,0.9961696642716348,0.8222222222222222,0.5333333333333333,0.8222222222222222,5.665903764683943,0.9961696642719676,0.0038303357280323747,1.5364829699861714e-06,1.6995408685711827e-06
16,C,,0,0.8222222222222222,0.5333333333333333,0.2111822400109932,0.7833237528237093,0.8222222222222222,0.5333333333333333,0.8222222222222222,4.455302303670059,0.7833237528214004,0.21667624717859957,0.00011050346560026143,5.9914471027351484e-05
17,C,,0,0.8222222222222222,0.5333333333333333,0.0401394850567878,0.9990732605454284,0.8222222222222222,0.5333333333333333,0.8222222222222222,5.682418518785262,0.9990732605439673,0.0009267394560327213,3.7066860679558294e-07,8.026882520297911e-06
18,C,,0,0.8222222222222222,0.5333333333333333,0.2390203387945067,0.9915209983664184,0.8222222222222222,0.5333333333333333,0.8222222222222222,5.6394635962940205,0.9915209983640756,0.00847900163592441,3.4171573935735442e-06,8.824972694883668e-06
19,C,,0,0.8222222222222222,0.5333333333333333,0.2378974536875573,0.9913066924244464,0.8222222222222222,0.5333333333333333,0.8222222222222222,5.638244690639309,0.9913066924232649,0.008693307576735143,3.504282361447532e-06,5.506969413477159e-06
20,C,,0,0.8222222222222222,0.5333333333333333,0.2677874952415754,4.89426521440243e-13,0.8222222222222222,0.5333333333333333,0.8222222222222222,2.7837062107730253e-12,4.894265410404905e-13,0.9999999999995106,0.3999781661248581,0.11830261864886742
21,C,,0,0.8222222222222222,0.5333333333333333,0.0277310224637452,0.9988012498630354,0.8222222222222222,0.5333333333333333,0.8222222222222222,5.6808714064896355,0.9988012498639179,0.0011987501360820607,4.795953478937328e-07,2.340705625864586e-06
22,C,,0,0.8222222222222222,0.5333333333333333,0.2011372086425655,0.7835121143891294,0.8222222222222222,0.5333333333333333,0.8222222222222222,4.456373645792099,0.7835121143902439,0.21648788560975607,0.00011038089358993056,5.903330618567993e-05
23,C,,0,0.8222222222222222,0.5333333333333333,0.0659975780647178,0.9958135704662394,0.8222222222222222,0.5333333333333333,0.8222222222222222,5.663878413665501,0.9958135704645419,0.004186429535458114,1.6799246841116897e-06,4.082062602767007e-06
24,C,,0,0.8222222222222222,0.5333333333333333,0.0735958004657988,4.894265407788812e-13,0.8222222222222222,0.5333333333333333,0.8222222222222222,2.783706127151897e-12,4.894265263383645e-13,0.9999999999995106,0.3999781661248581,0.11831344516868574
25,C,,0,0.8222222222222222,0.5333333333333333,0.2747524996381234,0.9541257801128088,0.8222222222222222,0.5333333333333333,0.8222222222222222,5.426771205159139,0.9541257801129841,0.0458742198870159,1.9211801511543025e-05,1.690286529261828e-05
26,C,,0,0.8222222222222222,0.5333333333333333,0.3929713341011464,0.7790947328489269,0.8222222222222222,0.5333333333333333,0.8222222222222222,4.431248951070288,0.7790947328487561,0.22090526715124392,0.00011327098742824818,6.0187535532411404e-05
27,C,,0,0.8222222222222222,0.5333333333333333,0.1771495456012727,0.996186758856724,0.8222222222222222,0.5333333333333333,0.8222222222222222,5.666000993384515,0.9961867588584675,0.003813241141532475,1.5295995053750231e-06,7.662519174680562e-06
28,C,,0,0.8222222222222222,0.5333333333333333,0.0593398428663016,0.9957309760518128,0.8222222222222222,0.5333333333333333,0.8222222222222222,5.66340864228298,0.9957309760506855,0.004269023949314499,1.7132100107618789e-06,1.3536524452545627e-05
29,C,,0,0.8222222222222222,0.5333333333333333,0.3803605127535456,0.7798074007535315,0.8222222222222222,0.5333333333333333,0.8222222222222222,4.435302384832386,0.7798074007509371,0.22019259924906287,0.00011280250860499915,6.083708653096362e-05
30,C,,0,0.8222222222222222,0.5333333333333333,0.0167735283290371,0.999480943616123,0.8222222222222222,0.5333333333333333,0.8222222222222222,5.684737293522555,0.9994809436158134,0.0005190563841865892,2.0752273561174733e-07,1.3504169124896494e-06
31,C,,0,0.8222222222222222,0.5333333333333333,0.2245519477795357,0.9953772290759458,0.8222222222222222,0.5333333333333333,0.8222222222222222,5.661396639306493,0.9953772290735317,0.004622770926468345,1.8558315217642268e-06,3.005045080510124e-06
32,C,,0,0.8222222222222222,0.5333333333333333,0.0730118917385285,4.894265690780066e-13,0.8222222222222222,0.5333333333333333,0.8222222222222222,2.783706240451113e-12,4.89426546258442e-13,0.9999999999995106,0.3999781661248581,0.11830169913648035
33,C,,0,0.8222222222222222,0.5333333333333333,0.2174890363975649,0.9924781490473624,0.8222222222222222,0.5333333333333333,0.8222222222222222,5.644907572217884,0.9924781490488758,0.0075218509511242315,3.028491585862583e-06,2.247373251484808e-06
34,C,,0,0.8222222222222222,0.5333333333333333,0.0641499407305979,0.9959195936805396,0.8222222222222222,0.5333333333333333,0.8222222222222222,5.6644814407937,0.9959195936793357,0.004080406320664309,1.6372056976746103e-06,1.8465479111437812e-06
35,C,,0,0.8222222222222222,0.5333333333333333,0.19331752563224,0.9952993139880638,0.8222222222222222,0.5333333333333333,0.8222222222222222,5.660953482492801,0.995299313988375,0.004700686011624988,1.887258452585678e-06,1.0650776951073683e-05
36,C,,0,0.8222222222222222,0.5333333333333333,0.2086735092904,0.9926287934886944,0.8222222222222222,0.5333333333333333,0.8222222222222222,5.645764391016115,0.9926287934879671,0.007371206512032935,2.9673882864058667e-06,8.086618044667004e-06
37,C,,0,0.8222222222222222,0.5333333333333333,0.2027968034799184,0.9956686660277976,0.8222222222222222,0.5333333333333333,0.8222222222222222,5.663054242217225,0.9956686660275746,0.004331333972425355,1.7383244333197327e-06,2.671303831234703e-06
38,C,,0,0.8222222222222222,0.5333333333333333,0.0212152829667745,0.9991031335987806,0.8222222222222222,0.5333333333333333,0.8222222222222222,5.682588427444651,0.9991031335985072,0.0008968664014927796,3.5870954600987784e-07,2.568316235392907e-06
39,C,,0,0.8222222222222222,0.5333333333333333,0.1007493064537942,4.894265478193084e-13,0.8222222222222222,0.5333333333333333,0.8222222222222222,2.783706215799175e-12,4.894265419241797e-13,0.9999999999995106,0.3999781661248581,0.11830147978234823
40,C,,0,0.8222222222222222,0.5333333333333333,0.0030633249812013,0.9997386363503664,0.8222222222222222,0.5333333333333333,0.8222222222222222,5.686202969774272,0.9997386363476782,0.0002613636523217666,1.0446829114905467e-07,2.241490881527883e-06
41,C,,0,0.8222222222222222,0.5333333333333333,0.0428619179249308,0.9966114676155278,0.8222222222222222,0.5333333333333333,0.8222222222222222,5.668416604935241,0.9966114676158767,0.0033885323841232884,1.3586580783029866e-06,6.735742537305705e-06
42,C,,0,0.8222222222222222,0.5333333333333333,0.236642164595055,0.7818604311913359,0.8222222222222222,0.5333333333333333,0.8222222222222222,4.4469793845583325,0.7818604311905301,0.21813956880946994,0.00011145769790271954,6.026207540944244e-05
43,C,,0,0.8222222222222222,0.5333333333333333,0.3056676526085725,4.859308117230256e-13,0.8222222222222222,0.5333333333333333,0.8222222222222222,2.7638235409316826e-12,4.859308034912338e-13,0.999999999999514,0.3999781661262576,0.11836226670701479
44,C,,0,0.8222222222222222,0.5333333333333333,0.3771830952196156,0.9891921201115402,0.8222222222222222,0.5333333333333333,0.8222222222222222,5.626217659841629,0.9891921201097371,0.010807879890262884,4.365972653165468e-06,3.4575911794684702e-06
45,C,,0,0.8222222222222222,0.5333333333333333,0.110799041909508,4.859307853340012e-13,0.8222222222222222,0.5333333333333333,0.8222222222222222,2.763823402803588e-12,4.859307792057847e-13,0.999999999999514,0.39997816612625764,0.11830149813368321
46,C,,0,0.8222222222222222,0.5333333333333333,0.0366103087594531,0.9961695140341412,0.8222222222222222,0.5333333333333333,0.8222222222222222,5.66590291016921,0.9961695140326254,0.003830485967374564,1.5365434677981298e-06,6.859514694856893e-06
47,C,,0,0.8222222222222222,0.5333333333333333,0.0952234524110155,0.9953387257724448,0.8222222222222222,0.5333333333333333,0.8222222222222222,5.661177644484323,0.995338725772463,0.004661274227537038,1.8713611552305876e-06,2.4686325363795527e-06
48,C,,0,0.8222222222222222,0.5333333333333333,0.2072539198814689,0.7807896771488037,0.8222222222222222,0.5333333333333333,0.8222222222222222,4.440889268005884,0.7807896771478573,0.2192103228521427,0.00011215820006520001,6.356207958890995e-05
49,C,,0,0.8222222222222222,0.5333333333333333,0.2824518575330513,0.9879196941125612,0.8222222222222222,0.5333333333333333,0.8222222222222222,5.6189804958296605,0.987919694113196,0.012080305886803977,4.886263380898122e-06,6.00010380811695e-06
50,C,,0,0.8222222222222222,0.5333333333333333,0.3693577474203267,0.9893288516824792,0.8222222222222222,0.5333333333333333,0.8222222222222222,5.626995346567174,0.9893288516809868,0.010671148319013168,4.310143125772248e-06,9.555632691196064e-06
51,C,,0,0.8222222222222222,0.5333333333333333,0.0377050554329672,0.9960459709995796,0.8222222222222222,0.5333333333333333,0.8222222222222222,5.665200235763024,0.9960459710011207,0.003954028998879311,1.5862974817221238e-06,7.2940529261566705e-06
52,C,,0,0.8222222222222222,0.5333333333333333,0.0178160157295132,0.9987864290116784,0.8222222222222222,0.5333333333333333,0.8222222222222222,5.680787110078285,0.998786429010744,0.0012135709892560076,4.855320647619728e-07,7.504319168511591e-06
53,C,,0,0.8222222222222222,0.5333333333333333,0.047956216062446,0.9988074142467488,0.8222222222222222,0.5333333333333333,0.8222222222222222,5.680906467584698,0.9988074142466447,0.0011925857533553463,4.771261629987056e-07,3.0118296654842903e-06
54,C,,0,0.8222222222222222,0.5333333333333333,0.0323062903975907,0.9967000701423022,0.8222222222222222,0.5333333333333333,0.8222222222222222,5.668920548594985,0.996700070142003,0.003299929857996986,1.3230147120178672e-06,3.5471287448748986e-06
55,C,,0,0.8222222222222222,0.5333333333333333,0.2287163253276584,0.9898929253780782,0.8222222222222222,0.5333333333333333,0.8222222222222222,5.63020362260908,0.9898929253751921,0.010107074624807866,4.0799863675254265e-06,2.3503982029604037e-06
56,C,,0,0.8222222222222222,0.5333333333333333,0.4546997937591093,0.5587969046198731,0.8222222222222222,0.5333333333333333,0.8222222222222222,3.1782633010502686,0.5587969046191121,0.44120309538088787,0.0003152593726171357,0.00010071210600976883
57,C,,0,0.8222222222222222,0.5333333333333333,0.0618420300804462,0.9961046740070316,0.8222222222222222,0.5333333333333333,0.8222222222222222,5.665534120232901,0.9961046740066917,0.0038953259933083295,1.5626547068136273e-06,1.6984963609637141e-06
58,C,,0,0.8222222222222222,0.5333333333333333,0.4045949378901671,0.9853661800001944,0.8222222222222222,0.5333333333333333,0.8222222222222222,5.604456900353857,0.9853661799996432,0.014633820000356845,5.934436718218281e-06,1.3796083629863876e-05
59,C,,0,0.8222222222222222,0.5333333333333333,0.0065991854409045,0.9994711502626368,0.8222222222222222,0.5333333333333333,0.8222222222222222,5.6846815919565215,0.9994711502602184,0.0005288497397816228,2.1144026423518018e-07,6.500937915052184e-06
60,C,,0,0.8222222222222222,0.5333333333333333,0.2379100544928754,0.9917908790040522,0.8222222222222222,0.5333333333333333,0.8222222222222222,5.640998593574323,0.9917908790025199,0.008209120997480057,3.3074923308567467e-06,6.272124179602928e-06
61,C,,0,0.8222222222222222,0.5333333333333333,0.4259647338253772,4.894265294320239e-13,0.8222222222222222,0.5333333333333333,0.8222222222222222,2.7837062442059543e-12,4.894265469186119e-13,0.9999999999995106,0.3999781661248581,0.11835872110729503
62,C,,0,0.8222222222222222,0.5333333333333333,0.2346150669065492,0.7830526199184833,0.8222222222222222,0.5333333333333333,0.8222222222222222,4.453760183896017,0.7830526199180936,0.2169473800819064,0.00011068000257446879,5.9430574346242114e-05
63,C,,0,0.8222222222222222,0.5333333333333333,0.0659948556015782,0.9957817724595428,0.8222222222222222,0.5333333333333333,0.8222222222222222,5.663697556483562,0.9957817724591934,0.004218227540806585,1.6927385417151466e-06,2.066252723905496e-05
64,C,,0,0.8222222222222222,0.5333333333333333,0.0803916838992412,0.9952936891010932,0.8222222222222222,0.5333333333333333,0.8222222222222222,5.660921489870765,0.9952936890994117,0.004706310900588262,1.8895274332140371e-06,5.251013385312437e-06
65,C,,0,0.8222222222222222,0.5333333333333333,0.1105373097848285,4.902680275734712e-13,0.8222222222222222,0.5333333333333333,0.8222222222222222,2.7884922573898503e-12,4.902680157018129e-13,0.9999999999995097,0.3999781661245212,0.11830363852487483
66,C,,0,0.8222222222222222,0.5333333333333333,0.2453981144825922,0.9922416332817754,0.8222222222222222,0.5333333333333333,0.8222222222222222,5.643562343959388,0.992241633280467,0.007758366719533005,3.124462782543594e-06,3.062562180259528e-06
67,C,,0,0.8222222222222222,0.5333333333333333,0.2249900484493565,0.9899591233081726,0.8222222222222222,0.5333333333333333,0.8222222222222222,5.630580135883727,0.9899591233054741,0.010040876694525913,4.0529930671326084e-06,3.2309711476022172e-06
68,C,,0,0.8222222222222222,0.5333333333333333,0.2587648762418102,4.859307861801619e-13,0.8222222222222222,0.5333333333333333,0.8222222222222222,2.7638234050523358e-12,4.859307796011557e-13,0.999999999999514,0.39997816612625764,0.11836467239790938
69,C,,0,0.8222222222222222,0.5333333333333333,0.0520671510510336,0.9962425521847976,0.8222222222222222,0.5333333333333333,0.8222222222222222,5.666318328501514,0.9962425521846681,0.003757447815331938,1.50713488967149e-06,7.346345157459199e-06
70,C,,0,0.8222222222222222,0.5333333333333333,0.0628711975346031,0.996031849812666,0.8222222222222222,0.5333333333333333,0.8222222222222222,5.665119918819302,0.9960318498112478,0.003968150188752184,1.5919852398891655e-06,3.6452622811952724e-06
71,C,,0,0.8222222222222222,0.5333333333333333,0.2083941988638775,0.9560120129151208,0.8222222222222222,0.5333333333333333,0.8222222222222222,5.437499511713733,0.9560120129158267,0.043987987084173286,1.838555168857797e-05,1.67438181239502e-05
72,C,,0,0.8222222222222222,0.5333333333333333,0.442077203655249,0.7774745753469957,0.8222222222222222,0.5333333333333333,0.8222222222222222,4.42203399821311,0.7774745753460405,0.22252542465395952,0.00011433920443781142,6.0213597538144576e-05
73,C,,0,0.8222222222222222,0.5333333333333333,0.0957627516748159,0.995382252723642,0.8222222222222222,0.5333333333333333,0.8222222222222222,5.661425212273932,0.9953822527245789,0.00461774727542108,1.8538054084399771e-06,2.326810974872534e-06
74,C,,0,0.8222222222222222,0.5333333333333333,0.2005156964523745,0.9927346321452896,0.8222222222222222,0.5333333333333333,0.8222222222222222,5.64636636844232,0.9927346321459231,0.007265367854076943,2.9244698614524206e-06,7.0196477683767824e-06
75,C,,0,0.8222222222222222,0.5333333333333333,0.2611804107001668,0.9908858973498984,0.8222222222222222,0.5333333333333333,0.8222222222222222,5.635851338911593,0.9908858973504745,0.009114102649525502,3.675463950959727e-06,5.4063492572444305e-06
76,C,,0,0.8222222222222222,0.5333333333333333,0.0411530713679112,0.9967785205967497,0.8222222222222222,0.5333333333333333,0.8222222222222222,5.669366750417394,0.9967785205954677,0.0032214794045323236,1.2914606445393844e-06,2.2933151560380517e-05
77,C,,0,0.8222222222222222,0.5333333333333333,0.0472041674237001,0.996029457658447,0.8222222222222222,0.5333333333333333,0.8222222222222222,5.6651063129835135,0.9960294576560978,0.00397054234390215,1.5929487723863024e-06,9.698663356551536e-06
78,C,,0,0.8222222222222222,0.5333333333333333,0.2643007968498385,0.9887736855991494,0.8222222222222222,0.5333333333333333,0.8222222222222222,5.6238377342508,0.9887736855977382,0.01122631440226185,4.536921498913262e-06,5.068324305542192e-06
79,C,,0,0.8222222222222222,0.5333333333333333,0.1120279905598833,0.993618497358,0.8222222222222222,0.5333333333333333,0.8222222222222222,5.651393519333241,0.9936184973549419,0.006381502645058101,2.566412071279923e-06,9.991650637536847e-06
80,C,,0,0.8222222222222222,0.5333333333333333,0.2094016068794892,0.9924574357510426,0.8222222222222222,0.5333333333333333,0.8222222222222222,5.64478976140513,0.9924574357500514,0.007542564249948591,3.036894612325403e-06,9.91777559601015e-06
81,C,,0,0.8222222222222222,0.5333333333333333,0.2603922188001844,0.9885022631074686,0.8222222222222222,0.5333333333333333,0.8222222222222222,5.622293967400237,0.9885022631082098,0.011497736891790233,4.647886795685033e-06,6.402095957967204e-06
82,C,,0,0.8222222222222222,0.5333333333333333,0.0487646121889435,0.9965951820805278,0.8222222222222222,0.5333333333333333,0.8222222222222222,5.668323977869468,0.9965951820810626,0.0034048179189374306,1.3652101749438665e-06,6.914199388716375e-06
83,C,,0,0.8222222222222222,0.5333333333333333,0.0301408908694609,0.9991180002543562,0.8222222222222222,0.5333333333333333,0.8222222222222222,5.682672984352539,0.999118000251744,0.0008819997482559794,3.527582544834627e-07,4.128989310931588e-06
84,C,,0,0.8222222222222222,0.5333333333333333,0.215630140687824,0.7836884890252284,0.8222222222222222,0.5333333333333333,0.8222222222222222,4.457376809953904,0.7836884890248617,0.21631151097513834,0.00011026617515246193,5.8859440885197294e-05
85,C,,0,0.8222222222222222,0.5333333333333333,0.0608706384857469,0.9962206229951872,0.8222222222222222,0.5333333333333333,0.8222222222222222,5.666193602083168,0.9962206229957071,0.003779377004292872,1.5159641548763523e-06,7.759880658669278e-06
86,C,,0,0.8222222222222222,0.5333333333333333,0.1754879845631192,0.9961460261572134,0.8222222222222222,0.5333333333333333,0.8222222222222222,5.665769318421402,0.9961460261563588,0.0038539738436411675,1.5460017014828575e-06,9.608402413705982e-06
87,C,,0,0.8222222222222222,0.5333333333333333,0.0782972512958942,0.9968670841986144,0.8222222222222222,0.5333333333333333,0.8222222222222222,5.669870472693223,0.9968670841982464,0.0031329158017535663,1.2558448635022996e-06,1.1840157912561254e-05
88,C,,0,0.8222222222222222,0.5333333333333333,0.0612946894299613,0.9965609922815248,0.8222222222222222,0.5333333333333333,0.8222222222222222,5.668129516897263,0.9965609922802044,0.0034390077197955504,1.3789663221494141e-06,1.4793281386733515e-05
89,C,,0,0.8222222222222222,0.5333333333333333,0.2210829851464255,0.9921242876838278,0.8222222222222222,0.5333333333333333,0.8222222222222222,5.642894918650055,0.9921242876858472,0.00787571231415285,3.1720951663019826e-06,9.048684710976286e-06
90,C,,0,0.8222222222222222,0.5333333333333333,0.0625991250553652,0.9985117997801768,0.8222222222222222,0.5333333333333333,0.8222222222222222,5.679225104273784,0.99851179977903,0.0014882002209699596,5.955708136802961e-07,1.1917645819814614e-06
91,C,,0,0.8222222222222222,0.5333333333333333,0.1939641914396849,0.9954268456547506,0.8222222222222222,0.5333333333333333,0.8222222222222222,5.661678843003962,0.9954268456526759,0.004573154347324082,1.8358213116178508e-06,8.003005015364637e-06
92,C,,0,0.8222222222222222,0.5333333333333333,0.0126259193942843,0.9992507238279524,0.8222222222222222,0.5333333333333333,0.8222222222222222,5.683427874836586,0.9992507238261793,0.000749276173820701,2.9963532745625704e-07,8.987001557188733e-06
93,C,,0,0.8222222222222222,0.5333333333333333,0.3845739731358666,0.7805006636627358,0.8222222222222222,0.5333333333333333,0.8222222222222222,4.439245449026831,0.7805006636614841,0.21949933633851593,0.00011234760568379904,6.754457136396667e-05
94,C,,0,0.8222222222222222,0.5333333333333333,0.0460619717415715,0.9987203591786056,0.8222222222222222,0.5333333333333333,0.8222222222222222,5.680411325381468,0.9987203591777899,0.0012796408222101041,5.119994768901335e-07,3.4925836872336994e-06
95,C,,0,0.8222222222222222,0.5333333333333333,0.1910693745731486,0.9932667324372024,0.8222222222222222,0.5333333333333333,0.8222222222222222,5.649392789681051,0.9932667324346932,0.006733267565306789,2.7088373676746956e-06,1.14935238944778e-06
96,C,,0,0.8222222222222222,0.5333333333333333,0.0330111290631888,0.9967378694134592,0.8222222222222222,0.5333333333333333,0.8222222222222222,5.669135539114394,0.9967378694132994,0.0032621305867005512,1.307810601654173e-06,3.6475566327340784e-06
97,C,,0,0.8222222222222222,0.5333333333333333,0.2075358202344442,0.9927968604475204,0.8222222222222222,0.5333333333333333,0.8222222222222222,5.646720303706514,0.9927968604484058,0.00720313955159424,2.8992400530188453e-06,6.985883496747076e-06
98,C,,0,0.8222222222222222,0.5333333333333333,0.192006730142331,0.7838658031878624,0.8222222222222222,0.5333333333333333,0.8222222222222222,4.458385317854597,0.7838658031866571,0.2161341968133429,0.00011015089759484667,5.9985044723833024e-05
99,C,,0,0.8222222222222222,0.5333333333333333,0.0632090278315601,0.9963014671095388,0.8222222222222222,0.5333333333333333,0.8222222222222222,5.666653418295502,0.9963014671082957,0.003698532891704298,1.48341612290599e-06,2.4129954247282806e-06
100,C,,1,0.6444444444444445,1.0666666666666669,0.4287173938815201,0.7747893068001918,0.6444444444444445,1.0666666666666667,0.6444444444444445,4.406761024426173,0.7747893067990169,0.22521069320098308,0.00011611950584038566,7.506727420637282e-05
101,C,,1,0.6444444444444445,1.0666666666666669,0.6272915383684282,0.7744835452924153,0.6444444444444445,1.0666666666666667,0.6444444444444445,4.4050219479104396,0.7744835452928616,0.22551645470713844,0.00011632300398978083,6.994515685321261e-05
102,C,,1,0.6444444444444445,1.0666666666666669,0.1459057490067204,4.902680133595825e-13,0.6444444444444445,1.0666666666666667,0.6444444444444445,2.7884922882526205e-12,4.902680211280532e-13,0.9999999999995097,0.3999781661245212,0.11832438509955488
103,C,,1,0.6444444444444445,1.0666666666666669,0.1748529875483642,4.858825456693001e-13,0.6444444444444445,1.0666666666666667,0.6444444444444445,2.763549066301084e-12,4.858825458236188e-13,0.9999999999995142,0.39997816612627696,0.23661082305584766
104,C,,1,0.6444444444444445,1.0666666666666669,0.4635805283248617,0.9830855363590634,0.6444444444444445,1.0666666666666667,0.6444444444444445,5.5914853073954704,0.9830855363567045,0.01691446364329552,6.875200205734989e-06,1.3639526729279882e-05
105,C,,1,0.6444444444444445,1.0666666666666669,0.3785848579874897,0.9883642725218512,0.6444444444444445,1.0666666666666667,0.6444444444444445,5.621509119781106,0.9883642725207012,0.011635727479298752,4.704324649873916e-06,1.5170684652655931e-05
106,C,,1,0.6444444444444445,1.0666666666666669,0.0541104525581526,0.998446590403232,0.6444444444444445,1.0666666666666667,0.6444444444444445,5.678854213601659,0.9984465904052607,0.0015534095947392634,6.217078630549821e-07,4.01247518932002e-06
107,C,,1,0.6444444444444445,1.0666666666666669,0.053241741410854,0.9955104085718068,0.6444444444444445,1.0666666666666667,0.6444444444444445,5.662154122934477,0.9955104085701697,0.0044895914298302975,1.8021251540522575e-06,1.9562689498836457e-05
108,C,,1,0.6444444444444445,1.0666666666666669,0.1104956639422671,0.9948231897419824,0.6444444444444445,1.0666666666666667,0.6444444444444445,5.658245435602854,0.9948231897417885,0.005176810258211484,2.079409287819898e-06,5.183793898210999e-06
109,C,,1,0.6444444444444445,1.0666666666666669,0.3078941337572049,0.98573154873093,0.6444444444444445,1.0666666666666667,0.6444444444444445,5.606535004258409,0.9857315487307223,0.014268451269277671,5.784126593817315e-06,1.8483577096463098e-05
110,C,,1,0.6444444444444445,1.0666666666666669,0.3180144532021652,0.9869156140647194,0.6444444444444445,1.0666666666666667,0.6444444444444445,5.613269600248055,0.9869156140633935,0.013084385936606546,5.297774436345982e-06,7.602280899106995e-06
111,C,,1,0.6444444444444445,1.0666666666666669,0.0719251757368102,0.9954225271032444,0.6444444444444445,1.0666666666666667,0.6444444444444445,5.661654280423013,0.995422527101032,0.004577472898968038,1.8375628907215413e-06,7.421815639935918e-06
112,C,,1,0.6444444444444445,1.0666666666666669,0.0480353902692878,0.9984993167523124,0.6444444444444445,1.0666666666666667,0.6444444444444445,5.679154104690417,0.9984993167517736,0.0015006832482263865,6.005739638298978e-07,3.1980556672192025e-06
113,C,,1,0.6444444444444445,1.0666666666666669,0.3427085521118702,4.90268000879427e-13,0.6444444444444445,1.0666666666666667,0.6444444444444445,2.788492234205692e-12,4.902680116256132e-13,0.9999999999995097,0.3999781661245212,0.11832261805166427
114,C,,1,0.6444444444444445,1.0666666666666669,0.3313611257996972,4.90268002963751e-13,0.6444444444444445,1.0666666666666667,0.6444444444444445,2.788492212873731e-12,4.902680078750637e-13,0.9999999999995097,0.3999781661245212,0.1183744306693236
115,C,,1,0.6444444444444445,1.0666666666666669,0.4995596935959033,4.858825345400495e-13,0.6444444444444445,1.0666666666666667,0.6444444444444445,2.7635489798652377e-12,4.858825306266138e-13,0.9999999999995142,0.39997816612627696,0.2366064690327081
116,C,,1,0.6444444444444445,1.0666666666666669,0.2737800334060374,0.9887464040124948,0.6444444444444445,1.0666666666666667,0.6444444444444445,5.623682565047828,0.9887464040096191,0.011253595990380894,4.548072243202754e-06,9.83356397659706e-06
117,C,,1,0.6444444444444445,1.0666666666666669,0.2707109433181697,0.9882040339612348,0.6444444444444445,1.0666666666666667,0.6444444444444445,5.620597732610956,0.9882040339622971,0.011795966037702943,4.769881634840395e-06,2.2228443025496423e-05
118,C,,1,0.6444444444444445,1.0666666666666669,0.6434250228703492,0.7755886582891667,0.6444444444444445,1.0666666666666667,0.6444444444444445,4.411307487517533,0.7755886582881076,0.22441134171189236,0.0001155882582331228,7.461340989149428e-05
119,C,,1,0.6444444444444445,1.0666666666666669,0.2921799457129537,0.7798929811010603,0.6444444444444445,1.0666666666666667,0.6444444444444445,4.4357891392990885,0.7798929811020721,0.22010701889792794,0.0001127463090786318,7.565446835920295e-05
120,C,,1,0.6444444444444445,1.0666666666666669,0.2564944657341485,0.7164258002913434,0.6444444444444445,1.0666666666666667,0.6444444444444445,4.074807519806927,0.7164258002898478,0.2835741997101522,0.0001581064846115756,0.00011345107835784999
121,C,,1,0.6444444444444445,1.0666666666666669,0.648576130942219,0.4978041531543867,0.6444444444444445,1.0666666666666667,0.6444444444444445,2.8313554674327177,0.49780415315338217,0.5021958468466179,0.0004027198159545776,0.0001712500927845655
122,C,,1,0.6444444444444445,1.0666666666666669,0.5651137246273747,0.7736761882129605,0.6444444444444445,1.0666666666666667,0.6444444444444445,4.400429951500449,0.7736761882123211,0.2263238117876789,0.00011686110882646801,8.300695721543183e-05
123,C,,1,0.6444444444444445,1.0666666666666669,0.385833716050219,4.858825565178246e-13,0.6444444444444445,1.0666666666666667,0.6444444444444445,2.763549145004692e-12,4.858825596611547e-13,0.9999999999995142,0.39997816612627696,0.23665188712453916
124,C,,1,0.6444444444444445,1.0666666666666669,0.1582246163666941,0.9927985649768886,0.6444444444444445,1.0666666666666667,0.6444444444444445,5.646729998532613,0.992798564976414,0.007201435023585945,2.898549014587398e-06,7.4867081469009715e-06
125,C,,1,0.6444444444444445,1.0666666666666669,0.1011375130465666,4.89426548293202e-13,0.6444444444444445,1.0666666666666667,0.6444444444444445,2.7837061759276353e-12,4.894265349140328e-13,0.9999999999995106,0.3999781661248581,0.11830845074561905
126,C,,1,0.6444444444444445,1.0666666666666669,0.0962389289295579,0.995132915303478,0.6444444444444445,1.0666666666666667,0.6444444444444445,5.660007058428963,0.9951329153022891,0.004867084697710911,1.9543915701338532e-06,4.6050233771543814e-06
127,C,,1,0.6444444444444445,1.0666666666666669,0.2387271506828346,4.894265317767948e-13,0.6444444444444445,1.0666666666666667,0.6444444444444445,2.7837061550495728e-12,4.894265312432869e-13,0.9999999999995106,0.3999781661248581,0.11832639667149075
128,C,,1,0.6444444444444445,1.0666666666666669,0.6349382729993264,4.859308093081955e-13,0.6444444444444445,1.0666666666666667,0.6444444444444445,2.7638234962729898e-12,4.859307956394176e-13,0.999999999999514,0.3999781661262576,0.11840134543413064
129,C,,1,0.6444444444444445,1.0666666666666669,0.0888833749552805,0.9951681046560384,0.6444444444444445,1.0666666666666667,0.6444444444444445,5.660207204536031,0.9951681046539907,0.004831895346009252,1.940192647671014e-06,6.9982408524000364e-06
130,C,,1,0.6444444444444445,1.0666666666666669,0.1025621234956277,4.859307724904854e-13,0.6444444444444445,1.0666666666666667,0.6444444444444445,2.7638236123958486e-12,4.859308160559432e-13,0.999999999999514,0.3999781661262576,0.11830963035699761
131,C,,1,0.6444444444444445,1.0666666666666669,0.2467599435171969,0.9893117049510696,0.6444444444444445,1.0666666666666667,0.6444444444444445,5.62689782128231,0.9893117049495358,0.010688295050464203,4.317143544963827e-06,1.3725075731137686e-05
132,C,,1,0.6444444444444445,1.0666666666666669,0.483920842323294,0.4798140469200598,0.6444444444444445,1.0666666666666667,0.6444444444444445,2.7290333286553787,0.47981404692024227,0.5201859530797577,0.00043275432350998154,0.00015808328821416878
133,C,,1,0.6444444444444445,1.0666666666666669,0.2903130319732893,0.9880264615914888,0.6444444444444445,1.0666666666666667,0.6444444444444445,5.61958775609796,0.9880264615915582,0.011973538408441842,4.842555063014291e-06,8.263293622510664e-06
134,C,,1,0.6444444444444445,1.0666666666666669,0.2572421638602306,0.9910194174159972,0.6444444444444445,1.0666666666666667,0.6444444444444445,5.636610759589711,0.9910194174160072,0.008980582583992813,3.6211315755157213e-06,8.805040288764488e-06
135,C,,1,0.6444444444444445,1.0666666666666669,0.4597686505542762,0.7737069264642343,0.6444444444444445,1.0666666666666667,0.6444444444444445,4.400604781121301,0.7737069264620237,0.22629307353797634,0.00011684060119427511,7.408827054312992e-05
136,C,,1,0.6444444444444445,1.0666666666666669,0.3135527520243341,0.7797641158609588,0.6444444444444445,1.0666666666666667,0.6444444444444445,4.435056193825474,0.7797641158624379,0.22023588413756212,0.00011283093793135296,7.778153644694575e-05
137,C,,1,0.6444444444444445,1.0666666666666669,0.5925757468374486,0.7752125328125398,0.6444444444444445,1.0666666666666667,0.6444444444444445,4.409168202590916,0.7752125328126958,0.22478746718730425,0.00011583809427274996,6.986823522142567e-05
138,C,,1,0.6444444444444445,1.0666666666666669,0.4534169771297959,0.5215438549516372,0.6444444444444445,1.0666666666666667,0.6444444444444445,2.9663795206804635,0.5215438549518561,0.47845614504814393,0.0003662514374879753,0.00014008155108805287
139,C,,1,0.6444444444444445,1.0666666666666669,0.2343133354820401,0.99222258516891,0.6444444444444445,1.0666666666666667,0.6444444444444445,5.643454004203632,0.9922225851669443,0.007777414833055718,3.1321939399130752e-06,1.914919952393308e-05
140,C,,1,0.6444444444444445,1.0666666666666669,0.7746137134075877,0.5044892020654622,0.6444444444444445,1.0666666666666667,0.6444444444444445,2.8693779501005237,0.5044892020647429,0.4955107979352571,0.0003921039202433262,0.00015950098355603244
141,C,,1,0.6444444444444445,1.0666666666666669,0.2180365811768694,0.9556641419955128,0.6444444444444445,1.0666666666666667,0.6444444444444445,5.435520929915279,0.9556641419939474,0.04433585800605255,1.8537688841914525e-05,1.798083184560482e-05
142,C,,1,0.6444444444444445,1.0666666666666669,0.644680382963068,4.902680276139564e-13,0.6444444444444445,1.0666666666666667,0.6444444444444445,2.788492375354379e-12,4.902680364421378e-13,0.9999999999995097,0.3999781661245212,0.1184003122539194
143,C,,1,0.6444444444444445,1.0666666666666669,0.4537948881144258,0.7775615172388114,0.6444444444444445,1.0666666666666667,0.6444444444444445,4.422528496700875,0.7775615172379254,0.22243848276207456,0.00011428176823093625,6.245226776069737e-05
144,C,,1,0.6444444444444445,1.0666666666666669,0.4705081097980082,4.858825334980409e-13,0.6444444444444445,1.0666666666666667,0.6444444444444445,2.7635490050383124e-12,4.858825350525014e-13,0.9999999999995142,0.39997816612627696,0.2366042254818403
145,C,,1,0.6444444444444445,1.0666666666666669,0.500460185198742,4.902680401122132e-13,0.6444444444444445,1.0666666666666667,0.6444444444444445,2.7884922128828877e-12,4.902680078766736e-13,0.9999999999995097,0.3999781661245212,0.1184852418262024
146,C,,1,0.6444444444444445,1.0666666666666669,0.4264279993948821,0.9862273470681504,0.6444444444444445,1.0666666666666667,0.6444444444444445,5.60935495126492,0.9862273470674768,0.013772652932523166,5.58033657065816e-06,2.604809226147166e-05
147,C,,1,0.6444444444444445,1.0666666666666669,0.3526011686665656,4.858825370093307e-13,0.6444444444444445,1.0666666666666667,0.6444444444444445,2.7635489574801923e-12,4.858825266909128e-13,0.9999999999995142,0.39997816612627696,0.23660179379236929
148,C,,1,0.6444444444444445,1.0666666666666669,0.5612518555429761,4.858825631194424e-13,0.6444444444444445,1.0666666666666667,0.6444444444444445,2.763549082178009e-12,4.858825486150731e-13,0.9999999999995142,0.39997816612627696,0.23666954166963616
149,C,,1,0.6444444444444445,1.0666666666666669,0.2943320229795322,0.9881784016438576,0.6444444444444445,1.0666666666666667,0.6444444444444445,5.620451943942531,0.988178401643975,0.011821598356025032,4.780370329158341e-06,1.8823846131484443e-05
150,C,,1,0.6444444444444445,1.0666666666666669,0.0777674195637864,0.9973287785198915,0.6444444444444445,1.0666666666666667,0.6444444444444445,5.672496446637298,0.9973287785176173,0.0026712214823827463,1.0702772047864396e-06,2.3863068281090724e-05
151,C,,1,0.6444444444444445,1.0666666666666669,0.3483824324271859,4.859308107625474e-13,0.6444444444444445,1.0666666666666667,0.6444444444444445,2.763823624452181e-12,4.859308181756673e-13,0.999999999999514,0.3999781661262576,0.11832900816195314
152,C,,1,0.6444444444444445,1.0666666666666669,0.3775029708212836,0.9886477259611314,0.6444444444444445,1.0666666666666667,0.6444444444444445,5.623121314936928,0.9886477259596967,0.011352274040303256,4.588409841743906e-06,1.334068455607202e-05
153,C,,1,0.6444444444444445,1.0666666666666669,0.261001006602175,0.9824429830654338,0.6444444444444445,1.0666666666666667,0.6444444444444445,5.587830663780273,0.9824429830669932,0.01755701693300682,7.1410407154382696e-06,2.9712888172465312e-05
154,C,,1,0.6444444444444445,1.0666666666666669,0.3255746836913705,0.7820344803177922,0.6444444444444445,1.0666666666666667,0.6444444444444445,4.447969321936651,0.7820344803143356,0.21796551968566436,0.00011134401356286494,7.30101146229454e-05
155,C,,1,0.6444444444444445,1.0666666666666669,0.2764591130921056,4.859307888057806e-13,0.6444444444444445,1.0666666666666667,0.6444444444444445,2.7638233682442307e-12,4.859307731296167e-13,0.999999999999514,0.39997816612625764,0.11836192781328041
156,C,,1,0.6444444444444445,1.0666666666666669,0.4376200020584684,0.9855656572578096,0.6444444444444445,1.0666666666666667,0.6444444444444445,5.605591465069382,0.9855656572584706,0.014434342741529438,5.8523593788906245e-06,2.1085726039992994e-05
157,C,,1,0.6444444444444445,1.0666666666666669,0.7051627773199388,0.5537232336056066,0.6444444444444445,1.0666666666666667,0.6444444444444445,3.149405835571495,0.5537232336053346,0.4462767663946654,0.00032180135638350103,0.00010820850413558791
158,C,,1,0.6444444444444445,1.0666666666666669,0.4035515145205665,0.987495514739122,0.6444444444444445,1.0666666666666667,0.6444444444444445,5.616567895243435,0.9874955147384981,0.01250448526150194,5.060006599739144e-06,1.3118168850924117e-05
159,C,,1,0.6444444444444445,1.0666666666666669,0.2511253806240593,0.9912846287830226,0.6444444444444445,1.0666666666666667,0.6444444444444445,5.638119199508148,0.991284628783784,0.008715371216216017,3.51325435624316e-06,1.0675905225018832e-05
160,C,,1,0.6444444444444445,1.0666666666666669,0.2475204496820471,0.990831223097934,0.6444444444444445,1.0666666666666667,0.6444444444444445,5.635540368732751,0.9908312230969888,0.009168776903011211,3.697716379511396e-06,1.1236715230550086e-05
161,C,,1,0.6444444444444445,1.0666666666666669,0.1831591500501066,0.9958292622762218,0.6444444444444445,1.0666666666666667,0.6444444444444445,5.663967663806423,0.995829262274112,0.004170737725888052,1.673601550572558e-06,3.3442073168843053e-06
162,C,,1,0.6444444444444445,1.0666666666666669,0.2920030228861141,4.859308055952042e-13,0.6444444444444445,1.0666666666666667,0.6444444444444445,2.763823361654769e-12,4.859307719710685e-13,0.999999999999514,0.39997816612625764,0.11830955081043053
163,C,,1,0.6444444444444445,1.0666666666666669,0.6440112768950389,4.902679976383152e-13,0.6444444444444445,1.0666666666666667,0.6444444444444445,2.7884922241707676e-12,4.902680098612897e-13,0.9999999999995097,0.3999781661245212,0.11840618227085194
164,C,,1,0.6444444444444445,1.0666666666666669,0.4822680314271828,4.859307674332923e-13,0.6444444444444445,1.0666666666666667,0.6444444444444445,2.7638232266144292e-12,4.859307482285033e-13,0.999999999999514,0.39997816612625764,0.11838290954446655
165,C,,1,0.6444444444444445,1.0666666666666669,0.2654719225742046,0.9876305377698472,0.6444444444444445,1.0666666666666667,0.6444444444444445,5.617335864326124,0.9876305377701355,0.012369462229864459,5.004685198086127e-06,1.0641747229463708e-05
166,C,,1,0.6444444444444445,1.0666666666666669,0.3360659302917437,0.9845230995276716,0.6444444444444445,1.0666666666666667,0.6444444444444445,5.599661720378643,0.9845230995266202,0.015476900473379795,6.281699383226375e-06,2.996569456420317e-05
167,C,,1,0.6444444444444445,1.0666666666666669,0.6980549587611401,4.858825445489191e-13,0.6444444444444445,1.0666666666666667,0.6444444444444445,2.7635489249331006e-12,4.858825209685379e-13,0.9999999999995142,0.39997816612627696,0.23669569317171368
168,C,,1,0.6444444444444445,1.0666666666666669,0.3190699937872434,0.7583181395658866,0.6444444444444445,1.0666666666666667,0.6444444444444445,4.3130781390889,0.7583181395659699,0.24168186043403006,0.00012731519528704201,0.00010838219322700505
169,C,,1,0.6444444444444445,1.0666666666666669,0.2330647178467443,0.9920745054692852,0.6444444444444445,1.0666666666666667,0.6444444444444445,5.642611772858088,0.9920745054692339,0.007925494530766075,3.1923059353432236e-06,9.479374080088615e-06
170,C,,1,0.6444444444444445,1.0666666666666669,0.4798874156718715,4.894265557172729e-13,0.6444444444444445,1.0666666666666667,0.6444444444444445,2.7837063102090574e-12,4.894265585231663e-13,0.9999999999995106,0.3999781661248581,0.11836563211423012
171,C,,1,0.6444444444444445,1.0666666666666669,0.446628970572567,0.7780115132576128,0.6444444444444445,1.0666666666666667,0.6444444444444445,4.4250879343446545,0.7780115132569578,0.22198848674304217,0.00011398469337618749,6.972705304470218e-05
172,C,,1,0.6444444444444445,1.0666666666666669,0.4667426403294321,4.85930767546451e-13,0.6444444444444445,1.0666666666666667,0.6444444444444445,2.7638232480286376e-12,4.859307519935134e-13,0.999999999999514,0.39997816612625764,0.11841215747649908
173,C,,1,0.6444444444444445,1.0666666666666669,0.300340140697266,0.7787094926532543,0.6444444444444445,1.0666666666666667,0.6444444444444445,4.4290578244425305,0.7787094926526983,0.2212905073473017,0.00011352458521543389,8.751812893794784e-05
174,C,,1,0.6444444444444445,1.0666666666666669,0.4009340093451764,0.7152991464744323,0.6444444444444445,1.0666666666666667,0.6444444444444445,4.0683994626997615,0.7152991464739341,0.2847008535260659,0.00015898432001840325,0.00010546664267641414
175,C,,1,0.6444444444444445,1.0666666666666669,0.2882237405880853,0.9529352532287004,0.6444444444444445,1.0666666666666667,0.6444444444444445,5.419999857842017,0.952935253223768,0.04706474677623196,1.9734984706346334e-05,2.0358305826468053e-05
176,C,,1,0.6444444444444445,1.0666666666666669,0.3280313747000171,4.894265422081864e-13,0.6444444444444445,1.0666666666666667,0.6444444444444445,2.7837062034141652e-12,4.894265397466682e-13,0.9999999999995106,0.3999781661248581,0.11832201581716587
177,C,,1,0.6444444444444445,1.0666666666666669,0.2731048930554332,0.9893018345516724,0.6444444444444445,1.0666666666666667,0.6444444444444445,5.626841681525281,0.9893018345519373,0.01069816544806268,4.32117339788689e-06,2.626979446390495e-05
178,C,,1,0.6444444444444445,1.0666666666666669,0.2177622778746508,0.8352914008602387,0.6444444444444445,1.0666666666666667,0.6444444444444445,4.750878151063733,0.8352914008602448,0.16470859913975522,7.878047686216521e-05,5.486538942915782e-05
179,C,,1,0.6444444444444445,1.0666666666666669,0.6589325825576045,0.7736753884708966,0.6444444444444445,1.0666666666666667,0.6444444444444445,4.400425402811921,0.7736753884695595,0.22632461153044048,0.00011686164241241587,7.10761209524882e-05
180,C,,1,0.6444444444444445,1.0666666666666669,0.495981245295745,4.894265400828394e-13,0.6444444444444445,1.0666666666666667,0.6444444444444445,2.7837063183100103e-12,4.894265599474623e-13,0.9999999999995106,0.3999781661248581,0.11837436484760586
181,C,,1,0.6444444444444445,1.0666666666666669,0.0735314194144479,0.997125104009414,0.6444444444444445,1.0666666666666667,0.6444444444444445,5.671338009269848,0.9971251040093058,0.0028748959906942373,1.1521184356225273e-06,1.133580248720104e-05
182,C,,1,0.6444444444444445,1.0666666666666669,0.663520948396561,4.894265512697826e-13,0.6444444444444445,1.0666666666666667,0.6444444444444445,2.7837062632712214e-12,4.894265502706351e-13,0.9999999999995106,0.3999781661248581,0.1184609387050151
183,C,,1,0.6444444444444445,1.0666666666666669,0.6211398126597687,0.7727062818674914,0.6444444444444445,1.0666666666666667,0.6444444444444445,4.394913425351728,0.7727062818690873,0.2272937181309127,0.00011750903794944474,6.86658726772418e-05
184,C,,1,0.6444444444444445,1.0666666666666669,0.1000699946148396,0.9969060310328314,0.6444444444444445,1.0666666666666667,0.6444444444444445,5.6700919902014375,0.99690603103373,0.003093968966270011,1.2401844265113767e-06,2.25803475733401e-05
185,C,,1,0.6444444444444445,1.0666666666666669,0.4483461302544503,0.9515798334693836,0.6444444444444445,1.0666666666666667,0.6444444444444445,5.412290651101477,0.9515798334691308,0.048420166530869224,2.0332222898246624e-05,2.447106063748222e-05
186,C,,1,0.6444444444444445,1.0666666666666669,0.5236821543629726,4.858825348047356e-13,0.6444444444444445,1.0666666666666667,0.6444444444444445,2.763548999330642e-12,4.858825340489884e-13,0.9999999999995142,0.39997816612627696,0.23669840879679838
187,C,,1,0.6444444444444445,1.0666666666666669,0.292778901484323,0.759000959680294,0.6444444444444445,1.0666666666666667,0.6444444444444445,4.316961807901794,0.7590009596804941,0.24099904031950592,0.00012684143089031528,0.00011097372475345196
188,C,,1,0.6444444444444445,1.0666666666666669,0.6232796086176077,0.7742993406938511,0.6444444444444445,1.0666666666666667,0.6444444444444445,4.403974249333274,0.7742993406922859,0.2257006593077141,0.00011644567798294656,7.82003333728688e-05
189,C,,1,0.6444444444444445,1.0666666666666669,0.2053417556485307,0.9921562006665224,0.6444444444444445,1.0666666666666667,0.6444444444444445,5.643076429774443,0.9921562006662565,0.007843799333743462,3.159140081836109e-06,1.3908701019007786e-05
190,C,,1,0.6444444444444445,1.0666666666666669,0.1644844746515353,4.858825418386324e-13,0.6444444444444445,1.0666666666666667,0.6444444444444445,2.7635490584341477e-12,4.858825444404673e-13,0.9999999999995142,0.39997816612627696,0.23662524310109193
191,C,,1,0.6444444444444445,1.0666666666666669,0.560516441247566,4.858825499372158e-13,0.6444444444444445,1.0666666666666667,0.6444444444444445,2.7635492073795466e-12,4.858825706277967e-13,0.9999999999995142,0.39997816612627696,0.23671375379720605
192,C,,1,0.6444444444444445,1.0666666666666669,0.4169805773970206,0.7770277889240065,0.6444444444444445,1.0666666666666667,0.6444444444444445,4.419492815756631,0.7770277889233159,0.22297221107668408,0.00011463456632637947,7.014343646780765e-05
193,C,,1,0.6444444444444445,1.0666666666666669,0.1183103423903941,0.9869963469081262,0.6444444444444445,1.0666666666666667,0.6444444444444445,5.613728783591303,0.9869963469060044,0.013003653093995649,5.264656055160854e-06,3.7577518560241916e-05
194,C,,1,0.6444444444444445,1.0666666666666669,0.4358300983421224,0.6667506574832952,0.6444444444444445,1.0666666666666667,0.6444444444444445,3.792270730410871,0.6667506574835971,0.3332493425164029,0.00019962500166144755,0.00013194235983077934
195,C,,1,0.6444444444444445,1.0666666666666669,0.1325593996086065,0.9843436800118476,0.6444444444444445,1.0666666666666667,0.6444444444444445,5.5986412378750865,0.9843436800103023,0.015656319989697742,6.355678506889148e-06,5.086186610619605e-05
196,C,,1,0.6444444444444445,1.0666666666666669,0.0877762950862197,0.8751247498140325,0.6444444444444445,1.0666666666666667,0.6444444444444445,4.977437872659123,0.8751247498143845,0.12487525018561552,5.701253956434285e-05,5.276391555840215e-05
197,C,,1,0.6444444444444445,1.0666666666666669,0.5310540980001917,0.7753142808791281,0.6444444444444445,1.0666666666666667,0.6444444444444445,4.409746914007577,0.7753142808800101,0.2246857191199899,0.0001157704856679085,7.52888881938364e-05
198,C,,1,0.6444444444444445,1.0666666666666669,0.4664384162518039,4.90267993170746e-13,0.6444444444444445,1.0666666666666667,0.6444444444444445,2.788492317809513e-12,4.902680263246963e-13,0.9999999999995097,0.3999781661245212,0.11833967646246575
199,C,,1,0.6444444444444445,1.0666666666666669,0.3112181677198773,0.9855804293033078,0.6444444444444445,1.0666666666666667,0.6444444444444445,5.605675483869887,0.985580429302573,0.014419570697427053,5.846282561996613e-06,2.7397970258524853e-05
200,C,,2,0.4666666666666667,1.6,0.3452013097045929,0.9879415530420066,0.4666666666666667,1.6,0.4666666666666667,5.6191048226297955,0.9879415530419555,0.012058446958044478,4.877314035538697e-06,2.1623565016287093e-05
201,C,,2,0.4666666666666667,1.6,0.3470799000098605,4.858825469528686e-13,0.4666666666666667,1.6,0.4666666666666667,2.763549062767014e-12,4.858825452022646e-13,0.9999999999995142,0.39997816612627696,0.23662820368728119
202,C,,2,0.4666666666666667,1.6,0.6497480686750362,0.7743065509906881,0.4666666666666667,1.6,0.4666666666666667,4.404015259272412,0.7743065509907661,0.22569344900923394,0.00011644087507341346,7.931232952873525e-05
203,C,,2,0.4666666666666667,1.6,0.5225650145718856,0.7105831898631054,0.4666666666666667,1.6,0.4666666666666667,4.041576565687277,0.71058318986375,0.28941681013625,0.00016268894041178273,0.00010500169718660644
204,C,,2,0.4666666666666667,1.6,0.3398812363605641,0.9882948956100628,0.4666666666666667,1.6,0.4666666666666667,5.621114525458419,0.9882948956109832,0.01170510438901684,4.732705604803584e-06,2.1725880541734267e-05
205,C,,2,0.4666666666666667,1.6,0.4822058737399087,0.9503186462190106,0.4666666666666667,1.6,0.4666666666666667,5.405117409588486,0.9503186462187793,0.04968135378122074,2.0889467951857005e-05,2.7861357953730902e-05
206,C,,2,0.4666666666666667,1.6,0.3390738269105334,0.978345945351674,0.4666666666666667,1.6,0.4666666666666667,5.564527985277953,0.9783459453507889,0.021654054649211107,8.84429186440039e-06,4.509915531592879e-05
207,C,,2,0.4666666666666667,1.6,0.5487136944424926,4.858825546717292e-13,0.4666666666666667,1.6,0.4666666666666667,2.763549077645855e-12,4.858825478182373e-13,0.9999999999995142,0.39997816612627696,0.23666820770851926
208,C,,2,0.4666666666666667,1.6,0.7579288991063088,4.859307884721151e-13,0.4666666666666667,1.6,0.4666666666666667,2.7638232467105375e-12,4.859307517617672e-13,0.999999999999514,0.39997816612625764,0.11850478904102084
209,C,,2,0.4666666666666667,1.6,0.5013950130123822,0.974665888324442,0.4666666666666667,1.6,0.4666666666666667,5.543596963480391,0.9746658883249512,0.025334111675048843,1.038638761928397e-05,5.71298233233704e-05
210,C,,2,0.4666666666666667,1.6,0.8038839950817955,0.5029551103095777,0.4666666666666667,1.6,0.4666666666666667,2.8606525124890942,0.5029551103086877,0.49704488969131233,0.0003945151666767968,0.00017561290089788937
211,C,,2,0.4666666666666667,1.6,0.3355485619674526,0.7577418097328138,0.4666666666666667,1.6,0.4666666666666667,4.309800153939565,0.7577418097338158,0.24225819026618423,0.00012771573662037687,0.00011111761336747695
212,C,,2,0.4666666666666667,1.6,0.5128363898959936,0.9470874883296376,0.4666666666666667,1.6,0.4666666666666667,5.386739586703113,0.9470874883286853,0.05291251167131472,2.2323892795208022e-05,3.463711556233974e-05
213,C,,2,0.4666666666666667,1.6,0.3396079922931757,0.9854004596671968,0.4666666666666667,1.6,0.4666666666666667,5.604651872463395,0.9854004596678069,0.014599540332193128,5.920329570476707e-06,3.1067786172080614e-05
214,C,,2,0.4666666666666667,1.6,0.576031843134872,0.713250212690747,0.4666666666666667,1.6,0.4666666666666667,4.05674576347943,0.7132502126900241,0.2867497873099759,0.00016058785019603655,0.00010270024322038875
215,C,,2,0.4666666666666667,1.6,0.3228366446242512,4.859307514533237e-13,0.4666666666666667,1.6,0.4666666666666667,2.763823180039355e-12,4.859307400397522e-13,0.999999999999514,0.39997816612625764,0.11840514915173639
216,C,,2,0.4666666666666667,1.6,0.6773018546795153,4.894265089123851e-13,0.4666666666666667,1.6,0.4666666666666667,2.7837061683833773e-12,4.89426533587614e-13,0.9999999999995106,0.3999781661248581,0.11838175675250867
217,C,,2,0.4666666666666667,1.6,0.54749982612767,4.902680308051344e-13,0.4666666666666667,1.6,0.4666666666666667,2.7884920913797517e-12,4.902679865141967e-13,0.9999999999995097,0.39997816612452125,0.11849550674885342
218,C,,2,0.4666666666666667,1.6,0.8957437331570517,4.89426538716832e-13,0.4666666666666667,1.6,0.4666666666666667,2.783706206572428e-12,4.894265403019486e-13,0.9999999999995106,0.3999781661248581,0.11847069855972554
219,C,,2,0.4666666666666667,1.6,0.8555659525471271,0.4987692814208371,0.4666666666666667,1.6,0.4666666666666667,2.8368448173737106,0.49876928142151034,0.5012307185784897,0.00040116964564610775,0.00018319475792114161
220,C,,2,0.4666666666666667,1.6,0.5469738278138143,4.858825507378749e-13,0.4666666666666667,1.6,0.4666666666666667,2.763548973480122e-12,4.858825295039935e-13,0.9999999999995142,0.39997816612627696,0.23668256415273797
221,C,,2,0.4666666666666667,1.6,0.6530136051133819,0.5515508148080642,0.4666666666666667,1.6,0.4666666666666667,3.1370497919375318,0.5515508148086554,0.4484491851913446,0.00032463920339619436,0.00011689263037381079
222,C,,2,0.4666666666666667,1.6,0.4840086147002949,4.89426523468266e-13,0.4666666666666667,1.6,0.4666666666666667,2.7837061626062845e-12,4.894265325718952e-13,0.9999999999995106,0.3999781661248581,0.118405855262807
223,C,,2,0.4666666666666667,1.6,0.3555486940038471,4.859307594426904e-13,0.4666666666666667,1.6,0.4666666666666667,2.7638232164045296e-12,4.85930746433416e-13,0.999999999999514,0.39997816612625764,0.11839502995773737
224,C,,2,0.4666666666666667,1.6,0.4641818956941969,4.894265403777721e-13,0.4666666666666667,1.6,0.4666666666666667,2.783706204316712e-12,4.894265399053525e-13,0.9999999999995106,0.3999781661248581,0.11837486256237106
225,C,,2,0.4666666666666667,1.6,0.2775740399862471,0.9869401395780824,0.4666666666666667,1.6,0.4666666666666667,5.613409093756081,0.986940139577209,0.013059860422790948,5.28771296073733e-06,1.5807422266711817e-05
226,C,,2,0.4666666666666667,1.6,0.2851311970923079,0.7578763569734167,0.4666666666666667,1.6,0.4666666666666667,4.310565416862682,0.7578763569730316,0.24212364302696843,0.00012762217369712426,0.00010003818162255726
227,C,,2,0.4666666666666667,1.6,0.5508926143507848,4.902680002290485e-13,0.4666666666666667,1.6,0.4666666666666667,2.788492129443704e-12,4.902679932065367e-13,0.9999999999995097,0.3999781661245212,0.11839244923480394
228,C,,2,0.4666666666666667,1.6,0.49754198105293,4.894265613336016e-13,0.4666666666666667,1.6,0.4666666666666667,2.78370617206698e-12,4.894265342352589e-13,0.9999999999995106,0.3999781661248581,0.11832215480976371
229,C,,2,0.4666666666666667,1.6,0.3574686743402609,4.858825576452817e-13,0.4666666666666667,1.6,0.4666666666666667,2.7635490865288376e-12,4.858825493800284e-13,0.9999999999995142,0.39997816612627696,0.23663425200687246
230,C,,2,0.4666666666666667,1.6,0.4973567505262437,0.9771084706585887,0.4666666666666667,1.6,0.4666666666666667,5.557489613419743,0.9771084706561574,0.022891529343842643,9.361549870203878e-06,2.977755452172818e-05
231,C,,2,0.4666666666666667,1.6,0.5121078350129361,4.859307828620391e-13,0.4666666666666667,1.6,0.4666666666666667,2.7638234035574806e-12,4.859307793383328e-13,0.999999999999514,0.39997816612625764,0.11832644410755742
232,C,,2,0.4666666666666667,1.6,0.4044391460653939,4.859307666806286e-13,0.4666666666666667,1.6,0.4666666666666667,2.7638232037532646e-12,4.859307442090919e-13,0.999999999999514,0.39997816612625764,0.11839247162232196
233,C,,2,0.4666666666666667,1.6,0.4629553091839709,0.7560058883255024,0.4666666666666667,1.6,0.4666666666666667,4.299926771931557,0.7560058883259281,0.24399411167407192,0.00012892586324230707,0.0001220198389217882
234,C,,2,0.4666666666666667,1.6,0.3104293097639116,4.902680183564752e-13,0.4666666666666667,1.6,0.4666666666666667,2.7884922074079416e-12,4.902680069140779e-13,0.9999999999995097,0.3999781661245212,0.1184132019726583
235,C,,2,0.4666666666666667,1.6,0.7510722710210819,4.859307493029187e-13,0.4666666666666667,1.6,0.4666666666666667,2.763823415445903e-12,4.859307814285352e-13,0.999999999999514,0.39997816612625764,0.11838794566593051
236,C,,2,0.4666666666666667,1.6,0.5389189997678795,4.89426553943445e-13,0.4666666666666667,1.6,0.4666666666666667,2.7837060833002887e-12,4.894265186284486e-13,0.9999999999995106,0.3999781661248581,0.11842551525195831
237,C,,2,0.4666666666666667,1.6,0.3538748127745125,4.859307841191317e-13,0.4666666666666667,1.6,0.4666666666666667,2.76382342570723e-12,4.859307832326645e-13,0.999999999999514,0.39997816612625764,0.11842257122505365
238,C,,2,0.4666666666666667,1.6,0.3108929646788354,4.859307887894021e-13,0.4666666666666667,1.6,0.4666666666666667,2.7638235187257642e-12,4.859307995870266e-13,0.999999999999514,0.3999781661262576,0.11833971069136477
239,C,,2,0.4666666666666667,1.6,0.1631592603253229,0.9902425735950396,0.4666666666666667,1.6,0.4666666666666667,5.6321923131189475,0.9902425735936995,0.009757426406300507,3.937452296298929e-06,3.404629357263692e-05
240,C,,2,0.4666666666666667,1.6,0.5032925680639844,0.7760886438065827,0.4666666666666667,1.6,0.4666666666666667,4.41415124991533,0.776088643806877,0.22391135619312297,0.00011525652433543928,7.222640416454597e-05
241,C,,2,0.4666666666666667,1.6,0.6867434346147454,4.859308063621595e-13,0.4666666666666667,1.6,0.4666666666666667,2.7638232719282653e-12,4.859307561955057e-13,0.999999999999514,0.39997816612625764,0.11838252253951642
242,C,,2,0.4666666666666667,1.6,0.7319621273870608,4.894265229333054e-13,0.4666666666666667,1.6,0.4666666666666667,2.783706318215852e-12,4.894265599309075e-13,0.9999999999995106,0.3999781661248581,0.11861525150497579
243,C,,2,0.4666666666666667,1.6,0.2870875826766021,0.8756526803375283,0.4666666666666667,1.6,0.4666666666666667,4.9804405775571166,0.8756526803360405,0.12434731966395951,5.673732127230539e-05,6.043494531981675e-05
244,C,,2,0.4666666666666667,1.6,0.4841753412541193,0.6683068965116956,0.4666666666666667,1.6,0.4666666666666667,3.8011221348254027,0.6683068965109733,0.3316931034890267,0.00019823078361568385,0.00011089826992434432
245,C,,2,0.4666666666666667,1.6,0.1419810883628867,0.9930472611255234,0.4666666666666667,1.6,0.4666666666666667,5.64814450502243,0.9930472611268597,0.006952738873140296,2.7977496697513195e-06,3.5007110834745535e-05
246,C,,2,0.4666666666666667,1.6,0.6970691841957923,0.3557734351665137,0.4666666666666667,1.6,0.4666666666666667,2.0235288404957417,0.3557734351659486,0.6442265648340514,0.0007222807560952267,0.0002988979418679136
247,C,,2,0.4666666666666667,1.6,0.532763206846942,0.8707208248015147,0.4666666666666667,1.6,0.4666666666666667,4.95238971448884,0.8707208248005762,0.12927917519942378,5.932136226459184e-05,5.6965154762872854e-05
248,C,,2,0.4666666666666667,1.6,0.4546535876013621,0.7769298236411019,0.4666666666666667,1.6,0.4666666666666667,4.418935619639462,0.7769298236397483,0.22307017636025173,0.0001146993746370446,8.028768067860865e-05
249,C,,2,0.4666666666666667,1.6,0.3668647705512878,4.894265259061343e-13,0.4666666666666667,1.6,0.4666666666666667,2.783706278272059e-12,4.89426552908057e-13,0.9999999999995106,0.3999781661248581,0.11831901103601312
250,C,,2,0.4666666666666667,1.6,0.5100474242756948,0.5572575843173766,0.4666666666666667,1.6,0.4666666666666667,3.169508125093025,0.5572575843171451,0.4427424156828549,0.00031723160406855414,0.00011545395010656712
251,C,,2,0.4666666666666667,1.6,0.6947661328255651,0.4778928197397119,0.4666666666666667,1.6,0.4666666666666667,2.7181059849482496,0.4778928197402176,0.5221071802597824,0.00043609517555932056,0.00020437579222691937
252,C,,2,0.4666666666666667,1.6,0.7118219608321494,0.5537845211903181,0.4666666666666667,1.6,0.4666666666666667,3.1497544203246886,0.553784521189978,0.446215478810022,0.0003217216182947788,0.00018853288525397428
253,C,,2,0.4666666666666667,1.6,0.3652208578901779,4.858825355812669e-13,0.4666666666666667,1.6,0.4666666666666667,2.7635489187402474e-12,4.858825198797209e-13,0.9999999999995142,0.39997816612627696,0.23661387332482745
254,C,,2,0.4666666666666667,1.6,0.6505999128490854,0.5028482948990234,0.4666666666666667,1.6,0.4666666666666667,2.86004497959006,0.5028482948968487,0.4971517051031513,0.0003946836032010562,0.0001663964271593912
255,C,,2,0.4666666666666667,1.6,0.5159992442818097,4.902679991519815e-13,0.4666666666666667,1.6,0.4666666666666667,2.7884921819497886e-12,4.902680024380683e-13,0.9999999999995097,0.3999781661245212,0.1183557375280337
256,C,,2,0.4666666666666667,1.6,0.28308688701878,4.894265470982727e-13,0.4666666666666667,1.6,0.4666666666666667,2.783706194608846e-12,4.894265381985317e-13,0.9999999999995106,0.3999781661248581,0.11831536646360899
257,C,,2,0.4666666666666667,1.6,0.4934531821754319,0.9767947283830474,0.4666666666666667,1.6,0.4666666666666667,5.555705144773491,0.9767947283820084,0.023205271617991574,9.492900564482922e-06,3.3524310506497724e-05
258,C,,2,0.4666666666666667,1.6,0.7340381348761978,4.858825464974606e-13,0.4666666666666667,1.6,0.4666666666666667,2.7635491017119898e-12,4.858825520495047e-13,0.9999999999995142,0.39997816612627696,0.23671425526942216
259,C,,2,0.4666666666666667,1.6,0.5309291825457646,0.7745387261670664,0.4666666666666667,1.6,0.4666666666666667,4.405335799575309,0.774538726164371,0.22546127383562897,0.00011628626675104084,8.59289638109128e-05
260,C,,2,0.4666666666666667,1.6,0.5226806678199166,4.859307847399954e-13,0.4666666666666667,1.6,0.4666666666666667,2.7638232714796846e-12,4.85930756116637e-13,0.999999999999514,0.39997816612625764,0.11841459311557646
261,C,,2,0.4666666666666667,1.6,0.3133526336165916,4.894265620014377e-13,0.4666666666666667,1.6,0.4666666666666667,2.783706256536357e-12,4.894265490865225e-13,0.9999999999995106,0.3999781661248581,0.11830399287847429
262,C,,2,0.4666666666666667,1.6,0.6663302085479418,0.5548624037997055,0.4666666666666667,1.6,0.4666666666666667,3.1558850819483557,0.5548624037988356,0.44513759620116444,0.00032032211528992523,0.000108528691716383
263,C,,2,0.4666666666666667,1.6,0.5404703115287701,4.894265457411066e-13,0.4666666666666667,1.6,0.4666666666666667,2.7837063888571404e-12,4.8942657235094e-13,0.9999999999995106,0.3999781661248581,0.11849309659443381
264,C,,2,0.4666666666666667,1.6,0.5783438476773545,4.85882529583911e-13,0.4666666666666667,1.6,0.4666666666666667,2.7635490789174112e-12,4.858825480418003e-13,0.9999999999995142,0.39997816612627696,0.23663076751021536
265,C,,2,0.4666666666666667,1.6,0.6354829382752326,0.7705970779651256,0.4666666666666667,1.6,0.4666666666666667,4.382916928395599,0.7705970779641931,0.22940292203580692,0.00011892367784066847,8.600439221461749e-05
266,C,,2,0.4666666666666667,1.6,0.5391597216251603,4.89426532153062e-13,0.4666666666666667,1.6,0.4666666666666667,2.7837061245860573e-12,4.894265258872429e-13,0.9999999999995106,0.3999781661248581,0.11836960031451409
267,C,,2,0.4666666666666667,1.6,0.7973355962033923,4.85882530357087e-13,0.4666666666666667,1.6,0.4666666666666667,2.7635490097160305e-12,4.8588253587493e-13,0.9999999999995142,0.39997816612627696,0.2367798388858963
268,C,,2,0.4666666666666667,1.6,0.4175246319631851,4.858825585295843e-13,0.4666666666666667,1.6,0.4666666666666667,2.763549089791232e-12,4.858825499536171e-13,0.9999999999995142,0.39997816612627696,0.23660784033528143
269,C,,2,0.4666666666666667,1.6,0.4970908332379783,4.902680239147073e-13,0.4666666666666667,1.6,0.4666666666666667,2.788492190679009e-12,4.90268003972825e-13,0.9999999999995097,0.3999781661245212,0.11832642848333517
270,C,,2,0.4666666666666667,1.6,0.5233891811091109,4.858825394930359e-13,0.4666666666666667,1.6,0.4666666666666667,2.7635489573730385e-12,4.858825266720732e-13,0.9999999999995142,0.39997816612627696,0.2366200610897067
271,C,,2,0.4666666666666667,1.6,0.4139232083366398,4.858825558501645e-13,0.4666666666666667,1.6,0.4666666666666667,2.763549088825234e-12,4.85882549783777e-13,0.9999999999995142,0.39997816612627696,0.23672128771923626
272,C,,2,0.4666666666666667,1.6,0.8393029434298186,0.4944479826479273,0.4666666666666667,1.6,0.4666666666666667,2.8122666116083557,0.4944479826486134,0.5055520173513866,0.00040815744889976185,0.00019024319105479475
273,C,,2,0.4666666666666667,1.6,0.5510915822153878,4.859307515411892e-13,0.4666666666666667,1.6,0.4666666666666667,2.7638233724329986e-12,4.859307738660787e-13,0.999999999999514,0.39997816612625764,0.11837187793507228
274,C,,2,0.4666666666666667,1.6,0.5006069579857357,4.902680101923286e-13,0.4666666666666667,1.6,0.4666666666666667,2.78849233454865e-12,4.902680292677432e-13,0.9999999999995097,0.3999781661245212,0.11838474131600495
275,C,,2,0.4666666666666667,1.6,0.7310316532307809,4.902680063415518e-13,0.4666666666666667,1.6,0.4666666666666667,2.7884922791095012e-12,4.902680195205254e-13,0.9999999999995097,0.3999781661245212,0.11837921862594455
276,C,,2,0.4666666666666667,1.6,0.3128438648640727,0.6661093251066803,0.4666666666666667,1.6,0.4666666666666667,3.7886230309705864,0.666109325107032,0.333890674892968,0.00020020145724589702,0.0001169665484063523
277,C,,2,0.4666666666666667,1.6,0.3703737793397177,4.894265684623359e-13,0.4666666666666667,1.6,0.4666666666666667,2.7837062308049014e-12,4.894265445624613e-13,0.9999999999995106,0.3999781661248581,0.11836961410945242
278,C,,2,0.4666666666666667,1.6,0.3492124635557561,4.894265345298764e-13,0.4666666666666667,1.6,0.4666666666666667,2.7837061715920012e-12,4.894265341517489e-13,0.9999999999995106,0.3999781661248581,0.11841181128840983
279,C,,2,0.4666666666666667,1.6,0.679990072492832,0.4967962366050863,0.4666666666666667,1.6,0.4666666666666667,2.82562275103533,0.496796236604473,0.5032037633955271,0.0004043451285592601,0.00017227002905314309
280,C,,2,0.4666666666666667,1.6,0.5276546133835872,4.859307659397165e-13,0.4666666666666667,1.6,0.4666666666666667,2.76382333398624e-12,4.859307671064344e-13,0.999999999999514,0.39997816612625764,0.11837308680322803
281,C,,2,0.4666666666666667,1.6,0.7450421601982942,4.85882534069401e-13,0.4666666666666667,1.6,0.4666666666666667,2.7635489042389384e-12,4.858825173301252e-13,0.9999999999995142,0.39997816612627696,0.2367059943374527
282,C,,2,0.4666666666666667,1.6,0.6721468079151214,4.858825379163564e-13,0.4666666666666667,1.6,0.4666666666666667,2.7635490318195206e-12,4.858825397611284e-13,0.9999999999995142,0.39997816612627696,0.23671079044807725
283,C,,2,0.4666666666666667,1.6,0.4150123197009036,4.858825434770299e-13,0.4666666666666667,1.6,0.4666666666666667,2.763549153625249e-12,4.858825611768065e-13,0.9999999999995142,0.39997816612627696,0.23664574683270778
284,C,,2,0.4666666666666667,1.6,0.4320537949945965,0.987212673620673,0.4666666666666667,1.6,0.4666666666666667,5.614959182781061,0.9872126736208034,0.01278732637919655,5.175940772341611e-06,1.3748191756485297e-05
285,C,,2,0.4666666666666667,1.6,0.6093444201377487,0.7541683600264708,0.4666666666666667,1.6,0.4666666666666667,4.289475481465922,0.754168360025632,0.24583163997436797,0.00013021288243386658,0.00010608988289231184
286,C,,2,0.4666666666666667,1.6,0.2491457366206582,0.9840595704796016,0.4666666666666667,1.6,0.4666666666666667,5.597025311069153,0.9840595704788646,0.01594042952113539,6.472879048338468e-06,4.556945933993251e-05
287,C,,2,0.4666666666666667,1.6,0.683207867773491,0.7735846499916124,0.4666666666666667,1.6,0.4666666666666667,4.399909310527807,0.7735846499927425,0.22641535000725754,0.00011692219000376428,7.806460510726616e-05
288,C,,2,0.4666666666666667,1.6,0.5080839447914638,0.8723466689117299,0.4666666666666667,1.6,0.4666666666666667,4.9616370109958465,0.8723466689093708,0.12765333109062915,5.846627812585303e-05,5.0464233606238286e-05
289,C,,2,0.4666666666666667,1.6,0.4916155134018146,4.902680178721512e-13,0.4666666666666667,1.6,0.4666666666666667,2.788492272179073e-12,4.902680183020291e-13,0.9999999999995097,0.3999781661245212,0.11832387270855148
290,C,,2,0.4666666666666667,1.6,0.6636655383782244,4.894265716674212e-13,0.4666666666666667,1.6,0.4666666666666667,2.7837062144643543e-12,4.894265416894938e-13,0.9999999999995106,0.3999781661248581,0.11855017640892637
291,C,,2,0.4666666666666667,1.6,0.4981534555463113,0.9830167352674885,0.4666666666666667,1.6,0.4666666666666667,5.591093988153361,0.9830167352661414,0.016983264733858583,6.903648355996091e-06,9.645370447304195e-06
292,C,,2,0.4666666666666667,1.6,0.6386784772032612,0.5549054310134315,0.4666666666666667,1.6,0.4666666666666667,3.1561298073857773,0.5549054310133736,0.44509456898662636,0.00032026636218981404,0.00011604365771342783
293,C,,2,0.4666666666666667,1.6,0.6746960754322582,0.5503247832883327,0.4666666666666667,1.6,0.4666666666666667,3.130076505289926,0.5503247832862148,0.4496752167137852,0.0003262506499422759,0.00013278029706842518
294,C,,2,0.4666666666666667,1.6,0.3092558465459387,0.8752500099336604,0.4666666666666667,1.6,0.4666666666666667,4.978150313333711,0.8752500099347632,0.1247499900652368,5.6947209531241325e-05,5.9181059180519326e-05
295,C,,2,0.4666666666666667,1.6,0.6186804276538741,4.858825513423803e-13,0.4666666666666667,1.6,0.4666666666666667,2.7635490176027307e-12,4.858825372615563e-13,0.9999999999995142,0.39997816612627696,0.23670592872403537
296,C,,2,0.4666666666666667,1.6,0.8236331304829559,0.5003559839667094,0.4666666666666667,1.6,0.4666666666666667,2.845869488817711,0.5003559839664019,0.4996440160335981,0.0003986340864468926,0.00016210260458392105
297,C,,2,0.4666666666666667,1.6,0.331429017005275,4.902680052622216e-13,0.4666666666666667,1.6,0.4666666666666667,2.7884921520003053e-12,4.902679971724005e-13,0.9999999999995097,0.3999781661245212,0.1183172647197244
298,C,,2,0.4666666666666667,1.6,0.3607263382376328,4.858825684642121e-13,0.4666666666666667,1.6,0.4666666666666667,2.7635489582209673e-12,4.858825268211546e-13,0.9999999999995142,0.39997816612627696,0.23671117183594476
299,C,,2,0.4666666666666667,1.6,0.3842620107846174,4.858825372957056e-13,0.4666666666666667,1.6,0.4666666666666667,2.76354909920368e-12,4.858825516084979e-13,0.9999999999995142,0.39997816612627696,0.2366271489279006
300,G,ample,-1,1.0,0.3563842986560964,0.0,0.9995986406047956,0.963416103066014,0.3563842986560964,0.6441773405520166,5.682343528907327,0.9990600759498356,0.000939924050164409,3.7594701416987854e-07,1.131019612993245e-06
301,G,moderate,-1,1.0,0.5815128844490104,0.0,0.9994841922989222,0.9019280525077619,0.5815128844490104,0.6320013769444356,5.681679799899523,0.99894338023273,0.0010566197672700062,4.226718154153856e-07,2.31336523083326e-06
302,G,severe,-1,0.8444444444444444,0.8991689484400736,0.4408276225290204,0.4809029631367764,0.7157248466639791,0.8991689484400736,0.5660130625335176,2.733363005981228,0.4805752835008883,0.5194247164991117,0.0004314379706912021,0.0001605592306689304
303,G,ample,-1,1.0,0.2908896653109519,0.0,0.9994968656282424,0.9735056810334269,0.2908896653109519,0.6549497391971617,5.682219082384786,0.9990381959716842,0.0009618040283158047,3.847068960725556e-07,8.187162362585588e-07
304,G,moderate,-1,1.0,0.6548937489551498,0.0,0.9970069317503476,0.8728385070446822,0.6548937489551498,0.6286770347506198,5.666210016663605,0.9962235089796141,0.003776491020385908,1.5148021600606839e-06,8.152703005402446e-06
305,G,severe,-1,0.9111111111111112,0.7425681228908758,0.1926818229777,0.9953873675796012,0.8432541901377703,0.7425681228908758,0.6038034825401097,5.658302608155605,0.9948332417237926,0.005166758276207384,2.07535068182498e-06,5.75980121552651e-06
306,G,ample,-1,1.0,0.3873286908389539,0.0,0.9993466748477589,0.9666360847806174,0.38732869083895394,0.642738610154807,5.679350646478821,0.9985338723982339,0.0014661276017661207,5.867244971615483e-07,1.0481271201985082e-06
307,G,moderate,-1,1.0,0.3465989884390172,0.0,0.9990975931782778,0.9570761781511945,0.3465989884390172,0.6574382607840715,5.678826651337011,0.9984417444542771,0.0015582555457228642,6.236503405070418e-07,8.50123823313473e-07
308,G,severe,-1,0.9111111111111112,0.6036476830217001,0.0151200259581913,0.9827491377884944,0.8093234877624329,0.6036476830217001,0.633041040329845,5.586581983559464,0.9822234422120815,0.017776557787918534,7.2319499465940275e-06,4.099611885498349e-06
309,G,ample,-1,1.0,0.2789030689117153,0.0,0.9996042624528207,0.9762971512958697,0.27890306891171535,0.6457685249506727,5.68295646593786,0.9991678415069797,0.0008321584930203185,3.3280752012543375e-07,6.945185799931811e-07
310,G,moderate,-1,1.0,0.4845847122037712,0.0,0.998026666041637,0.9100094344842715,0.4845847122037712,0.6344515501530812,5.673179663069512,0.9974489004808857,0.0025510995191142527,1.0220250143645217e-06,1.4582965595180458e-06
311,G,severe,-1,0.8666666666666667,0.8958656588985464,0.0394389781710941,0.9924590808841632,0.7800589610263231,0.8958656588985464,0.6242707225195313,5.641868890634459,0.9919438931669357,0.008056106833064347,3.245342036188861e-06,2.0465796512170204e-06
312,G,ample,-1,1.0,0.4393684707332065,0.0,0.9841836864616532,0.9432092152861825,0.4393684707332065,0.6579452021481461,5.5935641939404075,0.983451042690299,0.016548957309700962,6.724135858233068e-06,3.214640387270354e-06
313,G,moderate,-1,1.0,0.365517606352893,0.0,0.9995027440873226,0.9554063724915881,0.365517606352893,0.6375544982014226,5.682494665033054,0.9990866484491009,0.0009133515508991108,3.6530894696474466e-07,9.465121895028159e-07
314,G,severe,-1,0.6888888888888889,1.3850726778604614,0.2276128486554688,0.939829645042717,0.577077273063158,1.3850726778604614,0.5777098895876303,5.332875736877959,0.9376172369045133,0.06238276309548674,2.658496222516649e-05,3.062789628276867e-05
315,G,ample,-1,1.0,0.2660815358498648,0.0,0.9994581502188474,0.9778788485328559,0.2660815358498648,0.6686912801931009,5.682308794373654,0.9990539689825829,0.0009460310174170816,3.783919648821323e-07,6.518972870233598e-07
316,G,moderate,-1,1.0,0.5693320563073401,0.0,0.9957825131162732,0.8746353375229012,0.5693320563073401,0.6199526165578229,5.654726575834641,0.9942045097395318,0.005795490260468217,2.3293664310670414e-06,2.524090536656099e-06
317,G,severe,-1,0.5111111111111111,1.5266281749318047,0.5679402177760483,4.858825582175525e-13,0.49505211319747394,1.5266281749318047,0.24833611862716026,2.7635489861638296e-12,4.858825317340216e-13,0.9999999999995142,0.39997816612627696,0.2367934002799404
318,G,ample,-1,1.0,0.3082620119079879,0.0,0.999511099410051,0.972900768913966,0.3082620119079879,0.6505119570487009,5.681520367031565,0.9989153490142088,0.0010846509857912467,4.3389710044857457e-07,7.751303845233394e-07
319,G,moderate,-1,1.0,0.4401944123886346,0.0,0.9967285423845672,0.9289641533138318,0.44019441238863466,0.6272316382211612,5.659450999375973,0.9950351499354317,0.00496485006456826,1.993845214315682e-06,1.685382422674477e-06
320,G,severe,-1,0.8444444444444444,0.8341073554160848,0.0039070239977457,0.9973166075667386,0.7326614517294686,0.8341073554160848,0.6162984978883472,5.669624565509836,0.9968238492111217,0.0031761507888783402,1.2732309886696553e-06,1.2212278771809855e-05
321,G,ample,-1,1.0,0.3236771772277921,0.0,0.9995622431131628,0.9741863181623829,0.32367717722779216,0.6413763140833557,5.681904688956358,0.9989829198482175,0.001017080151782479,4.068389873764666e-07,9.87616233104679e-07
322,G,moderate,-1,0.9777777777777776,0.5121721478659234,0.0294103403918532,0.9969604399561712,0.9091543713608083,0.5121721478659234,0.6425983894322768,5.667694528464126,0.9964845133459695,0.003515486654030453,1.4097407687478413e-06,1.2994780997609408e-06
323,G,severe,-1,0.8888888888888888,0.5764679406407323,0.0768319381082153,0.9564704292490998,0.8406045606694162,0.5764679406407323,0.6546210698054734,5.438235157786021,0.9561413529701747,0.04385864702982534,1.8329014577586232e-05,1.6359500458871708e-05
324,G,ample,-1,1.0,0.2829052028112797,0.0,0.9995579468749828,0.9744493016256576,0.2829052028112797,0.6438560933376434,5.682530071198012,0.9990928735014358,0.0009071264985641703,3.628168835461594e-07,7.738955119194815e-07
325,G,moderate,-1,1.0,0.59859745871734,0.0,0.9992202864823136,0.8950980072928107,0.59859745871734,0.6659976194918846,5.680459457265688,0.9987288216446683,0.001271178355331748,5.086092381858769e-07,4.734315623969042e-06
326,G,severe,-1,0.7111111111111111,1.3085843745245864,0.4270812614973437,0.5564955449255484,0.6158391666623306,1.3085843745245864,0.5458562427620864,3.163147417671303,0.5561392554432373,0.4438607445567627,0.0003186712813587194,0.00011890131972864904
327,G,ample,-1,1.0,0.3682435319719847,0.0,0.99946296762689,0.9501667611438834,0.3682435319719847,0.639294390079741,5.681912307501166,0.9989842593279439,0.0010157406720561202,4.0630264212018226e-07,9.288944313184226e-07
328,G,moderate,-1,1.0,0.595742896944639,0.0,0.9990049825242376,0.8983963520571296,0.595742896944639,0.6325234743807331,5.679279730580953,0.9985214040844212,0.001478595915578751,5.917215294382607e-07,1.5841579444459835e-06
329,G,severe,-1,0.8444444444444444,1.4085310969325535,0.2849709925451991,4.90268031640852e-13,0.6994923847289505,1.4085310969325535,0.5805019426782704,2.7884923183524992e-12,4.902680264201633e-13,0.9999999999995097,0.3999781661245212,0.11836911928570949
330,G,ample,-1,1.0,0.3221878473899613,0.0,0.9997035470144509,0.9767432877061496,0.32218784738996137,0.6477355697822657,5.683637817836219,0.9992876356510437,0.0007123643489562737,2.8486378705177875e-07,5.971298389467641e-07
331,G,moderate,-1,1.0,0.5619648333070415,0.0,0.995364752578961,0.9080390973350995,0.5619648333070415,0.633144918947554,5.65873442164177,0.9949091624441943,0.0050908375558057495,2.044699443983724e-06,2.242620288841617e-06
332,G,severe,-1,0.7777777777777778,1.1729082129736368,0.0309307198501422,0.9963539543300034,0.6559706788235619,1.1729082129736368,0.562876977415475,5.651288101865706,0.9935999630332161,0.0064000369667839285,2.5739138762922014e-06,6.102236267692565e-06
333,G,ample,-1,1.0,0.339488913470039,0.0,0.9995633825725178,0.9576134442119315,0.339488913470039,0.6423847799613868,5.683327275862433,0.9992330366838502,0.0007669633161497824,3.067138341424544e-07,9.576246335107963e-07
334,G,moderate,-1,1.0,0.6981092681905302,0.0,0.9994927740888132,0.8869135103178132,0.6981092681905302,0.6120926249095618,5.68214792235657,0.9990256847352845,0.0009743152647154751,3.897160748584638e-07,8.86283546021225e-07
335,G,severe,-1,0.7111111111111111,1.3815814179856696,0.394026821550306,0.5635558133235676,0.6541164357795843,1.3815814179856696,0.6010955173312076,3.2000138177447446,0.5626210438585273,0.4373789561414727,0.0003104063757354936,0.00010622540740882001
336,G,ample,-1,1.0,0.3690107476001001,0.0,0.99973955631822,0.9619448261965259,0.3690107476001001,0.6493733518678799,5.683253331631607,0.9992200359336336,0.0007799640663663787,3.119169765767245e-07,9.554148790557073e-07
337,G,moderate,-1,1.0,0.6767487494286025,0.0,0.997631570180646,0.8965335914115243,0.6767487494286025,0.6509669206070567,5.669832135142821,0.9968603437546564,0.003139656245343625,1.2585553051552784e-06,4.679444077865804e-06
338,G,severe,-1,0.9111111111111112,0.9540387052921344,0.0365001310526953,0.9985143608580482,0.8078279322288121,0.9540387052921343,0.6013837948910646,5.676320059611891,0.9980010397157245,0.001998960284275486,8.003836214695893e-07,1.7290730860971861e-06
339,G,ample,-1,1.0,0.3982261102505242,0.0,0.9994582718313296,0.9600547910417231,0.39822611025052423,0.6374546907273496,5.682540911656039,0.9990947794525218,0.0009052205474782138,3.620538839589065e-07,1.4837313973174346e-06
340,G,moderate,-1,1.0,0.3042157134038125,0.0,0.9995596898350748,0.9424781998789454,0.30421571340381254,0.6426438312993977,5.6829735426181385,0.9991708439001664,0.0008291560998335834,3.316057690091024e-07,6.032171169559698e-07
341,G,severe,-1,0.4,3.5285234259407456,0.5779264195610558,4.85882546900943e-13,0.35285120929015323,3.5285234259407456,0.23517044596488826,2.7635489914088384e-12,4.858825326561903e-13,0.9999999999995142,0.39997816612627696,0.23679496864760272
342,G,ample,-1,1.0,0.2813724295637122,0.0,0.9995417676544616,0.9763792211976013,0.2813724295637122,0.6511161912433803,5.682158044363021,0.9990274643694236,0.000972535630576421,3.8900354725886026e-07,8.317005024434133e-07
343,G,moderate,-1,1.0,0.3781807786512108,0.0,0.9993960679570196,0.9596239374771612,0.3781807786512108,0.6460323679503907,5.681425360793163,0.9988986451772671,0.0011013548227328807,4.405865606155189e-07,1.116988939779419e-06
344,G,severe,-1,0.6,1.7456920101583118,0.2352425325567098,0.8747614281636337,0.5164843440885455,1.7456920101583118,0.5324334928451269,4.974725199487222,0.8746478121826909,0.12535218781730906,5.726145980562451e-05,4.7886543419956076e-05
345,G,ample,-1,1.0,0.2713753961601871,0.0,0.9996273244300335,0.9749505097843276,0.27137539616018713,0.653819932200409,5.683268968475104,0.9992227851771406,0.0007772148228594178,3.108166668310059e-07,7.857919666743881e-07
346,G,moderate,-1,0.9333333333333332,0.5465870447153551,0.0028889669137674,0.99929500960802,0.8986834103446016,0.5465870447153551,0.613020021390333,5.68029622674266,0.9987001227288241,0.0012998772711758644,5.201068483015649e-07,1.5377892483606244e-06
347,G,severe,-1,0.3333333333333333,4.965312636192572,0.9579304890581576,4.858825538446596e-13,0.3073869792021,4.965312636192572,0.24343352927943307,2.7635490088209164e-12,4.858825357175525e-13,0.9999999999995142,0.39997816612627696,0.23698578774870147
348,G,ample,-1,1.0,0.283263421361664,0.0,0.9992993332351734,0.9661275800102377,0.28326342136166405,0.6528950545688464,5.68122691607628,0.9988637549611243,0.0011362450388756606,4.5455992227140137e-07,7.64460571417733e-07
349,G,moderate,-1,1.0,0.312364626882397,0.0,0.9995679677959688,0.9778157795994359,0.312364626882397,0.6504863561905572,5.682548262199407,0.9990960718126859,0.000903928187314107,3.6153652172140825e-07,7.679856820404392e-07
350,G,severe,-1,0.7555555555555555,0.8785322284756243,0.2578577671404613,0.7174175881012412,0.6982904435901554,0.8785322284756243,0.6399210587470852,4.0796816325025285,0.7172827585809267,0.2827172414190733,0.00015744062713799457,0.0001082040088733936
351,G,ample,-1,1.0,0.3897129587404053,0.0,0.9994748426719284,0.9500711251317762,0.38971295874040535,0.6387199543951465,5.682513326877469,0.9990899295431784,0.0009100704568215656,3.6399542891646965e-07,9.19221063513559e-07
352,G,moderate,-1,0.9555555555555556,0.900759841550908,0.3804538395,0.5637598852110517,0.8545544497623466,0.900759841550908,0.5842787733031568,3.2042358748836133,0.5633633588390216,0.43663664116097844,0.0003094719684326785,9.768372939573826e-05
353,G,severe,-1,0.4666666666666667,5.299651793303298,0.6043209624672837,4.85882532273149e-13,0.34409934695068173,5.299651793303298,0.2315725043523728,2.763548995175914e-12,4.858825333185111e-13,0.9999999999995142,0.39997816612627696,0.23679741801877335
354,G,ample,-1,1.0,0.2986774495279009,0.0,0.9995559004718748,0.9762691213413695,0.29867744952790093,0.64360103220988,5.682548208189272,0.9990960623167148,0.0009039376832852275,3.615403231775452e-07,8.66033401174549e-07
355,G,moderate,-1,1.0,0.4512242252344573,0.0,0.9978819714524788,0.9236386919806971,0.4512242252344573,0.6605481543329966,5.672578243677445,0.9973431599355527,0.00265684006444733,1.0644996733783295e-06,1.5209209633009837e-06
356,G,severe,-1,0.8888888888888888,0.8825820199077206,0.1675100098170754,0.9818776346611622,0.8197250881460041,0.8825820199077206,0.6140626574066629,5.564437855836762,0.9783300989441254,0.02166990105587463,8.850907317715685e-06,7.721253953692171e-06
357,G,ample,-1,1.0,0.3936375617923677,0.0,0.9930735930771504,0.9555064524009821,0.3936375617923677,0.6512743740721538,5.645134145911141,0.992517984854304,0.007482015145696019,3.012331874679236e-06,1.7813145755157258e-06
358,G,moderate,-1,1.0,0.6680164986866155,0.0,0.9937993453911528,0.8317760668099903,0.6680164986866155,0.6226587519168421,5.644418620138511,0.9923921823171798,0.0076078176828201505,3.0633690903516365e-06,6.573013343350406e-06
359,G,severe,-1,0.8444444444444444,1.0202254616018196,0.4405269142705539,0.4716418249748374,0.7032673435236696,1.0202254616018196,0.5623538256948133,2.670276766603203,0.4694835670666799,0.5305164329333201,0.00045103923581308415,0.00016949176863007936
360,G,ample,-1,1.0,0.4304204586984018,0.0,0.9994859714077108,0.9598381465636799,0.43042045869840184,0.6439571253228653,5.682730355582484,0.9991280871648379,0.0008719128351620808,3.487204484156224e-07,8.160349982883604e-07
361,G,moderate,-1,1.0,0.6232118213238194,0.0,0.9956395875864498,0.9305285629680994,0.6232118213238194,0.6532455359232869,5.646983362946098,0.9928431110811844,0.007156888918815607,2.880490268905798e-06,2.804927619525983e-06
362,G,severe,-1,0.3333333333333333,3.2623224233085755,0.9859732082525032,4.858825647980326e-13,0.26422883130478836,3.2623224233085755,0.22868060550513794,2.763549001193626e-12,4.858825343765352e-13,0.9999999999995142,0.39997816612627696,0.2369905099559692
363,G,ample,-1,1.0,0.3513233226406214,0.0,0.9725474836027516,0.9576454741527626,0.35132332264062144,0.6698335408442531,5.485901104897135,0.9645218995701453,0.035478100429854664,1.4697998435807237e-05,1.0364118678401288e-05
364,G,moderate,-1,1.0,0.7728554016952772,0.0,0.9996057087171852,0.9109626653123226,0.7728554016952772,0.6130092036817449,5.682524301553581,0.9990918590922622,0.0009081409077378311,3.6322297793477645e-07,3.5081186904413196e-06
365,G,severe,-1,0.8666666666666667,0.9761197904693014,0.0205218501524671,0.879603952681265,0.7776211237803132,0.9761197904693014,0.6068367044839112,5.000239804780625,0.8791337471446623,0.1208662528553377,5.4930853748604626e-05,4.176540151145206e-05
366,G,ample,-1,1.0,0.2985035397560739,0.0,0.999497818832058,0.9706707540104818,0.29850353975607397,0.6740388145000948,5.6826274433735895,0.9991099933134698,0.0008900066865301648,3.5596350157598406e-07,9.149201654752367e-07
367,G,moderate,-1,1.0,0.3872755362193729,0.0,0.9989887236878014,0.9545378793990955,0.3872755362193729,0.6463708533069906,5.678858226016979,0.9984472958613695,0.0015527041386305118,6.214250857471448e-07,1.0017597300927257e-06
368,G,severe,-1,0.6666666666666666,1.2577071766863137,0.2133463917987836,0.9830050510284606,0.5781650695064817,1.2577071766863135,0.5164645384757525,5.575187356742905,0.9802200581021876,0.019779941897812403,8.063406626918323e-06,1.57561859509669e-05
369,G,ample,-1,1.0,0.3671454252831435,0.0,0.9990619606908598,0.9561680391523008,0.36714542528314353,0.6530210995308094,5.679533031349338,0.9985659389992171,0.0014340610007829158,5.738734650776155e-07,1.0232996863432666e-06
370,G,moderate,-1,1.0,0.5633273382537871,0.0,0.9964484251590584,0.9027639786286253,0.5633273382537871,0.6666186381318409,5.66456327160115,0.9959339810341815,0.004066018965818485,1.6314094295253124e-06,1.6249775550411403e-06
371,G,severe,-1,0.8666666666666667,0.915127229297492,0.1703152719849366,0.9883469308786836,0.7474158252621653,0.9151272292974921,0.6253159143576986,5.616916896231408,0.9875568755048398,0.012443124495160163,5.034864099936829e-06,2.493177191589577e-05
372,G,ample,-1,1.0,0.3463635876213691,0.0,0.999492310018487,0.9708726228069486,0.34636358762136915,0.6496782168846411,5.682005954802475,0.9990007242388528,0.0009992757611472225,3.9970999315429737e-07,7.151356899101522e-07
373,G,moderate,-1,1.0,0.352957737465164,0.0,0.9982498126849226,0.9466969909925727,0.352957737465164,0.6628262905459509,5.672983535593424,0.9974144176781197,0.002585582321880331,1.0358753378299401e-06,1.0525033116666479e-06
374,G,severe,-1,0.8222222222222222,1.6805122827353247,0.4698680963026929,0.5547275096216953,0.6841422590669969,1.6805122827353247,0.5218173945321088,3.1463115967720148,0.5531792097471695,0.4468207902528305,0.00032250993063735766,0.00011694764802787369
375,G,ample,-1,1.0,0.4661028719972324,0.0,0.9994903196619408,0.959929667454399,0.4661028719972324,0.6531896164050597,5.68223501802201,0.9990409977486014,0.0009590022513985552,3.8358515349292135e-07,9.254203013138152e-07
376,G,moderate,-1,1.0,0.6756458676628887,0.0,0.9945939380157396,0.8812893654094319,0.6756458676628887,0.6224118176877943,5.645367615448686,0.9925590330754693,0.0074409669245306675,2.9956816929874118e-06,2.758691987496838e-06
377,G,severe,-1,0.4444444444444444,1.8252695656953544,0.5760898394348575,4.858825709649763e-13,0.4155175616452068,1.8252695656953546,0.23421781859597518,2.763549002415216e-12,4.858825345913131e-13,0.9999999999995142,0.39997816612627696,0.23679601845213943
378,G,ample,-1,1.0,0.3315263573698911,0.0,0.9979303061063084,0.9672646911087401,0.3315263573698911,0.6547563636074109,5.671501904656354,0.9971539198203276,0.002846080179672361,1.1405375333446603e-06,1.079833840136899e-06
379,G,moderate,-1,0.8444444444444444,0.8031035355256847,0.0071231604974644,0.9978084119417566,0.7802837553152789,0.8031035355256847,0.5601938280118698,5.670935653018834,0.9970543624104122,0.0029456375895877684,1.1805518975404425e-06,1.3323143694615775e-06
380,G,severe,-1,0.8444444444444444,0.9536145469595976,0.1907692639318943,0.7750284301460277,0.733166891801283,0.9536145469595976,0.5978129622120025,4.406029384899959,0.7746606711688568,0.22533932883114316,0.0001162050991360974,6.287414659907951e-05
381,G,ample,-1,1.0,0.3804310208896945,0.0,0.9989502537192062,0.9520520116386161,0.3804310208896945,0.6552920530626946,5.678546696283767,0.9983925232279762,0.0016074767720237748,6.43381513013851e-07,8.640962179237057e-07
382,G,moderate,-1,1.0,0.5295704817457947,0.0,0.997038216585624,0.8209137626276537,0.5295704817457947,0.6226197168201044,5.667126541278859,0.9963846507949702,0.0036153492050298164,1.449931680532261e-06,5.639316306703005e-06
383,G,severe,-1,0.8444444444444444,0.7756558569062048,0.0661102511160465,0.9955283965218422,0.778933038118085,0.7756558569062048,0.6055274118737315,5.659108809822199,0.9949749867439874,0.005025013256012567,2.0181281849378073e-06,5.0155891483734e-06
384,G,ample,-1,1.0,0.3466599912775785,0.0,0.999622022598464,0.9749855838092856,0.34665999127757857,0.6363515591527765,5.682832201783461,0.9991459935924881,0.0008540064075118758,3.415526798575787e-07,8.577975159185002e-07
385,G,moderate,-1,1.0,0.5873132117468214,0.0,0.9990987611028131,0.9125468714407419,0.5873132117468214,0.639066253667741,5.678921092490855,0.9984583489390029,0.001541651060997129,6.169945864912698e-07,3.730129967345888e-06
386,G,severe,-1,0.8444444444444444,1.1035471953729397,0.0055245296496178,0.9937944252780104,0.7197780749130713,1.1035471953729397,0.6253411475260665,5.645445879364102,0.9925727933053607,0.0074272066946392545,2.9901005086413514e-06,1.9644165481386264e-05
387,G,ample,-1,1.0,0.3451589965594307,0.0,0.9995058164102096,0.9756461155603197,0.3451589965594307,0.6342673623402384,5.682044783643636,0.9990075510603573,0.0009924489396426761,3.9697655659327405e-07,8.995962700832161e-07
388,G,moderate,-1,1.0,0.3675248051760125,0.0,0.9995299630851556,0.9376888128349966,0.36752480517601255,0.6514003991836486,5.683241305173816,0.9992179214620651,0.0007820785379348827,3.1276324027853313e-07,9.258413441083356e-07
389,G,severe,-1,0.9111111111111112,0.5907535060523798,0.3830032049850895,0.5641754856030677,0.8799427295694326,0.5907535060523798,0.6436094136861178,3.204524905870207,0.5634141757806495,0.43658582421935055,0.0003094080912416605,9.7883925220786e-05
390,G,ample,-1,1.0,0.3042782496107437,0.0,0.9994891794073388,0.9721338509280965,0.3042782496107437,0.6418171963562576,5.681742346547519,0.9989543770791155,0.0010456229208845036,4.182682281399975e-07,9.347151651206821e-07
391,G,moderate,-1,0.5111111111111111,5.0881790151182,0.5679402177760483,4.858825312601259e-13,0.4867361703381708,5.0881790151182,0.2376144809823298,2.763549183965221e-12,4.858825665111294e-13,0.9999999999995142,0.39997816612627696,0.23679308506018443
392,G,severe,-1,0.9333333333333332,0.7421195698830287,0.0025202125668993,0.9957248003095044,0.8343600311035847,0.7421195698830287,0.6099408478986399,5.659242136967635,0.9949984280983103,0.005001571901689705,2.008666474352104e-06,8.837450023734681e-06
393,G,ample,-1,1.0,0.3340454843462472,0.0,0.9997678600308044,0.9790458213308182,0.33404548434624726,0.659614705197466,5.683401356169351,0.9992460613587365,0.0007539386412634963,3.015012522394847e-07,9.710377209800653e-07
394,G,moderate,-1,1.0,0.4438425879280241,0.0,0.999527879386289,0.9191577489988022,0.44384258792802417,0.6281791608879239,5.683168022442119,0.9992050370155119,0.0007949629844881123,3.1791999107476717e-07,1.0312549979626793e-06
395,G,severe,-1,0.8222222222222222,1.5513887945072364,0.0124056163138115,0.9890628115274448,0.6769704909019232,1.5513887945072364,0.6061650497674808,5.621343143595099,0.9883350908670131,0.0116649091329869,4.716261900362051e-06,1.0325214933779178e-05
396,G,ample,-1,1.0,0.2638466208698146,0.0,0.9994062772009712,0.9729197579181678,0.26384662086981464,0.6615017883923269,5.682349104060834,0.9990610561639423,0.0009389438360577484,3.7555458400039573e-07,8.94604876031693e-07
397,G,moderate,-1,0.5111111111111111,1.575291003412603,0.5679402177760483,4.858825169343139e-13,0.501773930045779,1.575291003412603,0.2609300447438891,2.7635490153773212e-12,4.858825368702886e-13,0.9999999999995142,0.39997816612627696,0.2367931027270091
398,G,severe,-1,0.7777777777777778,1.0287653629660272,0.0144791792622398,0.9828078508286524,0.6768858033489723,1.0287653629660272,0.6166946739534148,5.587237635711777,0.9823387178700479,0.017661282129952105,7.184210619833051e-06,1.232535308311671e-05
399,G,ample,-1,1.0,0.3134763625030511,0.0,0.9997561923176768,0.9764225439661339,0.31347636250305116,0.6415683723764292,5.683944652606708,0.9993415828239924,0.0006584171760075641,2.632769251558613e-07,7.918700599961782e-07
400,G,moderate,-1,1.0,0.4960146124290739,0.0,0.9977330896903612,0.9121506416345393,0.4960146124290739,0.6431728872914728,5.670871951486403,0.997043162514189,0.0029568374858109925,1.1850538875054146e-06,1.2302462989225092e-06
401,G,severe,-1,1.0,0.8134161254600536,0.0,0.9964876882050792,0.7848565603614457,0.8134161254600536,0.5972390824910719,5.663170082124162,0.9956890328050554,0.004310967194944615,1.7301151380011482e-06,4.687596849929298e-06
402,G,ample,-1,1.0,0.3108154499581623,0.0,0.9996172042394534,0.9792051943456817,0.3108154499581623,0.6326026834054004,5.683680091297397,0.9992950680998424,0.0007049319001576348,2.818895680562586e-07,9.765256338611077e-07
403,G,moderate,-1,0.9555555555555556,0.4554047169631496,0.3804538395,0.5650668470837397,0.9327252309439374,0.4554047169631496,0.6284513135203368,3.211710861239854,0.5646775983598811,0.43532240164011893,0.00030782365141856534,9.697172257996697e-05
404,G,severe,-1,0.7333333333333333,0.848721556873297,0.2397840612861157,0.9860357993393744,0.71260142037133,0.848721556873297,0.6092095138759173,5.607027953638939,0.9858182182611804,0.014181781738819565,5.7484876918159354e-06,2.9539107084351914e-05
405,G,ample,-1,1.0,0.353653102138212,0.0,0.9992830620053788,0.9311710662796172,0.353653102138212,0.6629511351611307,5.681429169090537,0.998899314745702,0.0011006852542979617,4.403184112546789e-07,2.463238453931383e-06
406,G,moderate,-1,0.8444444444444444,1.3677342375067698,0.0071231604974644,0.99878636954909,0.8113561284401939,1.3677342375067698,0.5661673119722627,5.677509411069057,0.9982101494872619,0.001789850512738056,7.165060986926595e-07,1.2454403378910722e-06
407,G,severe,-1,0.8666666666666667,0.6814800564781035,0.0294437139177618,0.9987125717208604,0.785080623228483,0.6814800564781035,0.5883699561898414,5.6771209723548,0.9981418548462581,0.0018581451537419413,7.438963919732304e-07,1.5360651029043447e-06
408,G,ample,-1,1.0,0.4504743302505533,0.0,0.9994987215381884,0.9150118242559862,0.45047433025055333,0.6514504907389133,5.682220865163557,0.9990385094168472,0.0009614905831527576,3.845814022623358e-07,9.966303684515812e-07
409,G,moderate,-1,1.0,0.6170906586065905,0.0,0.999083802247054,0.8829455328217004,0.6170906586065905,0.5985953351986713,5.68033832033402,0.9987075235532139,0.001292476446786095,5.171418022818994e-07,7.759793697828169e-07
410,G,severe,-1,0.7333333333333333,1.2277891997457702,0.0678985768838047,0.9951444912914452,0.5926558476955213,1.2277891997457702,0.5779542952636236,5.656067067535631,0.9944401927343715,0.005559807265628547,2.234109894828302e-06,2.447672198417684e-05
411,G,ample,-1,1.0,0.3045158735989571,0.0,0.9995719674275212,0.9775201679450364,0.3045158735989571,0.655745130814043,5.681982933606672,0.998996676690951,0.0010033233090489535,4.013306354578059e-07,9.525088564060053e-07
412,G,moderate,-1,1.0,0.596929334017406,0.0,0.9994399354105264,0.9043330992406076,0.596929334017406,0.6499227307868051,5.681397612257951,0.9988937664765064,0.0011062335234935938,4.425403978661795e-07,6.777985584260407e-06
413,G,severe,-1,0.7333333333333333,1.24212696619013,0.2082025397633485,0.9856189227691768,0.5876166470655447,1.24212696619013,0.5886078289633152,5.603892991877488,0.9852670345603778,0.014732965439622214,5.97524366441394e-06,2.846279096671168e-05
414,G,ample,-1,1.0,0.2711426870696495,0.0,0.9997555416981438,0.9765545089753022,0.2711426870696495,0.6683621821385021,5.683752751826981,0.9993078431518673,0.00069215684813273,2.767775200804706e-07,7.764005662239048e-07
415,G,moderate,-1,1.0,0.8049555543461884,0.0,0.990879949719305,0.8267887577437623,0.8049555543461884,0.6150814085737414,5.630894345939032,0.9900143671885868,0.009985632811413181,4.030469221031187e-06,6.644203689389796e-06
416,G,severe,-1,0.5777777777777777,2.163009936965861,0.0600353156737714,0.9953580029634423,0.5183650553614576,2.1630099369658615,0.5092955229689741,5.6586065971018575,0.9948866885487136,0.005113311451286351,2.0537722734154606e-06,2.319751290271961e-05
417,G,ample,-1,1.0,0.3056984233499575,0.0,0.9994205496459736,0.9747550605934662,0.30569842334995756,0.6620219563566649,5.6816367190857004,0.998935805836548,0.001064194163452048,4.257049699171998e-07,8.933225552123814e-07
418,G,moderate,-1,1.0,0.3955473646643783,0.0,0.9994173340556723,0.920023301809578,0.39554736466437834,0.660358246266706,5.682318602082068,0.9990556933573701,0.0009443066426298996,3.777016009640861e-07,9.975833884062665e-07
419,G,severe,-1,0.8,1.0903534988952952,0.0362650127713897,0.9773898614930494,0.6440671857267672,1.0903534988952952,0.5834387139749359,5.553088614942746,0.9763346945107492,0.023665305489250832,9.685649880388995e-06,2.8804914284004002e-05
420,G,ample,-1,1.0,0.2339936058798572,0.0,0.9995321731894184,0.9790181665417982,0.23399360587985724,0.6898517640396503,5.682158280816125,0.9990275059422103,0.0009724940577896524,3.889869024308748e-07,7.157059962700138e-07
421,G,moderate,-1,1.0,0.4533028280192668,0.0,0.9986788116910924,0.9180151049208034,0.45330282801926686,0.616876965347896,5.676841545647133,0.9980927265127872,0.0019072734872127572,7.636021491869369e-07,1.301359956407932e-06
422,G,severe,-1,0.8444444444444444,0.7471294816681058,0.0484530508881724,0.9958460669881972,0.7842026623554698,0.7471294816681058,0.6248237404012361,5.662072478220441,0.9954960539339549,0.004503946066045095,1.8079131579266156e-06,3.0603332100076827e-06
423,G,ample,-1,1.0,0.318432142470565,0.0,0.9997022177552152,0.9758077013662128,0.31843214247056506,0.6479270926569897,5.683238529100014,0.9992174333774413,0.0007825666225587113,3.1295858429799547e-07,8.292187767923941e-07
424,G,moderate,-1,1.0,0.9429251587662536,0.0,0.997928319023122,0.785688450893686,0.9429251587662535,0.5984901597655161,5.669938735922287,0.9968790861242944,0.0031209138757055666,1.2510187850927192e-06,1.002977300513424e-05
425,G,severe,-1,0.9777777777777776,0.7591605146473943,0.0322775808422322,0.9596834704980224,0.7970497882880573,0.7591605146473943,0.6184401697255175,5.416299464013679,0.9522846562085794,0.04771534379142062,2.002144511542209e-05,1.401563330826609e-05
426,G,ample,-1,1.0,0.4080845958375236,0.0,0.9991968932107806,0.9617965403031505,0.4080845958375236,0.6369575555405836,5.680189108032363,0.9986812892974588,0.0013187107025411926,5.276524206871018e-07,1.0060350199368767e-06
427,G,moderate,-1,1.0,0.3451379847498231,0.0,0.9994277343912346,0.9734594337013326,0.3451379847498231,0.6442035600974518,5.6820825272141136,0.9990141870713969,0.0009858129286031136,3.9431955567672954e-07,9.282502370020699e-07
428,G,severe,-1,0.9111111111111112,0.9433220150026346,0.0345066358213404,0.983982547455215,0.6926253183898542,0.9433220150026346,0.5862322340070496,5.5923531746839,0.9832381233227481,0.01676187667725193,6.81212212793716e-06,1.3637881981413825e-05
429,G,ample,-1,1.0,0.4624180346164865,0.0,0.995361548302552,0.9473916122703521,0.4624180346164865,0.6384034781367164,5.646554639397961,0.9927677336284866,0.007232266371513418,2.9110488213746818e-06,2.4649980912126663e-06
430,G,moderate,-1,1.0,0.6219167141639729,0.0,0.9971512215760652,0.8976306120580281,0.6219167141639729,0.6228286363097856,5.666838827582869,0.9963340654571593,0.0036659345428406986,1.4702934429547726e-06,1.6675777717171039e-06
431,G,severe,-1,0.7333333333333333,2.015503113558604,0.0597976133483002,0.9968174687077962,0.6943363240050989,2.0155031135586037,0.548794863431228,5.665659935970336,0.9961267947179013,0.0038732052820986684,1.5537462599860453e-06,9.950170260682798e-06
432,G,ample,-1,1.0,0.2670003073980113,0.0,0.9995509175688853,0.976041634195603,0.2670003073980113,0.6732005767676353,5.683251233298154,0.9992196670081774,0.0007803329918225632,3.120646293908321e-07,8.846666946740528e-07
433,G,moderate,-1,1.0,0.5905268744411932,0.0,0.9994234853531894,0.931875052401931,0.5905268744411932,0.6529888967032139,5.681675221810642,0.9989425753208477,0.0010574246791522635,4.2299413887356205e-07,1.012900047005558e-06
434,G,severe,-1,0.6888888888888889,1.0044917879585935,0.0418134764602697,0.9960411527581472,0.6075842056484718,1.0044917879585937,0.5738264408453304,5.661969790726231,0.9954779995915445,0.004522000408455518,1.8151931754011376e-06,2.5256899766857375e-05
435,G,ample,-1,1.0,0.2875835358564116,0.0,0.9994506180324914,0.9564361497062166,0.2875835358564116,0.6510924213414299,5.682057283016179,0.9990097486790016,0.000990251320998392,3.9609664535847145e-07,7.873285532182757e-07
436,G,moderate,-1,1.0,0.2709023220437521,0.0,0.9993726882182988,0.9628932783085511,0.2709023220437521,0.6796556498515537,5.681841335966434,0.9989717812321512,0.0010282187678487542,4.112990910413831e-07,9.421912062079069e-07
437,G,severe,-1,0.8888888888888888,1.1011312101250597,0.2187978022154099,0.7756048546479035,0.7620606081351665,1.1011312101250597,0.5668274546251697,4.4088376310603845,0.7751544122825449,0.2248455877174551,0.00011587672161407298,6.366908710865563e-05
438,G,ample,-1,1.0,0.2981441163761806,0.0,0.9996516538055332,0.9754400441951931,0.2981441163761806,0.6522799496373894,5.682974116379669,0.9991709447779531,0.0008290552220469039,3.31565391347329e-07,8.607957030391003e-07
439,G,moderate,-1,1.0,0.297200046797656,0.0,0.999612937370528,0.9747695376839964,0.297200046797656,0.6585320300860282,5.682498531675925,0.9990873282757431,0.0009126717242569082,3.650367917428432e-07,7.720599331488934e-07
440,G,severe,-1,0.8,0.8287891994075393,0.2035400610414891,0.9895114513840536,0.713005443764098,0.8287891994075393,0.5881723408622994,5.61908800969418,0.9879385970199116,0.012061402980088398,4.8785242483900365e-06,1.3387816633580148e-05
441,G,ample,-1,1.0,0.3186191381366511,0.0,0.9994761621917824,0.9733073741344463,0.31861913813665116,0.65332179933151,5.682702346362554,0.9991231626309289,0.0008768373690710707,3.5069173636824564e-07,8.226096523016411e-07
442,G,moderate,-1,1.0,0.491567761009965,0.0,0.9990461916608004,0.9406155775328259,0.491567761009965,0.6615691718034233,5.679309409202894,0.998526622129782,0.0014733778702179512,5.896302338052137e-07,1.3141256100107666e-06
443,G,severe,-1,0.9111111111111112,0.8040111050874911,0.0532446432654683,0.996347557372798,0.8438327965512146,0.8040111050874911,0.5931219731042987,5.66454418001579,0.9959306243837744,0.004069375616225557,1.6327617163616546e-06,1.740349123183879e-06
444,G,ample,-1,1.0,0.2771742741771906,0.0,0.9996081952990764,0.975836408359897,0.27717427417719065,0.6736203349578412,5.683187175859571,0.9992084045371333,0.0007915954628666677,3.1657219278456844e-07,9.487483145070861e-07
445,G,moderate,-1,1.0,0.3258926204776424,0.0,0.9997114618437842,0.9615797612478308,0.3258926204776424,0.6679451515491062,5.683289631486671,0.9992264181130588,0.0007735818869412103,3.0936269257210933e-07,8.161875820781731e-07
446,G,severe,-1,0.7777777777777778,0.5532977097699535,0.045571289144815,0.9955620425971128,0.7545886977959269,0.5532977097699535,0.6179610168781342,5.657016613278818,0.9946071402688669,0.005392859731133126,2.1666616147396777e-06,1.622387966724892e-05
447,G,ample,-1,1.0,0.307771002842804,0.0,0.999497439032657,0.9737233789839187,0.307771002842804,0.6481591920813242,5.682575591699975,0.9991008768394807,0.0008991231605193217,3.5961296795784147e-07,9.840519864021936e-07
448,G,moderate,-1,1.0,0.5722887143606671,0.0,0.9986440103479042,0.8983177767531039,0.5722887143606671,0.610720602465068,5.676894515635297,0.9981020396069584,0.0018979603930415756,7.598664457098839e-07,9.862987750588113e-07
449,G,severe,-1,0.8444444444444444,1.1237913221958835,0.232995792183002,0.9921619189059958,0.7212382208489815,1.1237913221958837,0.5894898896153599,5.640871422337546,0.9917685199696972,0.008231480030302829,3.3165755811628226e-06,3.5094675288396874e-06
450,G,ample,-1,1.0,0.2447758411836564,0.0,0.9995441079884396,0.9717245885735873,0.24477584118365645,0.6762196170285933,5.684038716465064,0.9993581209732606,0.0006418790267394003,2.566596814705269e-07,7.268685523564852e-07
451,G,moderate,-1,1.0,0.3922375907671165,0.0,0.9989890692005884,0.9516226112918927,0.3922375907671165,0.6421621548966062,5.678849210059882,0.9984457106909663,0.001554289309033674,6.220604911367728e-07,1.040528549759382e-06
452,G,severe,-1,0.8666666666666667,0.9623529299101052,0.0365964837052512,0.987586664243649,0.7399129518541776,0.9623529299101051,0.6161302363767951,5.612730477854153,0.9868208264714329,0.013179173528567123,5.33666529277798e-06,2.4128819983530606e-05
453,G,ample,-1,1.0,0.2600751765982819,0.0,0.999766686570517,0.9758643573428917,0.2600751765982819,0.6731949477630744,5.684364793645763,0.9994154513143878,0.0005845486856121962,2.3372236122445965e-07,6.80369561476346e-07
454,G,moderate,-1,1.0,0.7091286072050886,0.0,0.9979717665383449,0.8956725989990345,0.7091286072050886,0.6157517834905625,5.668728122870442,0.9966662381749635,0.0033337618250365297,1.3366240191624036e-06,4.912246416219662e-06
455,G,severe,-1,0.8,1.2515316987794347,0.0058325435581769,0.97683940664202,0.6789961751056541,1.2515316987794347,0.5942454525813662,5.5523207899083875,0.9761996968054467,0.023800303194553285,9.742246929815583e-06,2.5204755431524713e-05
456,G,ample,-1,1.0,0.3557199511191413,0.0,0.9987141530798328,0.9471031973832508,0.35571995111914134,0.6754268947899018,5.676254684236426,0.997989545527236,0.002010454472764045,8.04995156119244e-07,1.2549570389173302e-06
457,G,moderate,-1,1.0,0.6267847173543745,0.0,0.99881554268273,0.8667709751435693,0.6267847173543745,0.6443408572248694,5.678867867729089,0.9984489910509656,0.0015510089490343715,6.207455820997709e-07,1.2546764315838094e-06
458,G,severe,-1,0.8666666666666667,0.7111192606085822,0.0377863966019153,0.9982865739210044,0.8022474975378368,0.7111192606085822,0.5907469535715176,5.675681535682891,0.9978887755131542,0.002111224486845753,8.454292102289913e-07,6.006084627352977e-06
459,G,ample,-1,1.0,0.2344545679322835,0.0,0.9994369656063166,0.9733737611379328,0.23445456793228353,0.6521562734487946,5.682933721350883,0.9991638425919762,0.0008361574080237855,3.344081546562872e-07,7.483279273313178e-07
460,G,moderate,-1,1.0,0.3575407058283446,0.0,0.9994068070617732,0.9486692431486209,0.3575407058283446,0.6541365215186663,5.68212293183551,0.9990212909439304,0.00097870905606956,3.91475266180343e-07,1.0757175531402e-06
461,G,severe,-1,0.7333333333333333,1.4533001516391209,0.164618207798586,4.902680086358198e-13,0.6297571502944362,1.4533001516391209,0.5919959245769213,2.7884922455799596e-12,4.902680136254178e-13,0.9999999999995097,0.3999781661245212,0.11833056074819068
462,G,ample,-1,1.0,0.3305443607195277,0.0,0.9996651947892118,0.9757475464610481,0.33054436071952775,0.6644486123899459,5.683582097595749,0.9992778390121405,0.0007221609878594881,2.887841438786194e-07,1.033603259034356e-06
463,G,moderate,-1,0.7777777777777778,1.843492523425751,0.0121834749208663,0.9985337029929126,0.718161614185316,1.843492523425751,0.5395600786727025,5.676575078654038,0.9980458767345213,0.0019541232654787244,7.823957654853525e-07,9.501637869482475e-06
464,G,severe,-1,0.9555555555555556,1.1046416071489875,0.3804538395,0.5628329820250748,0.645225149246774,1.1046416071489875,0.6000101847961434,3.1949277735638413,0.5617268241303802,0.4382731758696198,0.0003115352704448273,0.00010864973305414868
465,G,ample,-1,1.0,0.3222477272534899,0.0,0.9995311279739418,0.9774476286201689,0.32224772725348994,0.6473264974072286,5.681640048983924,0.9989363912936495,0.0010636087063504718,4.254705229444996e-07,9.140582967747143e-07
466,G,moderate,-1,1.0,0.4867022136433113,0.0,0.9992646878102932,0.9485270472747638,0.48670221364331134,0.6448778210561741,5.681192535997447,0.998857710313525,0.0011422896864750065,4.569808733098774e-07,1.1516467715203652e-06
467,G,severe,-1,0.9333333333333332,0.7618959840368177,0.0868940442357935,0.99344654264402,0.7245152055332014,0.7618959840368177,0.6050328053655426,5.645009331365256,0.9924960401709076,0.007503959829092355,3.021233749658397e-06,1.0027235910708492e-05
468,G,ample,-1,0.5111111111111111,2.3528757467308687,0.5679402177760483,4.858825306246293e-13,0.497743207436354,2.3528757467308687,0.2640175702596973,2.7635492237864685e-12,4.858825735124341e-13,0.9999999999995142,0.39997816612627696,0.23679313359666374
469,G,moderate,-1,1.0,0.336884507566506,0.0,0.99932719632138,0.9613262732193041,0.33688450756650606,0.6324998601981991,5.681846422729508,0.998972675578274,0.001027324421726039,4.1094097498282396e-07,1.1351770159023534e-06
470,G,severe,-1,0.4444444444444444,2.709886579323905,0.597369747093694,4.85882532589101e-13,0.3876329315614682,2.709886579323905,0.23767299172643466,2.763549046952146e-12,4.858825424217211e-13,0.9999999999995142,0.39997816612627696,0.23679476076436184
471,G,ample,-1,1.0,0.2944422121264394,0.0,0.9995242216797332,0.9605933423485254,0.29444221212643945,0.6825311187286173,5.683292954524505,0.9992270023639781,0.0007729976360218993,3.091288645513015e-07,7.351434120930467e-07
472,G,moderate,-1,1.0,0.4328614683732944,0.0,0.9944872026641244,0.898517505304774,0.4328614683732944,0.6447460714832781,5.654070415024343,0.9940891446501744,0.0059108553498256056,2.376010252892203e-06,4.016280019533368e-06
473,G,severe,-1,0.8,1.1136141770123786,0.429617300993298,0.483366201686857,0.6846556653759879,1.1136141770123786,0.5459114803192963,2.7446849029762506,0.4825658803759629,0.5174341196240371,0.0004280153602329149,0.0001545714566785607
474,G,ample,-1,1.0,0.5545267907641053,0.0,0.998694858039456,0.931032176926889,0.5545267907641053,0.6340838627578541,5.675502262109557,0.9978572559352056,0.002142744064794422,8.580781427825272e-07,4.381465738279578e-06
475,G,moderate,-1,1.0,0.59546632797646,0.0,0.9918043205178604,0.8950066619998918,0.59546632797646,0.6450939781041037,5.618258576472806,0.9877927674668538,0.01220723253314615,4.938236710815898e-06,4.723391462400731e-06
476,G,severe,-1,0.8666666666666667,0.978979758620007,0.1011127184943495,4.859307928611937e-13,0.70022236828504,0.978979758620007,0.5645404225077819,2.7638234090060103e-12,4.859307802962842e-13,0.999999999999514,0.39997816612625764,0.11830318925192247
477,G,ample,-1,1.0,0.4402016566445318,0.0,0.9995120980533116,0.937943183258458,0.44020165664453187,0.6299138565761947,5.6814917610534845,0.9989103195592861,0.0010896804407138916,4.359112452029924e-07,1.1308647753736818e-06
478,G,moderate,-1,1.0,0.6577241616130548,0.0,0.9969298191855788,0.8891650256537276,0.6577241616130548,0.6541315014633151,5.6663181282253765,0.9962425169724546,0.0037574830275454163,1.5071490667186512e-06,1.7166241557717923e-06
479,G,severe,-1,0.8666666666666667,0.5635063576377205,0.0247572192891277,0.9980353870502838,0.8163269236055479,0.5635063576377205,0.6163737922990662,5.673144514882331,0.9974427207857695,0.0025572792142305456,1.0245070733374097e-06,1.7677341305724132e-06
480,G,ample,-1,1.0,0.2837458202705709,0.0,0.999545563006198,0.9750898437226112,0.28374582027057094,0.6517691386479991,5.682863725686873,0.9991515360721316,0.0008484639278684147,3.3933413126265704e-07,7.952723137410594e-07
481,G,moderate,-1,1.0,0.4819272857312799,0.0,0.999412525094164,0.9544526839967848,0.48192728573127996,0.6416817931969456,5.680935253794088,0.9988124753895327,0.0011875246104673387,4.7509891099082915e-07,2.5078902975701226e-06
482,G,severe,-1,0.4888888888888889,4.46543034192018,0.5749106220754304,4.858825405773502e-13,0.42560682395900723,4.46543034192018,0.23765256959953449,2.7635490182387393e-12,4.858825373733783e-13,0.9999999999995142,0.39997816612627696,0.23679472105782726
483,G,ample,-1,1.0,0.3346537602529194,0.0,0.9997175049488148,0.9752320947387518,0.3346537602529194,0.6611479653855304,5.682796590991208,0.9991397325629265,0.0008602674370734587,3.4405887981913013e-07,9.124093257840092e-07
484,G,moderate,-1,1.0,0.3445337850654005,0.0,0.9973313158316818,0.9487323292908615,0.34453378506540056,0.6475113230117685,5.670299862464488,0.9969425787851736,0.003057421214826439,1.225489767681138e-06,1.2883374022078483e-06
485,G,severe,-1,0.8222222222222222,2.127668573930575,0.0082825954748265,0.9836642879684836,0.6108596647480814,2.127668573930575,0.5291255622190197,5.586883494508554,0.982276453359712,0.017723546640287968,7.209994949353664e-06,1.3974415836877477e-05
486,G,ample,-1,1.0,0.3153381195548386,0.0,0.9994761126740572,0.9794614902583888,0.3153381195548386,0.6452840340999295,5.682033870091493,0.999005632257987,0.0009943677420130026,3.977448348919003e-07,9.148587585546071e-07
487,G,moderate,-1,1.0,0.5930978511259285,0.0,0.9995490347298116,0.8842874134775944,0.5930978511259285,0.6523081252145653,5.682769221089371,0.9991349204328488,0.0008650795671512057,3.4598512751095266e-07,4.447940376047921e-06
488,G,severe,-1,0.9111111111111112,0.6888637925493142,0.0026470431387573,0.9969964797978916,0.749098157405785,0.6888637925493142,0.6056197277131344,5.66640015912395,0.9962569395069849,0.0037430604930150935,1.5013423882436793e-06,8.781152066002142e-06
489,G,ample,-1,1.0,0.2731977996161113,0.0,0.9995387024479246,0.9733754912864534,0.27319779961611135,0.6633100593268763,5.682796576851595,0.9991397300769236,0.0008602699230764177,3.4405987493654955e-07,6.106719469171986e-07
490,G,moderate,-1,1.0,0.3092979401237846,0.0,0.9995409517803828,0.9725380812970554,0.3092979401237846,0.6475958242783821,5.681931553449107,0.99898764311812,0.00101235688187995,4.049477345383605e-07,8.335455918493363e-07
491,G,severe,-1,0.4666666666666667,2.107361870027768,0.5679594067018406,4.858825399295853e-13,0.39147536081741063,2.107361870027768,0.21235810350925807,2.763549086428521e-12,4.858825493623909e-13,0.9999999999995142,0.39997816612627696,0.23679451538857293
492,G,ample,-1,1.0,0.2988109452048823,0.0,0.9994862775527212,0.9729293167018542,0.29881094520488233,0.6606448778564855,5.682691876771364,0.9991213218850261,0.0008786781149738854,3.514285908269862e-07,8.679575123950314e-07
493,G,moderate,-1,1.0,0.3876237341524471,0.0,0.9950020094698192,0.9080445366159405,0.38762373415244716,0.6504877134517939,5.656061984900231,0.9944392991139696,0.005560700886030445,2.2344709862454942e-06,3.265972443144716e-06
494,G,severe,-1,0.5111111111111111,1.6685282075900207,0.4304855427108159,0.716913768406349,0.4473917440112698,1.6685282075900207,0.5246556703911334,4.077080392491946,0.7168254129401157,0.2831745870598843,0.000157795787343874,0.00010469110784915303
495,G,ample,-1,1.0,0.4130818345741125,0.0,0.9983058768779812,0.9426377013838362,0.4130818345741125,0.6652378016922699,5.676151505471525,0.9979714048104396,0.002028595189560445,8.122735321322468e-07,1.2519675989704425e-06
496,G,moderate,-1,1.0,0.6623232036353125,0.0,0.9957024421008218,0.8968611831549345,0.6623232036353125,0.6375229244774944,5.659343950512286,0.99501632878438,0.004983671215620045,2.00144146173587e-06,6.168142426974408e-06
497,G,severe,-1,0.9777777777777776,0.6674331575584812,0.1893682692084781,0.7834709654908643,0.8296345213396967,0.6674331575584812,0.6177215804200541,4.454782052631057,0.7832322831592979,0.21676771684070206,0.00011056300864286886,6.164213787356803e-05
498,G,ample,-1,1.0,0.3023913974563169,0.0,0.9995307971522154,0.9747137490242596,0.3023913974563169,0.6456768307158737,5.682395586931136,0.9990692287039689,0.000930771296031141,3.722827254400279e-07,9.02514421241467e-07
499,G,moderate,-1,1.0,0.666996939667355,0.0,0.999104088067843,0.9223713616299383,0.666996939667355,0.6275796283922614,5.6796022380796805,0.9985781068100719,0.0014218931899281362,5.689973009976878e-07,9.637567852172024e-07
500,G,severe,-1,0.8,1.064267694385919,0.2171966707539619,0.9559826949104882,0.7059687725197198,1.064267694385919,0.572963768475848,5.435770622690748,0.9557080425575009,0.04429195744249914,1.851848335963274e-05,1.6901226796573546e-05
501,G,ample,-1,1.0,0.3246428375181018,0.0,0.9994323748278914,0.9748166477990347,0.3246428375181018,0.647595678523948,5.681958525679025,0.9989923853301904,0.0010076146698095867,4.030489150069718e-07,9.102478798047454e-07
502,G,moderate,-1,1.0,0.6796930895356758,0.0,0.997813333063434,0.8697763033295949,0.6796930895356758,0.6593303444073629,5.669854074568806,0.9968642011076093,0.0031357988923906843,1.257004196510599e-06,4.5907301153376545e-06
503,G,severe,-1,0.9333333333333332,0.8923398716387051,0.0365550192722888,0.983193807330208,0.7438957826839993,0.8923398716387051,0.5907031204837743,5.579453923496124,0.9809701986881679,0.019029801311832073,7.75168137664392e-06,9.422376429451646e-06
504,G,ample,-1,1.0,0.5705111546617098,0.0,0.9981605285379784,0.9059421290862476,0.5705111546617098,0.6436344937320394,5.672362327384335,0.9973051978962821,0.0026948021037178638,1.0797507463830421e-06,5.3549837054590995e-06
505,G,moderate,-1,1.0,0.4893848262001725,0.0,0.9995035302656098,0.9073706385651988,0.48938482620017254,0.638903210916365,5.681986548153054,0.9989973121944128,0.0010026878055872102,4.0107617835607523e-07,1.216624275065885e-06
506,G,severe,-1,0.8,1.2225107813299871,0.033967918324918,0.9254026764481974,0.5649520600835198,1.2225107813299871,0.5703213514078757,5.200140782657611,0.9142800006445156,0.08571999935548436,3.746175779337193e-05,4.549297488063013e-05
507,G,ample,-1,1.0,0.3371201012666178,0.0,0.9995721227143524,0.9618394770743076,0.33712010126661784,0.6647927690029773,5.682859129594543,0.9991507279949133,0.0008492720050866653,3.3965758758662336e-07,1.0726967655790018e-06
508,G,moderate,-1,1.0,0.4845042223955665,0.0,0.99448030061663,0.929266238664508,0.4845042223955665,0.6374213789872116,5.652793545604846,0.9938646476177914,0.0061353523822086364,2.466808750420256e-06,1.5121717494970877e-06
509,G,severe,-1,0.8888888888888888,1.003122083302849,0.0628627474416141,0.9956720076535932,0.7613923089163466,1.003122083302849,0.5566080675816708,5.66082771401323,0.9952772015859633,0.004722798414036666,1.896178351868693e-06,4.31132913107936e-06
510,G,ample,-1,1.0,0.4310390213918159,0.0,0.9900862445773372,0.9496716015456248,0.4310390213918159,0.6573468633545224,5.627683694092991,0.9894498757844971,0.010550124215502943,4.260740050350215e-06,2.318830825590775e-06
511,G,moderate,-1,1.0,0.7995819089625285,0.0,0.9283719938494684,0.840018888084997,0.7995819089625285,0.628168759441066,5.274989326321596,0.9274397456224922,0.0725602543775078,3.126115634470709e-05,1.193231244049074e-05
512,G,severe,-1,0.4,5.155530732133165,0.5705798167044075,4.858825317975287e-13,0.3320094307202955,5.155530732133165,0.21953285408026535,2.7635490866100802e-12,4.858825493943123e-13,0.9999999999995142,0.39997816612627696,0.23680491127209072
513,G,ample,-1,1.0,0.3801618004211243,0.0,0.9900726730698074,0.9475420200316395,0.3801618004211243,0.6456020113292247,5.627755326046343,0.9894624699939798,0.010537530006020202,4.255599679746081e-06,2.388647599601859e-06
514,G,moderate,-1,1.0,0.5437739102024551,0.0,0.9955193810461604,0.8889655399125795,0.5437739102024551,0.6294187469922893,5.659287412696469,0.9950063884007554,0.004993611599244607,2.0054535327157933e-06,2.0082475269035562e-06
515,G,severe,-1,0.9111111111111112,0.8081294243794767,0.0614292208123901,0.988586168591878,0.8109497990686116,0.8081294243794767,0.6061661384200698,5.6205905191132635,0.9882027656972731,0.011797234302726944,4.770400593615188e-06,2.163997861006274e-05
516,G,ample,-1,1.0,0.3383625497532169,0.0,0.9994951885703368,0.965408922682541,0.3383625497532169,0.654814966285984,5.683410911061737,0.999247741283835,0.0007522587161650218,3.008289422961912e-07,7.5853647123936e-07
517,G,moderate,-1,0.8444444444444444,1.9942201832273656,0.0071231604974644,0.99925568021906,0.7669122889025638,1.9942201832273658,0.5505702719476885,5.679966963582349,0.9986422322341234,0.001357767765876594,5.433014524401716e-07,4.168086645143308e-06
518,G,severe,-1,0.9333333333333332,0.6462584477887315,0.1684189047903017,0.994553224744902,0.8416763186215249,0.6462584477887315,0.6149818378609586,5.651265381480475,0.9935959683733229,0.006404031626677131,2.5755307597611493e-06,4.390054334215649e-06
519,G,ample,-1,1.0,0.2994781505659065,0.0,0.9995123359176776,0.9721294548837982,0.2994781505659065,0.6505444359648974,5.682710834116206,0.9991246549334912,0.0008753450665087703,3.5009436650287207e-07,6.351617246003568e-07
520,G,moderate,-1,1.0,0.4585196609576213,0.0,0.9991909713209464,0.9037550532911867,0.45851966095762137,0.6362992162104804,5.6797777678706085,0.9986089681624988,0.001391031837501222,5.566303648099915e-07,1.2355067311419805e-06
521,G,severe,-1,0.8444444444444444,1.2872873819460842,0.0875768566985491,0.9823941690666612,0.6495153368872847,1.2872873819460842,0.5982815016657915,5.571856135325375,0.9796343683589553,0.020365631641044657,8.307124924234179e-06,1.682749423013707e-05
522,G,ample,-1,1.0,0.3483713013605156,0.0,0.99852739863592,0.9688375135244466,0.3483713013605156,0.647881289638228,5.673030797283838,0.9974227271489875,0.002577272851012502,1.0325376776883488e-06,1.5433528645055313e-06
523,G,moderate,-1,0.9555555555555556,0.8871105086168214,0.3804538395,0.564871048741924,0.8533534992173109,0.8871105086168214,0.6048430591740537,3.21082078132088,0.5645211060065187,0.4354788939934813,0.00030801952205382105,9.878571217406273e-05
524,G,severe,-1,0.9777777777777776,0.9346964702689716,0.0266662649299901,0.956270740038538,0.7216204786252719,0.9346964702689716,0.5906932685201678,5.4302775507978795,0.9547422599020581,0.04525774009794192,1.894139849699064e-05,2.0099837895815572e-05
525,G,ample,-1,1.0,0.4337068174071813,0.0,0.9957329573107796,0.9543805922001958,0.43370681740718137,0.6617449788796128,5.659976064896025,0.9951274660714895,0.004872533928510503,1.9565904274138054e-06,1.280813138303165e-06
526,G,moderate,-1,1.0,0.2844322564882535,0.0,0.9997046652756124,0.9785721063387539,0.28443225648825354,0.6718171290778135,5.683970221764854,0.9993460783503453,0.0006539216496547207,2.614781536604757e-07,7.26519057393101e-07
527,G,severe,-1,0.7333333333333333,0.6105585364825972,0.4203882017778211,0.4817580418017196,0.6902627221436725,0.6105585364825972,0.6381488224548352,2.7383413342907166,0.4814505648058074,0.5185494351941926,0.0004299295425066522,0.00016164223211405935
528,G,ample,-1,1.0,0.3130764397851405,0.0,0.9993621319814514,0.9713276960338765,0.3130764397851405,0.6457036174079647,5.68153939019507,0.9989186936348005,0.0010813063651995414,4.325576921613846e-07,8.580057268861387e-07
529,G,moderate,-1,1.0,0.7856404041125816,0.0,0.9990775010449998,0.8673533675971931,0.7856404041125816,0.6076111726216614,5.678679347798266,0.9984158457940048,0.0015841542059952252,6.340320202594221e-07,5.9949187561684e-06
530,G,severe,-1,0.8444444444444444,1.1670591602821934,0.3831008839463038,0.5605477234913199,0.7166033660630423,1.1670591602821934,0.5942639102522497,3.1838730075857575,0.5597831937811262,0.4402168062188738,0.00031400139536960934,0.00010845713866062912
531,G,ample,-1,1.0,0.2428506695102426,0.0,0.9996006789955508,0.9769331114710494,0.24285066951024264,0.6814877323033207,5.683169424123149,0.9992052834567117,0.0007947165432883319,3.1782135649968477e-07,6.220936572455497e-07
532,G,moderate,-1,0.9333333333333332,0.9111629861436582,0.0028889669137674,0.9969659210479468,0.8006472200936466,0.9111629861436582,0.6201722018179538,5.6666736909021775,0.9963050314038828,0.0036949685961171763,1.4819812504798113e-06,6.208372993664527e-06
533,G,severe,-1,0.4666666666666667,2.3967362468720155,0.5680596041375082,4.85882547400759e-13,0.3542751963582794,2.3967362468720155,0.2091308547014374,2.7635489798448636e-12,4.858825306230316e-13,0.9999999999995142,0.39997816612627696,0.2367971339892304
534,G,ample,-1,1.0,0.2841173691036028,0.0,0.9994279802972138,0.9740535887721303,0.2841173691036028,0.6563464946392086,5.6820747179904965,0.9990128140668434,0.000987185933156609,3.9486929182632676e-07,7.611820153823152e-07
535,G,moderate,-1,1.0,0.6750563201520919,0.0,0.9685796826270112,0.8781195708442038,0.6750563201520919,0.6208910322275227,5.501311314731138,0.9672312967279978,0.03276870327200221,1.3537551010919701e-05,5.737243824075061e-06
536,G,severe,-1,0.6888888888888889,2.051767585402684,0.0734347763401268,0.9937234394059434,0.6182671203955799,2.0517675854026836,0.5483294302235884,5.646246718279842,0.9927135954557258,0.007286404544274205,2.9329996801230297e-06,1.2637543349957669e-05
537,G,ample,-1,1.0,0.3018516425798843,0.0,0.9995275311058748,0.9614389255830629,0.3018516425798843,0.6505643165332882,5.682306593587309,0.9990535820440316,0.0009464179559683927,3.7854687840806476e-07,7.984846562182317e-07
538,G,moderate,-1,0.9333333333333332,0.6047426086566882,0.0028889669137674,0.9991052595878984,0.8801363889618724,0.6047426086566882,0.6337095853822652,5.679201791731846,0.9985077010071411,0.0014922989928588537,5.972135721834415e-07,1.2134427047315788e-06
539,G,severe,-1,0.8888888888888888,0.7341491191594213,0.6039339124658579,0.5563540199663066,0.8071601441419566,0.7341491191594213,0.6084545776286743,3.1620144990878645,0.5559400676045828,0.4440599323954172,0.0003189283118248914,0.00010117840735896878
540,G,ample,-1,1.0,0.2848422872396198,0.0,0.9995804673752842,0.9763421834306448,0.28484228723961985,0.6503753186928153,5.683122883340417,0.9991971007346191,0.0008028992653809075,3.2109640028823393e-07,1.0497810320965843e-06
541,G,moderate,-1,1.0,0.3577055958767667,0.0,0.9983040182567076,0.9555354003166664,0.35770559587676676,0.6375849634531274,5.675351654897124,0.9978307764285854,0.0021692235714145802,8.687050916154164e-07,1.18043515187457e-06
542,G,severe,-1,0.8666666666666667,0.8867591257823536,0.0583292953217216,0.9943490290135396,0.7832056159650008,0.8867591257823536,0.6092145859863145,5.645733270811234,0.9926233219859197,0.007376678014080262,2.9696072729374313e-06,7.132246922405306e-06
543,G,ample,-1,1.0,0.3502722276475088,0.0,0.9996058794766254,0.9761347220668398,0.35027222764750887,0.6377248705269593,5.681944295072704,0.9989898833289369,0.0010101166710630993,4.0405073401757433e-07,1.1072749822605355e-06
544,G,moderate,-1,1.0,0.3291154777849715,0.0,0.999519675810334,0.9754423252363382,0.3291154777849715,0.6477376056975829,5.682141061882239,0.9990244785382338,0.0009755214617661601,3.9019901190519325e-07,1.0567189696705762e-06
545,G,severe,-1,0.7333333333333333,1.6086376610938382,0.2316579774619423,0.7754278789905398,0.5581371221686863,1.6086376610938382,0.5251712171418313,4.409362998777443,0.7752467815503717,0.22475321844962826,0.00011581533501274201,6.37948036070247e-05
546,G,ample,-1,1.0,0.2606933786815596,0.0,0.9995087232064724,0.9605567996191646,0.2606933786815596,0.6861391483886882,5.683260738652051,0.9992213382235021,0.0007786617764978798,3.113957698144344e-07,9.172065404710654e-07
547,G,moderate,-1,1.0,0.4031823352890231,0.0,0.9995524280711832,0.9340054690406793,0.40318233528902314,0.6290280912159425,5.682046277424562,0.9990078136944058,0.000992186305594167,3.968713995417088e-07,1.0329647964517691e-06
548,G,severe,-1,0.9111111111111112,0.8790153772749302,0.0659603516491798,0.9952945017104722,0.8328061564293321,0.8790153772749302,0.5980001200051064,5.659140382434269,0.9949805377875052,0.00501946221249483,2.0158875588236057e-06,2.070630586916858e-06
549,G,ample,-1,1.0,0.2881651326156044,0.0,0.9994945452599456,0.9744416249482087,0.2881651326156044,0.6531478770172044,5.682384889088616,0.9990673478273012,0.000932652172698778,3.7303572557093765e-07,7.265154457489178e-07
550,G,moderate,-1,1.0,0.7524719282576664,0.0,0.9990943586097936,0.8972100329424936,0.7524719282576664,0.6206805715586324,5.6777888142931685,0.9982592736918936,0.0017407263081063995,6.968066282070344e-07,3.6998417689308427e-06
551,G,severe,-1,0.9111111111111112,0.9723224157433578,0.0348158865887993,0.99296903741258,0.7698676447338787,0.9723224157433578,0.6026749855503104,5.637414974659238,0.991160813156049,0.008839186843951019,3.563610350429046e-06,5.020517642450055e-06
552,G,ample,-1,1.0,0.2958586037435033,0.0,0.9995556343159606,0.9753573698026682,0.2958586037435033,0.6889374824090798,5.682947796451041,0.9991663172523977,0.0008336827476023156,3.3341762773681554e-07,1.025773069626418e-06
553,G,moderate,-1,1.0,0.4218090127472784,0.0,0.9992886476198034,0.9243405912919159,0.42180901274727844,0.6420440493631854,5.681152104861028,0.998850601779165,0.0011493982208350406,4.5982796071255976e-07,1.5852296307276085e-06
554,G,severe,-1,0.4888888888888889,1.9488408693626045,0.5680670483479063,4.858825393021885e-13,0.3953354758069532,1.9488408693626045,0.22249069920159442,2.7635489473454955e-12,4.858825249090475e-13,0.9999999999995142,0.39997816612627696,0.23679779682731567
555,G,ample,-1,1.0,0.3152085557345678,0.0,0.9995295704632804,0.9772814957527551,0.3152085557345678,0.6524734290789631,5.682184626268148,0.999032137955246,0.0009678620447539643,3.8713235512686936e-07,9.617329195601005e-07
556,G,moderate,-1,0.9333333333333332,0.9181308459066944,0.0028889669137674,0.9913309044816692,0.808294238377477,0.9181308459066944,0.5742317810956538,5.6268245669065555,0.9892988254884766,0.010701174511523415,4.322401944231597e-06,4.430004121998378e-06
557,G,severe,-1,0.8,1.2944570712424246,0.005907464907316,0.9977301164864671,0.6718080753375701,1.2944570712424246,0.5897076245315366,5.671488813904989,0.9971516182264542,0.0028483817735458494,1.141462505599678e-06,9.210782343151223e-06
558,G,ample,-1,1.0,0.4675648083007305,0.0,0.9996950867385798,0.9323213076671241,0.46756480830073055,0.6375661604764818,5.68392665255288,0.9993384180848223,0.0006615819151777336,2.64543225418724e-07,5.447359255583427e-07
559,G,moderate,-1,0.5111111111111111,3.5502633198912963,0.5679402177760483,4.858825435417106e-13,0.404781810789851,3.5502633198912963,0.264363783436503,2.7635489360804883e-12,4.858825229284529e-13,0.9999999999995142,0.39997816612627696,0.2367944494546103
560,G,severe,-1,0.5111111111111111,4.878877719728647,0.5679402177760483,4.858825538804736e-13,0.45698883322309425,4.878877719728647,0.23077420497299939,2.7635489808929685e-12,4.858825308073077e-13,0.9999999999995142,0.39997816612627696,0.23679492413034875
561,G,ample,-1,0.9555555555555556,0.6392036963444296,0.3804538395,0.5644764418588377,0.9214734441264247,0.6392036963444296,0.6014213410392527,3.206838942957035,0.5638210258867643,0.4361789741132357,0.0003088970926844568,9.747158492793476e-05
562,G,moderate,-1,1.0,0.6684409996896538,0.0,0.9954313589461364,0.9085792248298286,0.6684409996896538,0.6308472388104649,5.649167996735143,0.993227209717267,0.006772790282733032,2.724845928449283e-06,2.556599248687464e-06
563,G,severe,-1,0.9777777777777776,0.8529181392156814,0.0294103403918532,0.998262381597452,0.8610099792692397,0.8529181392156814,0.6114662068617088,5.673606235757587,0.9975238997729874,0.002476100227012612,9.91904186654917e-07,4.890345566359565e-06
564,G,ample,-1,1.0,0.3944054523745889,0.0,0.9995372045150768,0.9666253379445107,0.39440545237458896,0.6449122154650712,5.683156061966614,0.999202934144838,0.000797065855162038,3.1876163704425195e-07,6.991620484047893e-07
565,G,moderate,-1,1.0,0.6846322578909868,0.0,0.9847454342125156,0.8020666595427808,0.6846322578909868,0.6156447192216434,5.566637186314647,0.9787167815273056,0.021283218472694432,8.689538727170507e-06,6.975192948535825e-06
566,G,severe,-1,0.8222222222222222,1.3308957186601866,0.2105845498839136,0.7579333171924117,0.6202376723444919,1.3308957186601866,0.5900076377822748,4.30844722266988,0.7575039396349437,0.24249606036505633,0.00012788123053392568,0.00010359341735629724
567,G,ample,-1,1.0,0.3516274855674849,0.0,0.9994308456954162,0.9765045854429056,0.35162748556748497,0.6571165786361588,5.680789259774054,0.9987868069666361,0.0012131930333638685,4.853806666266706e-07,1.0872228224329792e-06
568,G,moderate,-1,0.9777777777777776,0.6122083130974196,0.0294103403918532,0.998162260829188,0.881792670662426,0.6122083130974196,0.5974796283309164,5.6735181173107065,0.9975084069359589,0.00249159306404112,9.981259689037983e-07,1.2100469087252734e-06
569,G,severe,-1,0.7777777777777778,0.8341516893235024,0.0687467293560227,0.9854260012525112,0.6759806535563616,0.8341516893235024,0.5814231622178833,5.602969626697901,0.9851046900485133,0.01489530995148669,6.042080228298568e-06,2.8268727183614747e-05
570,G,ample,-1,1.0,0.3140781735094308,0.0,0.9995539211722452,0.9751559227164893,0.3140781735094308,0.6497664038660709,5.682510664418254,0.9990894614340802,0.0009105385659198273,3.6418282617035193e-07,8.897522440997859e-07
571,G,moderate,-1,1.0,0.3134779291770159,0.0,0.9994860773933592,0.9663401176349434,0.31347792917701595,0.6654282993315718,5.68224908914425,0.9990434717096321,0.0009565282903678529,3.8259466321828125e-07,1.1218541440181033e-06
572,G,severe,-1,0.8888888888888888,0.8066828923574407,0.0551037891106548,0.9365613849283642,0.7590202845553187,0.8066828923574407,0.5941989250636681,5.306850726493812,0.9330415633784916,0.06695843662150835,2.8674712275601998e-05,2.6257782648157948e-05
573,G,ample,-1,1.0,0.289874378913215,0.0,0.9993713179064998,0.9702578492753469,0.289874378913215,0.6579735668755665,5.682220325125472,0.9990384144682601,0.0009615855317398614,3.8461941675031953e-07,8.353658008156502e-07
574,G,moderate,-1,0.5111111111111111,3.5337282695296603,0.5679402177760483,4.858825512612229e-13,0.47658045847328384,3.5337282695296603,0.2677218680381361,2.763549023765101e-12,4.858825383450139e-13,0.9999999999995142,0.39997816612627696,0.23679367709268456
575,G,severe,-1,0.8,0.8766966704175873,0.2533734736392203,0.7809235754049261,0.7289755152932198,0.8766966704175873,0.593226214480114,4.44018514385996,0.7806658792255519,0.21933412077444814,0.00011223931415539775,6.227314224913637e-05
576,G,ample,-1,0.8444444444444444,1.4266675841057923,0.0071231604974644,0.99911640509863,0.805487700256972,1.4266675841057923,0.5622649330440886,5.6807518433889514,0.9987802284807787,0.0012197715192212577,4.880158330301421e-07,1.8996426400049567e-06
577,G,moderate,-1,1.0,0.4588411807324997,0.0,0.9992944154666208,0.9383021689143237,0.4588411807324997,0.654870548972418,5.679628238226206,0.9985826781120761,0.0014173218879238725,5.671654147512117e-07,1.3781809904573722e-06
578,G,severe,-1,0.9111111111111112,1.0613663491587346,0.0659653596641421,0.9882498276909796,0.7453408419647597,1.0613663491587346,0.5734050945186298,5.59939652004596,0.9844764724504561,0.015523527549543892,6.300922294398212e-06,7.3612270643015055e-06
579,G,ample,-1,1.0,0.2463167775228421,0.0,0.9994450155653964,0.9735386074334278,0.24631677752284212,0.6708315193269702,5.682952172191292,0.9991670865876844,0.0008329134123156168,3.331096885815856e-07,7.56968719077643e-07
580,G,moderate,-1,1.0,0.6210043383696355,0.0,0.9978624716255288,0.8432948060055466,0.6210043383696355,0.6125360130941558,5.671425433313936,0.9971404747576038,0.002859525242396188,1.1459409405099276e-06,4.334427878630755e-06
581,G,severe,-1,0.9777777777777776,0.8154553543184632,0.0365358303464965,0.98338548435642,0.8001535847584539,0.8154553543184632,0.6379639320662738,5.581046504554082,0.981250203609487,0.018749796390512996,7.635445746763636e-06,1.2935808160482666e-05
582,G,ample,-1,0.5111111111111111,2.129886563756947,0.5679402177760483,4.858825314056653e-13,0.49898251264974214,2.129886563756947,0.25132970568530827,2.7635491263418604e-12,4.858825563798871e-13,0.9999999999995142,0.39997816612627696,0.23679324057083262
583,G,moderate,-1,1.0,0.6075677489531797,0.0,0.9978836834470344,0.8724326600066509,0.6075677489531797,0.6268056226739069,5.6707123501186585,0.9970151016703189,0.002984898329681074,1.1963338676635891e-06,6.252482958956627e-06
584,G,severe,-1,0.6888888888888889,2.237224561596037,0.0688330840869712,0.9909882543316432,0.614554648711541,2.237224561596037,0.535991740119048,5.6182661491738894,0.9877940988864136,0.012205901113586437,4.937691458108934e-06,1.0338783654836608e-05
585,G,ample,-1,1.0,0.4129351615625201,0.0,0.9991403205232384,0.9461344593335443,0.41293516156252014,0.638914437463107,5.680138857435478,0.9986724543220855,0.0013275456779144879,5.311922318892431e-07,1.237025730039871e-06
586,G,moderate,-1,1.0,0.5398832358560441,0.0,0.9947360384742616,0.883345236256927,0.5398832358560441,0.6419637508597995,5.6539690826542826,0.9940713285634114,0.005928671436588595,2.3832145259035935e-06,1.6835539901143378e-06
587,G,severe,-1,0.7333333333333333,1.015295223508094,0.2306040368762182,0.7814390862020085,0.6641174806763109,1.0152952235080939,0.5899496263403209,4.443432895090773,0.7812368933810345,0.21876310661896547,0.0001118653917778659,6.764786677945138e-05
588,G,ample,-1,1.0,0.3496319977311065,0.0,0.9995879493143188,0.9646751528646871,0.3496319977311065,0.6529063520639491,5.6830664000654485,0.9991871699402747,0.0008128300597253224,3.250711625953331e-07,7.899557692918148e-07
589,G,moderate,-1,1.0,0.3194280172235109,0.0,0.99942603780981,0.9778495882180976,0.3194280172235109,0.6578759548544278,5.68194400051617,0.9989898315405029,0.001010168459497085,4.0407147052611533e-07,8.430777504999878e-07
590,G,severe,-1,0.9111111111111112,0.9027882289690726,0.0378730839334481,0.9908860676364708,0.7837214296181716,0.9027882289690726,0.6312159259447875,5.63123824100345,0.9900748302400424,0.009925169759957608,4.0058203116257485e-06,1.024491444035038e-05
591,G,ample,-1,1.0,0.2895120191615368,0.0,0.9993183728048184,0.9712364938600644,0.2895120191615368,0.647055892697384,5.681540924493618,0.9989189633925889,0.001081036607411101,4.32449663611847e-07,7.331542798485959e-07
592,G,moderate,-1,1.0,0.5617054187514496,0.0,0.9991184773105546,0.9330648193509083,0.5617054187514496,0.6464268423242454,5.678306601914116,0.9983503102399794,0.0016496897600205562,6.60304861270921e-07,3.914312231182958e-06
593,G,severe,-1,0.9777777777777776,0.5081698758177755,0.0333330199331483,0.9963619373830854,0.9231851579259858,0.5081698758177755,0.6366714883561865,5.664514993162035,0.9959254928002682,0.004074507199731792,1.634829084442418e-06,1.4750966119221258e-06
594,G,ample,-1,1.0,0.2970370250156627,0.0,0.999648238030298,0.9758187783732702,0.29703702501566276,0.6566767676884385,5.683209856622253,0.9992123922306567,0.0007876077693432793,3.1497619204761996e-07,1.0632436056158814e-06
595,G,moderate,-1,0.5111111111111111,4.402446644753298,0.5679402177760483,4.858825393654826e-13,0.4785719742450151,4.402446644753298,0.25593906623840723,2.763548974863159e-12,4.858825297471567e-13,0.9999999999995142,0.39997816612627696,0.2367932636409859
596,G,severe,-1,0.8888888888888888,0.712622647248588,0.0652635728919009,0.9953672073980692,0.7835649296766009,0.712622647248588,0.610011377784363,5.658711835347178,0.9949051913598915,0.0050948086401084725,2.0463025617516287e-06,1.0369005340758995e-05
597,G,ample,-1,1.0,0.3373555532519526,0.0,0.9996240518047432,0.974335154651738,0.3373555532519526,0.652636650314817,5.682466477853437,0.9990816926266193,0.0009183073733807223,3.6729292417908444e-07,8.80491878879081e-07
598,G,moderate,-1,1.0,0.6258858773788105,0.0,0.9994469159906596,0.8972446959649525,0.6258858773788105,0.643439338762521,5.682404642350294,0.999070820812525,0.0009291791874750377,3.7164533447837645e-07,3.8075196309364146e-06
599,G,severe,-1,0.8444444444444444,0.9139954458792816,0.436544626487826,0.5623641591980436,0.7668290476628942,0.9139954458792816,0.5961822294501837,3.1957633290671383,0.561873730092742,0.438126269907258,0.00031134956491633397,9.872780144981062e-05
600,G,ample,-1,1.0,0.2764366593288017,0.0,0.9995519956464898,0.975195048454506,0.27643665932880174,0.6683427913215074,5.683364793650169,0.9992396329981481,0.0007603670018518915,3.040739179976197e-07,8.251014571450728e-07
601,G,moderate,-1,1.0,0.6970903968490982,0.0,0.9988200791353026,0.869616766984262,0.6970903968490982,0.6194426691379479,5.677883883477213,0.9982759885958322,0.00172401140416778,6.901041672834944e-07,1.6487921238748085e-06
602,G,severe,-1,0.7555555555555555,0.6027548401036209,0.220588174287051,0.7188066719378473,0.7174820248909806,0.6027548401036209,0.6123664092435003,4.087318725823902,0.7186254994755721,0.2813745005244279,0.00015640050519934298,9.915189252383228e-05
603,G,ample,-1,1.0,0.2495432112626403,0.0,0.999541198776986,0.9752592286172117,0.24954321126264034,0.6695803754547144,5.683322645043755,0.9992322225011039,0.0007677774988961161,3.070396812752675e-07,7.175863106273628e-07
604,G,moderate,-1,1.0,0.3161327524631777,0.0,0.9995529927898952,0.9733424191882231,0.3161327524631777,0.6464088856521383,5.68305651075291,0.9991854312179878,0.0008145687820122482,3.2576708763436643e-07,9.398992674104385e-07
605,G,severe,-1,0.8,1.1821253079094622,0.6790231807814605,4.902680364076329e-13,0.7571329171779169,1.1821253079094622,0.5693103861280593,2.788492177373427e-12,4.9026800163346e-13,0.9999999999995097,0.3999781661245212,0.11843631286142617
606,G,ample,-1,1.0,0.3452806183196141,0.0,0.9993801328690988,0.9436274739250627,0.3452806183196141,0.6528684175355082,5.681556656084598,0.998921729294439,0.0010782707055609908,4.3134202012291323e-07,2.667899292178055e-06
607,G,moderate,-1,1.0,0.4630555691517452,0.0,0.9992609734798544,0.9166674153485723,0.4630555691517452,0.6448350020617494,5.678931702880961,0.9984602144399342,0.0015397855600658428,6.162468315282607e-07,1.255105142658494e-06
608,G,severe,-1,0.8222222222222222,1.178146219487504,0.0983623305571205,4.859307877655506e-13,0.6899660976194207,1.1781462194875039,0.5767384786061976,2.763823346186691e-12,4.859307692514971e-13,0.999999999999514,0.39997816612625764,0.11830821115953485
609,G,ample,-1,1.0,0.4028123683191824,0.0,0.9995240841153886,0.9353163533186556,0.40281236831918243,0.6261938323690521,5.682283828175535,0.9990495794676474,0.0009504205323526138,3.801493445875928e-07,9.464841211935647e-07
610,G,moderate,-1,1.0,0.5047793537305074,0.0,0.9996359840197672,0.9601118897492726,0.5047793537305074,0.6179203792656808,5.682356313617965,0.9990623237361435,0.0009376762638565461,3.75047110732677e-07,1.0749781234200428e-06
611,G,severe,-1,0.7111111111111111,1.5547614620690335,0.0704483037471057,0.9869641299400004,0.5760539794907871,1.5547614620690335,0.5296867941185701,5.596016892558989,0.9838822720335615,0.01611772796643851,6.546052266666412e-06,1.3850190641717383e-05
612,G,ample,-1,1.0,0.3051612221806269,0.0,0.9995179564754082,0.9737868837970507,0.3051612221806269,0.656921548302444,5.683341060577736,0.9992354602892954,0.0007645397107045593,3.0574387705041155e-07,7.5557871633365e-07
613,G,moderate,-1,1.0,0.5004996639939523,0.0,0.9996237380588466,0.9162095231742768,0.5004996639939523,0.6557063319890759,5.683834722941811,0.9993222551753205,0.000677744824679527,2.710105805159865e-07,1.186820391803664e-06
614,G,severe,-1,0.6222222222222222,1.7236673101847455,0.5959931008133696,0.4778778558910023,0.46588488927361416,1.7236673101847455,0.5126628022674331,2.70990391174123,0.4764507450329309,0.523549254967069,0.0004386204864531715,0.00016826190672380856
615,G,ample,-1,1.0,0.3723132232727012,0.0,0.9996572723924456,0.9487039926898477,0.3723132232727012,0.6216934890727622,5.682950274271095,0.9991667528985495,0.0008332471014504961,3.332432531110459e-07,9.315225978238827e-07
616,G,moderate,-1,1.0,0.5514674462439083,0.0,0.9994254684923976,0.9389274303804961,0.5514674462439083,0.6540575709051188,5.681745110890606,0.9989548631012647,0.0010451368987353105,4.1807360721873037e-07,1.0548845177313053e-06
617,G,severe,-1,0.8888888888888888,0.5768293035674521,0.0218684455236277,0.954974781309186,0.8223600296208913,0.5768293035674521,0.6363827023207753,5.428670151702671,0.9544596496983682,0.04554035030163184,1.906531488345083e-05,2.469829431377223e-05
618,G,ample,-1,1.0,0.2940519745746385,0.0,0.9995571102593208,0.9765604008990288,0.29405197457463855,0.6445685540193831,5.683066607438845,0.9991872064003163,0.0008127935996836699,3.250565694592792e-07,7.137683413558671e-07
619,G,moderate,-1,1.0,0.3261022799287635,0.0,0.9996093395806104,0.9404635169132615,0.32610227992876356,0.649560171471761,5.684134840617584,0.999375021359981,0.0006249786400189805,2.4989772538154725e-07,7.820347463445646e-07
620,G,severe,-1,0.8222222222222222,1.1070960814736657,0.0340402426363837,0.997464154298376,0.7122294764355148,1.1070960814736657,0.6109727283070389,5.667540254758015,0.9964573892026016,0.003542610797398371,1.4206564177568764e-06,1.2616462544556047e-05
621,G,ample,-1,1.0,0.3164587770185685,0.0,0.9995190800616002,0.9642467469400471,0.3164587770185685,0.675255583283204,5.682801601267993,0.9991406134613587,0.0008593865386412602,3.437062669666452e-07,7.412204953024887e-07
622,G,moderate,-1,1.0,0.8547810656839709,0.0,0.9982650781214124,0.8169049376721197,0.8547810656839709,0.598525517323991,5.673484189422615,0.9975024417917747,0.002497558208225281,1.0005215679610747e-06,6.978748132489313e-06
623,G,severe,-1,0.8,1.0146561239885463,0.2477682092466565,0.7602317038595613,0.6653782706515434,1.0146561239885465,0.5790536342725542,4.323189145908137,0.7600958397682487,0.23990416023175132,0.0001260835392811712,0.00010113889674260596
624,G,ample,-1,1.0,0.4215653020904034,0.0,0.998709917318489,0.9316520235164911,0.4215653020904034,0.6477623488826407,5.676118048181156,0.9979655224059549,0.00203447759404507,8.146337134734174e-07,3.4917814479442756e-06
625,G,moderate,-1,1.0,0.3001735911397715,0.0,0.9994649694250998,0.970887310570273,0.3001735911397715,0.656765583035879,5.6822908604822295,0.9990508158759751,0.0009491841240248933,3.7965433641797947e-07,8.564345699949617e-07
626,G,severe,-1,0.7777777777777778,1.2219789596127817,0.5753779991867067,0.4753802519803052,0.6525402365608401,1.2219789596127817,0.5757029073192749,2.699160315990062,0.4745618241092781,0.5254381758907218,0.00044195146787709736,0.00019290060253649018
627,G,ample,-1,1.0,0.2401306979778772,0.0,0.9995460733471502,0.975471039316086,0.24013069797787726,0.6770106045567751,5.683299124776528,0.9992280872073043,0.0007719127926957281,3.08694690917525e-07,7.525768973956191e-07
628,G,moderate,-1,1.0,0.4429783065267487,0.0,0.9991895097875776,0.913143115500892,0.44297830652674874,0.6423623902160002,5.679789744261859,0.9986110738314523,0.0013889261685476884,5.557865970319501e-07,1.2975634620640455e-06
629,G,severe,-1,0.8444444444444444,0.896639812017678,0.0026537798391893,0.996775052832778,0.7377066112839505,0.896639812017678,0.5988138456721662,5.665111700078182,0.996030404806016,0.003969595193983988,1.5925672707732626e-06,1.51168252287596e-05
630,G,ample,-1,1.0,0.3573017830668584,0.0,0.9997153205038372,0.9623093773007838,0.3573017830668584,0.6362422974155013,5.683056394864654,0.9991854108427097,0.0008145891572902686,3.257752428706756e-07,9.679028806510993e-07
631,G,moderate,-1,1.0,0.5356023736864535,0.0,0.9994414700451396,0.9456800824397902,0.5356023736864535,0.6307757552063832,5.6817863856121225,0.998962119953337,0.0010378800466630533,4.1516772257511237e-07,1.1387453474233185e-06
632,G,severe,-1,0.4222222222222222,1.9296081813968704,0.5705872609148056,4.858825511400549e-13,0.3876041088269928,1.9296081813968704,0.2312226559611224,2.7635491737241355e-12,4.858825647105589e-13,0.9999999999995142,0.39997816612627696,0.23680478803018476
633,G,ample,-1,1.0,0.3044987624830192,0.0,0.9995952269717462,0.9761671223026689,0.30449876248301927,0.6570997329231621,5.682371789713254,0.9990650447171711,0.000934955282828942,3.739577687409361e-07,8.839354095148353e-07
634,G,moderate,-1,1.0,0.5528232204040187,0.0,0.9985248114817944,0.9150287223327508,0.5528232204040187,0.6238315931770679,5.6739667998793015,0.9975872935500429,0.0024127064499570583,9.664478343162557e-07,4.9003370959419725e-06
635,G,severe,-1,0.9111111111111112,0.7278867168258766,0.0337560555908322,0.99823148748289,0.7781860626998351,0.7278867168258766,0.6053982649643055,5.6744915977909125,0.9976795626356351,0.0023204373643649356,9.294021122881551e-07,2.351350504877844e-06
636,G,ample,-1,1.0,0.3673969649016644,0.0,0.9995156436523984,0.9318195664317307,0.3673969649016644,0.6318731241707168,5.682024910881529,0.9990040570647692,0.0009959429352307536,3.98375536110766e-07,7.651479237600506e-07
637,G,moderate,-1,1.0,0.4386780821256297,0.0,0.999593597211022,0.9498133795100606,0.4386780821256297,0.6378110626511732,5.681817910430529,0.9989676625938533,0.0010323374061467216,4.129482935937055e-07,1.136446648019767e-06
638,G,severe,-1,0.6666666666666666,1.6127952370499172,0.6455119174325854,0.356678147086447,0.5632099527626462,1.6127952370499172,0.5322960048611497,2.027500494260666,0.35647172464666127,0.6435282753533387,0.0007200884799718716,0.00027706573482534603
639,G,ample,-1,1.0,0.3031675599498931,0.0,0.9996063612663322,0.9742055108456875,0.3031675599498931,0.6406781309269115,5.6829205483534855,0.9991615265377437,0.000838473462256295,3.3533520106348374e-07,9.283158295849319e-07
640,G,moderate,-1,1.0,0.4419086768244132,0.0,0.9992593631830065,0.9505468764270952,0.4419086768244132,0.6470882544407395,5.679997659653792,0.9986476291657435,0.0013523708342565444,5.411389857592176e-07,1.1230492703204305e-06
641,G,severe,-1,0.7111111111111111,1.415683648359359,0.5728264518333672,0.560935258507456,0.6050071850156099,1.4156836483593587,0.5760117964158454,3.185440676507098,0.560058818692512,0.43994118130748805,0.00031365063615217153,0.00010927196588038082
642,G,ample,-1,1.0,0.3999740337097853,0.0,0.9993062845008818,0.929081849477865,0.3999740337097853,0.6341259062258104,5.681483279319596,0.9989088283151084,0.0010911716848915898,4.3650844733949834e-07,1.9110696432820322e-06
643,G,moderate,-1,1.0,0.2971788820948904,0.0,0.999610384669591,0.9251588742595556,0.2971788820948904,0.6715180147156053,5.683892114215505,0.9993323456124725,0.0006676543875274721,2.669730131281266e-07,9.195198784938523e-07
644,G,severe,-1,0.8,0.7040830419166548,0.0685467332093919,4.902680285156852e-13,0.7734217624168898,0.7040830419166548,0.6033512783446564,2.7884922404669475e-12,4.902680127264566e-13,0.9999999999995097,0.3999781661245212,0.11832037575390236
645,G,ample,-1,1.0,0.3917747684296808,0.0,0.9996162290870372,0.9555620135874145,0.39177476842968084,0.6520312353466962,5.682113365647271,0.999019609032814,0.0009803909671860511,3.9214867581187164e-07,2.073112769486482e-06
646,G,moderate,-1,1.0,0.369559296154781,0.0,0.9993680289084812,0.9714602859139975,0.36955929615478106,0.6412190120684083,5.67964650055637,0.9985858889642303,0.0014141110357697162,5.658787200410071e-07,8.210118072185976e-07
647,G,severe,-1,0.4222222222222222,2.455078301371901,0.6043401513930761,4.85882538842881e-13,0.3823623590734329,2.4550783013719015,0.23087175481973057,2.7635489236041106e-12,4.858825207348771e-13,0.9999999999995142,0.39997816612627696,0.23679538597192754
648,G,ample,-1,1.0,0.4105075203342174,0.0,0.9994129093956816,0.9298333756610744,0.4105075203342174,0.6499956123126557,5.682394681760387,0.9990690695583712,0.0009309304416288411,3.723464385221672e-07,1.008595295627841e-06
649,G,moderate,-1,1.0,0.5604357179903635,0.0,0.9985492805069102,0.9403943785674191,0.5604357179903635,0.6306986121558704,5.6738582062198715,0.9975682007956035,0.002431799204396512,9.741143647568855e-07,2.9122741647227075e-06
650,G,severe,-1,0.8666666666666667,0.9239114949617248,0.0656439706120029,4.902680063353431e-13,0.7958966450391775,0.9239114949617249,0.5840839810140506,2.7884922142874856e-12,4.902680081236277e-13,0.9999999999995097,0.3999781661245212,0.11830248649119776
651,G,ample,-1,1.0,0.2772990613493377,0.0,0.9994027747475294,0.9743121805345206,0.2772990613493377,0.6957843965518224,5.681524130267696,0.9989160106600518,0.0010839893399482436,4.336321327851771e-07,8.925844787492482e-07
652,G,moderate,-1,1.0,0.9476032104397922,0.0,0.9960795728274272,0.8287506160880211,0.9476032104397922,0.6169319590750072,5.657425662053458,0.9946790585360009,0.005320941463999085,2.137612969426986e-06,5.034567982801132e-06
653,G,severe,-1,0.6888888888888889,0.9732570802789308,0.0712894832602666,0.9881402901079148,0.6141887501643443,0.9732570802789309,0.6235673650891733,5.618045326746751,0.9877552742589151,0.012244725741084928,4.9535918073382015e-06,2.7753920858391354e-05
654,G,ample,-1,1.0,0.4607643499453608,0.0,0.999537622031298,0.9343720711571518,0.4607643499453608,0.6465314889898639,5.682804445473943,0.999141113524862,0.0008588864751379877,3.4350609794788563e-07,1.008627423873637e-06
655,G,moderate,-1,1.0,0.8992892190062135,0.0,0.999432000499813,0.864804202767042,0.8992892190062135,0.6247265423350138,5.680692359638692,0.9987697701479183,0.0012302298520816546,4.922052343028461e-07,4.0515590795326344e-06
656,G,severe,-1,0.8666666666666667,1.1705876625648506,0.0530126239222605,0.9346505674026596,0.7301081235200264,1.1705876625648506,0.5851868035982232,5.305230529067714,0.9327567029938042,0.0672432970061958,2.880548770769736e-05,2.4569352736302466e-05
657,G,ample,-1,1.0,0.3201015664630494,0.0,0.9993548750468172,0.9747991758204219,0.32010156646304944,0.6375230515224878,5.682113635699047,0.9990196565128628,0.0009803434871371586,3.9212966554777637e-07,8.890909924469437e-07
658,G,moderate,-1,1.0,0.3559300769931847,0.0,0.9992889814806584,0.9389085928300179,0.35593007699318474,0.6736688944158904,5.6809907288352735,0.9988222289179103,0.001177771082089718,4.711921714570639e-07,1.5917339753610157e-06
659,G,severe,-1,0.8888888888888888,0.695820512931058,0.2241643771044987,0.7796719875692976,0.7729280146353769,0.695820512931058,0.6340376561994427,4.433020152740141,0.7794061425454426,0.2205938574545574,0.00011306617413601614,6.995707242899789e-05
660,G,ample,-1,1.0,0.35660541488686,0.0,0.9986108233479024,0.9430009718109849,0.35660541488686004,0.6365503488973308,5.676756921266996,0.9980778479966932,0.0019221520033068096,7.695704202187554e-07,1.2782739685192421e-06
661,G,moderate,-1,1.0,0.3453802599032557,0.0,0.9996856461586952,0.9520046455242746,0.34538025990325577,0.6581232926903332,5.683101833562141,0.9991933997980291,0.0008066002019708751,3.2257767672223414e-07,8.093638926568503e-07
662,G,severe,-1,0.8444444444444444,1.0197342107034428,0.1936440462455455,0.7816877437523811,0.7032036626390942,1.0197342107034428,0.5880570379100925,4.44342503299166,0.7812355110800003,0.21876448891999967,0.00011186629630342258,6.388968830261667e-05
663,G,ample,-1,1.0,0.303042701985051,0.0,0.9993525965747524,0.9734478566460898,0.30304270198505107,0.6432874801361861,5.681567252204158,0.998923592286347,0.001076407713653027,4.305959628092084e-07,9.566669860583877e-07
664,G,moderate,-1,1.0,0.6399939427237812,0.0,0.999048649741778,0.8495272842512921,0.6399939427237812,0.6302941527982303,5.678566757432858,0.9983960503454467,0.0016039496545533494,6.419675428539023e-07,4.943139056606152e-06
665,G,severe,-1,0.8444444444444444,0.9589469738307542,0.057463420441976,0.9975642608597568,0.7453282772250963,0.9589469738307542,0.5734704486933737,5.671026140694457,0.9970702718012509,0.0029297281987491486,1.1741570193156726e-06,2.4012797402673634e-06
666,G,ample,-1,1.0,0.4126980549293123,0.0,0.9992416448937664,0.9625293878317095,0.41269805492931233,0.6293945034933034,5.679613258725439,0.9985800444414616,0.001419955558538355,5.682208198895579e-07,9.17855010254172e-07
667,G,moderate,-1,1.0,0.4813262405594866,0.0,0.99933255537911,0.9308649797101647,0.4813262405594866,0.6503688099776495,5.680778617466476,0.9987849358540287,0.0012150641459712785,4.861301810242588e-07,9.8485863902161e-07
668,G,severe,-1,0.8888888888888888,0.7605983523077025,0.0005817871663198,0.999066352086542,0.7898308334096247,0.7605983523077025,0.605371440991395,5.679770809345861,0.9986077447263888,0.0013922552736111982,5.57120612531174e-07,7.728042437592968e-06
669,G,ample,-1,1.0,0.2813151729607135,0.0,0.9992310142647102,0.9658112740484854,0.2813151729607135,0.6796382211768267,5.679611901229882,0.9985798057688775,0.0014201942311224958,5.6831646472617e-07,8.131345502966501e-07
670,G,moderate,-1,0.8444444444444444,1.1826323666171137,0.0071231604974644,0.9994410661738662,0.8116698054809036,1.1826323666171135,0.5862877923195751,5.681824179422658,0.9989687647974987,0.0010312352025012572,4.125069432208153e-07,1.1682071535719443e-06
671,G,severe,-1,0.8444444444444444,0.7900756478916676,0.4197568586275471,0.4837668929377419,0.7748171692075823,0.7900756478916676,0.626792421797458,2.74660339909491,0.4829031871347441,0.5170968128652559,0.00042743818869674696,0.00015954756298747406
672,G,ample,-1,1.0,0.317561117689764,0.0,0.9995613706479556,0.9777104094484257,0.317561117689764,0.6632398610895079,5.681727919747731,0.9989518405834568,0.0010481594165432373,4.19283936199507e-07,8.900642123517697e-07
673,G,moderate,-1,0.9777777777777776,1.0232460941391202,0.0294103403918532,0.9973707789456268,0.8296607386012997,1.0232460941391202,0.6033554049478778,5.66874577917333,0.9966693424764219,0.0033306575235780844,1.3353752388841467e-06,6.144269506367148e-06
674,G,severe,-1,0.8222222222222222,1.20871125960549,0.3839245885832545,0.5632734111231049,0.7219370339494227,1.2087112596054899,0.5983057890406464,3.2000876078448734,0.5626340175097443,0.4373659824902557,0.0003103900236996651,0.0001053227537765947
675,G,ample,-1,1.0,0.2299447644774138,0.0,0.9994442655825784,0.9761340700333546,0.22994476447741383,0.6816470651504699,5.683195794042138,0.9992099197714881,0.0007900802285119024,3.1596574669973044e-07,5.947275733200387e-07
676,G,moderate,-1,1.0,0.7050734430769237,0.0,0.9971223024452228,0.8312111649663101,0.7050734430769237,0.6171408991867551,5.666865713825719,0.996338792551128,0.003661207448871995,1.4683905913731124e-06,5.227769134719792e-06
677,G,severe,-1,0.7555555555555555,1.202649455793202,0.5115803622794457,4.894265523838279e-13,0.6989161047475853,1.202649455793202,0.5442564601575176,2.783706211290422e-12,4.894265411314584e-13,0.9999999999995106,0.3999781661248581,0.11840478084436085
678,G,ample,-1,1.0,0.3132341625015888,0.0,0.9993220035275906,0.9587562000625073,0.3132341625015888,0.6677304754350707,5.681028020001602,0.9988287853880136,0.0011712146119864375,4.685660445703889e-07,1.480901757061548e-06
679,G,moderate,-1,1.0,0.55921825857651,0.0,0.9994522195950174,0.939698974211508,0.55921825857651,0.6490797725367802,5.68097247269214,0.9988190191535494,0.0011809808464505744,4.7247782222523897e-07,4.00370883924566e-06
680,G,severe,-1,0.9333333333333332,1.1059253520793837,0.0322917617530622,0.9945358209919836,0.7837467707572869,1.1059253520793837,0.5802103058311675,5.651521348915535,0.9936409721369656,0.006359027863034439,2.557315731878808e-06,7.705055534733045e-06
681,G,ample,-1,1.0,0.2484530593067803,0.0,0.9995437543487278,0.9756391186865595,0.2484530593067803,0.6856991788391344,5.682675866695402,0.9991185070204153,0.0008814929795847304,3.5255539229982477e-07,7.33165033162628e-07
682,G,moderate,-1,1.0,0.2932034401278631,0.0,0.9989154549666434,0.9634195050487817,0.2932034401278631,0.6612030270018731,5.678093826946999,0.9983129005033582,0.0016870994966418085,6.753037626691628e-07,8.668977908092397e-07
683,G,severe,-1,0.9111111111111112,1.0219918568647333,0.0379226404697964,0.9939869101573324,0.734899857077922,1.0219918568647333,0.5988312912033383,5.647627042345758,0.9929562817099294,0.007043718290070555,2.834618798773906e-06,5.771645435553036e-06
684,G,ample,-1,1.0,0.4325364341475677,0.0,0.996281710837169,0.9182505328628009,0.43253643414756776,0.6749456559508002,5.663561879458787,0.9957579179530399,0.004242082046960083,1.7023518903587616e-06,2.7091790605116084e-06
685,G,moderate,-1,1.0,0.3454407281324678,0.0,0.9995345460929954,0.9650393822893519,0.3454407281324678,0.6513094420302161,5.682041064674106,0.9990068971973937,0.0009931028026063382,3.972383595270403e-07,7.233504221404614e-07
686,G,severe,-1,0.7333333333333333,2.005212742852727,0.42545008317576,0.5598928559912304,0.6801239906117615,2.005212742852727,0.5423510499076255,3.177750215783199,0.558706694830971,0.441293305169029,0.0003153746533360778,0.00010947559436624072
687,G,ample,-1,1.0,0.3019578776757096,0.0,0.9993262075746204,0.9731695779927907,0.30195787767570964,0.6431521946673725,5.682074147336368,0.9990127137353949,0.0009872862646050917,3.9490946351059426e-07,8.976621175896353e-07
688,G,moderate,-1,0.9777777777777776,0.6122172100470549,0.0294103403918532,0.9982805673197648,0.9003732645075837,0.6122172100470549,0.6375669650395859,5.673329106861413,0.9974751754368659,0.002524824563134076,1.011472087524159e-06,4.464880675890401e-06
689,G,severe,-1,0.9111111111111112,0.9451299629485652,0.0336558581551646,0.9921504012589444,0.7789215444731863,0.9451299629485652,0.5918154456071135,5.638820870847329,0.9914079954577361,0.008592004542263942,3.463093449060656e-06,2.845598477297994e-06
690,G,ample,-1,1.0,0.4905306681899131,0.0,0.99899726498619,0.9281108458415247,0.49053066818991314,0.6525018193970747,5.6786891613394195,0.9984175711942943,0.0015824288057056934,6.333403633815033e-07,1.5276919460146933e-06
691,G,moderate,-1,1.0,0.3805606749901263,0.0,0.9995122118051004,0.9454477498085592,0.3805606749901263,0.6351101763563419,5.682180715992457,0.999031450457155,0.0009685495428449764,3.8740761184405665e-07,1.0961680712384024e-06
692,G,severe,-1,0.7333333333333333,1.235869286264171,0.4556318005905395,0.4815855731780133,0.6742964185612745,1.235869286264171,0.5545794835739232,2.7374637961997657,0.48129627753554044,0.5187037224644595,0.0004301950381264586,0.0001610988939224795
693,G,ample,-1,1.0,0.2942911266967298,0.0,0.9994844266976108,0.9718622145669601,0.2942911266967298,0.6540610010732905,5.682473609317812,0.9990829464686836,0.0009170535313164363,3.667909684888705e-07,9.029832682403823e-07
694,G,moderate,-1,1.0,0.3675640899340393,0.0,0.9739253138382502,0.9436251748338889,0.3675640899340393,0.6364302504035737,5.506567481009141,0.9681554270369439,0.031844572963056095,1.314322565031182e-05,9.581194192974528e-06
695,G,severe,-1,0.9111111111111112,0.8260083847994193,0.2886474598799764,4.8942656127054e-13,0.8242788966747162,0.8260083847994193,0.6182909198375577,2.7837062710671657e-12,4.894265516413049e-13,0.9999999999995106,0.3999781661248581,0.1183634470990409
696,G,ample,-1,1.0,0.2626627172400675,0.0,0.9995558399334982,0.9729689308142738,0.26266271724006757,0.6585047015330905,5.683287542952046,0.9992260509104159,0.0007739490895840584,3.0950965399924967e-07,7.207337291171779e-07
697,G,moderate,-1,1.0,0.4921581222346199,0.0,0.9994459832282196,0.9335732582845009,0.4921581222346199,0.6687440223944084,5.681920989331118,0.9989857857526746,0.0010142142473253957,4.0569144338313473e-07,1.1220306810263773e-06
698,G,severe,-1,0.8222222222222222,1.1146855465836547,0.0622838880036887,0.9955984269080176,0.7272917129170797,1.1146855465836547,0.5778667877849148,5.660592420619296,0.9952358326974372,0.004764167302562794,1.912867168657485e-06,1.0779742007338459e-05
699,G,ample,-1,1.0,0.3253424451596365,0.0,0.9996749213942806,0.9762741527315272,0.3253424451596365,0.6496176132829218,5.6835490938576605,0.9992720363504547,0.0007279636495453046,2.911062524449705e-07,1.0702076250110565e-06
700,G,moderate,-1,1.0,0.5471195042231576,0.0,0.9990216558438776,0.8506795774422931,0.5471195042231576,0.5957568815039751,5.678798142662118,0.9984367321070372,0.0015632678929627941,6.256595369612632e-07,1.7389476312547637e-06
701,G,severe,-1,0.8,1.0315881086507848,0.05713463324793,0.8771826327847203,0.6588323973115183,1.0315881086507848,0.5601082666601361,4.986277280749134,0.8766788796681731,0.12332112033182685,5.620329508601285e-05,4.3624425357605096e-05
702,G,ample,-1,1.0,0.3204102058411138,0.0,0.9995648737269668,0.9768872607422638,0.32041020584111385,0.6540444186571819,5.681744184643392,0.9989547002500384,0.0010452997499615924,4.181388187435731e-07,9.976221743345172e-07
703,G,moderate,-1,1.0,0.5398324850057423,0.0,0.9983770841015654,0.933957697756758,0.5398324850057423,0.6322830005937057,5.675503176185917,0.9978574166465729,0.0021425833534270966,8.580136466439794e-07,1.1761795069163404e-06
704,G,severe,-1,0.8222222222222222,0.954948511252636,0.0038132148165513,0.9982126716029124,0.766842873093539,0.9549485112526361,0.592930644335019,5.67393354641279,0.997581446981526,0.0024185530184740456,9.687954422046768e-07,1.3106966486332287e-05
705,G,ample,-1,1.0,0.306185381601409,0.0,0.9995849997217616,0.971531396845243,0.30618538160140907,0.6347933414637191,5.683805755698885,0.9993171622034206,0.0006828377965794052,2.7304850306191705e-07,7.313138643040459e-07
706,G,moderate,-1,1.0,0.5086432982146386,0.0,0.9990313684803518,0.9198632774780494,0.5086432982146386,0.6190961538261626,5.678915531102716,0.9984573711451001,0.0015426288548998635,6.173865199989813e-07,8.834721429427449e-07
707,G,severe,-1,0.9777777777777776,0.7739784798168944,0.001159434977362,0.9052298257285888,0.8195460710071638,0.7739784798168944,0.6129888552247641,5.1367386435818805,0.9031327432571113,0.09686725674288865,4.285532256936055e-05,2.262257445599826e-05
708,G,ample,-1,1.0,0.2823881487289964,0.0,0.9996730125540952,0.9767246189869238,0.2823881487289964,0.6425704927142329,5.684230947152201,0.9993919186491514,0.000608081350848555,2.431372370497386e-07,5.642635255607273e-07
709,G,moderate,-1,1.0,0.4947299345532744,0.0,0.9995617983944936,0.8740355282218082,0.4947299345532744,0.6252829926211931,5.683177941820709,0.9992067810239614,0.0007932189760385677,3.1722197761382794e-07,3.172092444922062e-06
710,G,severe,-1,0.6666666666666666,1.6906516644284348,0.0123220509632712,0.9976606906636676,0.5490692619424408,1.6906516644284348,0.48941697868854445,5.670373157948759,0.9969554654738627,0.003044534526137288,1.2203087071260016e-06,1.2800284844223986e-05
711,G,ample,-1,1.0,0.3149574291318543,0.0,0.9993863544158214,0.9534918559025308,0.3149574291318543,0.6523299947505627,5.682690059313797,0.9991210023426954,0.0008789976573045921,3.515565045707608e-07,8.298535669891044e-07
712,G,moderate,-1,1.0,0.3402364354366178,0.0,0.9994111378305776,0.9619420294632373,0.34023643543661786,0.6434833864314932,5.6810247897928585,0.9988282174581488,0.0011717825418512406,4.6879352169314746e-07,7.737300991601355e-07
713,G,severe,-1,0.6444444444444445,1.9066651787447757,0.2386693603346144,0.7798695000126886,0.5161466057762673,1.9066651787447755,0.523735009998169,4.433515128096564,0.7794931682795725,0.2205068317204275,0.00011300896677129693,8.221991334751582e-05
714,G,ample,-1,1.0,0.2888616345800907,0.0,0.9996154482923328,0.9772007267377598,0.28886163458009073,0.6648449195026114,5.68241041273441,0.9990718353517488,0.0009281646482511841,3.7123917093916037e-07,9.241088971844008e-07
715,G,moderate,-1,1.0,0.4486214281164659,0.0,0.9992861486444812,0.9224542622130056,0.44862142811646594,0.6337198320931988,5.681514603945808,0.9989143357581701,0.0010856642418298756,4.3430287725128537e-07,3.012982884814433e-06
716,G,severe,-1,0.4,3.273135426607264,0.5761040203456875,4.858825525165732e-13,0.36234453540664036,3.273135426607264,0.22960532360028243,2.7635491552541715e-12,4.85882561463201e-13,0.9999999999995142,0.39997816612627696,0.23679577268150953
717,G,ample,-1,1.0,0.2922186029866292,0.0,0.9994279065474876,0.9712989658164142,0.2922186029866292,0.6602722753228224,5.682685772395655,0.9991202486239625,0.0008797513760374631,3.5185822074115185e-07,8.406585211585958e-07
718,G,moderate,-1,1.0,0.4702980906959067,0.0,0.9989769339282314,0.9386316657190557,0.4702980906959067,0.6498581098198142,5.678765032877785,0.9984309108004791,0.0015690891995209233,6.279930295785062e-07,3.390499045068767e-06
719,G,severe,-1,0.6666666666666666,1.6618386938931944,0.0765162737452444,0.9892367259390704,0.6232138418530334,1.6618386938931944,0.5326738733715998,5.618110861139517,0.9877667964055576,0.012233203594442355,4.948872864077091e-06,1.154348056279289e-05
720,G,ample,-1,1.0,0.3007684377320831,0.0,0.9996844224005492,0.9766245554475415,0.3007684377320831,0.6474643826162771,5.683209998433142,0.9992124171636086,0.000787582836391354,3.1496621313382045e-07,7.671732089262965e-07
721,G,moderate,-1,0.9777777777777776,0.4164258925080695,0.0294103403918532,0.9939351555680536,0.9316061248811107,0.4164258925080695,0.6218274805491434,5.64667892764037,0.9927895857780916,0.007210414221908379,2.9021893282196456e-06,2.5603420242078626e-06
722,G,severe,-1,0.8888888888888888,0.8373296380915991,0.0544002810995986,0.9958874479956676,0.8025254008882153,0.8373296380915991,0.6044387045462691,5.662105761553233,0.995501905753511,0.004498094246488948,1.8055535966838255e-06,4.656364021161628e-06
723,G,ample,-1,1.0,0.3825608606920437,0.0,0.9994429410931738,0.9660275489881394,0.3825608606920437,0.6383223297890263,5.681379179893794,0.9988905257292617,0.0011094742707382643,4.438382729387011e-07,1.0287705079953557e-06
724,G,moderate,-1,1.0,0.4547155901705138,0.0,0.9991851930124586,0.9602359061572874,0.4547155901705138,0.6289486243221839,5.6789176542090765,0.9984577444260871,0.001542255573912854,6.172368960192356e-07,1.0970753776977247e-06
725,G,severe,-1,0.9111111111111112,0.7142728841424931,0.0633214816379466,0.9955472703159334,0.822018474658059,0.7142728841424931,0.6037607157493835,5.659962985498774,0.9951251664738774,0.004874833526122613,1.9575183613682665e-06,6.183408771126986e-06
726,G,ample,-1,1.0,0.3269778773243706,0.0,0.9997182931572556,0.9770084653103766,0.3269778773243706,0.6308895439437789,5.683082512350472,0.9991900027751108,0.0008099972248891696,3.239373232824746e-07,1.0009690441141275e-06
727,G,moderate,-1,1.0,0.3256175393402684,0.0,0.9994947534259456,0.9547011716248522,0.32561753934026844,0.6591497796208414,5.682018073662368,0.9990028549564034,0.0009971450435966034,3.9885685694722524e-07,1.7410458571437967e-06
728,G,severe,-1,0.7555555555555555,1.6020313621583462,0.1772567321243498,0.9812775791013932,0.5362313155340129,1.6020313621583462,0.5554005296865901,5.575209378319371,0.9802239298986998,0.019776070101300225,8.061796455846776e-06,9.834684139158218e-06
729,G,ample,-1,1.0,0.2907255627705469,0.0,0.999510867589928,0.9748021243350888,0.2907255627705469,0.6597616527155441,5.682642741037302,0.9991126829229581,0.000887317077041927,3.548868217601272e-07,7.83846656484212e-07
730,G,moderate,-1,1.0,0.3542787394144622,0.0,0.9994632521657568,0.9656435045929344,0.35427873941446225,0.6347589418539097,5.681972254040814,0.9989947990276555,0.0010052009723444666,4.020824582089927e-07,8.562219148763832e-07
731,G,severe,-1,0.8444444444444444,0.649283234554637,0.037936822688173,0.9738172955961716,0.7633864055050934,0.649283234554637,0.6194809989518953,5.519343777100054,0.970401733913325,0.02959826608667504,1.2187857357093888e-05,8.763712687678508e-06
732,G,ample,-1,1.0,0.259780050841516,0.0,0.9994414124578052,0.9727995745471065,0.259780050841516,0.6581711066102596,5.681889053368678,0.9989801708255062,0.001019829174493836,4.079397366374776e-07,7.495982339837714e-07
733,G,moderate,-1,1.0,0.3177908435725892,0.0,0.9985871966959744,0.9451886515167733,0.3177908435725892,0.6493325236782236,5.677864847777209,0.9982726417710943,0.0017273582289056844,6.914461828891416e-07,1.305002052832738e-06
734,G,severe,-1,0.8888888888888888,0.6434522656025433,0.0001385789765385,0.998765269628783,0.8195969997132776,0.6434522656025433,0.620360232821195,5.677310057979563,0.9981750995625754,0.0018249004374245592,7.305627766444949e-07,1.2453004993214502e-06
735,G,ample,-1,1.0,0.344959473149332,0.0,0.999605621363369,0.9608082789739997,0.344959473149332,0.6498219430700632,5.682430884915002,0.9990754347360861,0.0009245652639139346,3.6979818975049585e-07,7.19754988440704e-07
736,G,moderate,-1,1.0,0.7575752296647676,0.0,0.9967402299094902,0.8813416507595161,0.7575752296647676,0.6198510118941134,5.65860013841566,0.9948855529933763,0.005114447006623668,2.0542307139266474e-06,2.244676764121848e-06
737,G,severe,-1,0.8888888888888888,0.7315789852419936,0.0414826423471101,0.982912769564437,0.6845680963915519,0.7315789852419936,0.6132005449083467,5.582953595533231,0.9815855051358342,0.018414494864165798,7.496342555393071e-06,1.0658618998322748e-05
738,G,ample,-1,1.0,0.3149454488692766,0.0,0.9996990679197858,0.9755791491924155,0.31494544886927667,0.6481436963454008,5.683656152276672,0.9992908591815076,0.000709140818492382,2.835738318648771e-07,6.439285918348628e-07
739,G,moderate,-1,1.0,0.351452852111237,0.0,0.9921759072145536,0.9610892271630141,0.351452852111237,0.6380559542893866,5.63155127580217,0.9901298674915203,0.009870132508479679,3.98338594713356e-06,3.495996687797941e-06
740,G,severe,-1,0.6888888888888889,1.7323783891106568,0.0601981370418844,0.9869630398834992,0.47852391944456285,1.7323783891106568,0.549916619853792,5.610678608477462,0.9864600702508899,0.013539929749110113,5.484749979683688e-06,4.10614743303338e-05
741,G,ample,-1,1.0,0.6164286650034441,0.0,0.999325183758628,0.9198728141518007,0.6164286650034441,0.6270165081965308,5.680008149379368,0.9986494734516401,0.001350526548359876,5.404000143968271e-07,5.643416196838008e-06
742,G,moderate,-1,0.9333333333333332,0.7854644509671234,0.0028889669137674,0.9997142229674646,0.9135439619022618,0.7854644509671234,0.6278287033042622,5.683584805272139,0.9992783150712465,0.0007216849287534632,2.8859363578953526e-07,1.1641580807459146e-06
743,G,severe,-1,0.4666666666666667,4.886284847954087,0.5750374526472884,4.858825329685334e-13,0.4101102310539926,4.886284847954087,0.24084317313030587,2.7635490334858033e-12,4.858825400540914e-13,0.9999999999995142,0.39997816612627696,0.23679569861987487
744,G,ample,-1,1.0,0.4177558403066825,0.0,0.9995638871216928,0.9556454256473402,0.4177558403066825,0.6646481310719744,5.683199088395547,0.99921049897916,0.0007895010208399666,3.157339294310847e-07,8.096729881317302e-07
745,G,moderate,-1,1.0,0.4622349463982299,0.0,0.999394461039084,0.9409933428713586,0.46223494639822993,0.6483240560699232,5.68097508772192,0.9988194789236842,0.0011805210763158325,4.722936637056733e-07,3.193416372454419e-06
746,G,severe,-1,0.8666666666666667,0.8955754108611292,0.0375791509764547,0.9989132427298704,0.7789822767462257,0.8955754108611292,0.5723218104211025,5.678905142377178,0.99845554461686,0.0015444553831399643,6.181186575451883e-07,1.3525001244105768e-06
747,G,ample,-1,1.0,0.2943444688025926,0.0,0.9995936111545964,0.9743318775879592,0.2943444688025926,0.6846099200266745,5.6827517918150745,0.9991318560471751,0.0008681439528248625,3.4721178020376494e-07,8.449400462233856e-07
748,G,moderate,-1,0.9333333333333332,0.4966951508089701,0.0028889669137674,0.9993416589813215,0.8815905460556666,0.49669515080897014,0.6532225063009492,5.681853674724724,0.998973950611868,0.0010260493881319999,4.104304243099788e-07,1.2510061340369783e-06
749,G,severe,-1,0.8666666666666667,1.07626660825662,0.0222372035597821,0.9583362966298428,0.7868143897665937,1.07626660825662,0.6074824165804693,5.447516120525001,0.9577731162192149,0.042226883780785096,1.7617048564372932e-05,1.7452854605790498e-05
750,G,ample,-1,1.0,0.301578777072329,0.0,0.9996457445796986,0.9759011286544118,0.30157877707232905,0.6609720133087968,5.684018929893587,0.999354642131564,0.0006453578684360028,2.5805161731246347e-07,8.791878425324303e-07
751,G,moderate,-1,1.0,0.6339993442530211,0.0,0.9942632432534474,0.8777687789869187,0.6339993442530211,0.6205561425932082,5.652962108003624,0.9938942839750565,0.006105716024943475,2.4548198892224764e-06,1.4645522825898156e-06
752,G,severe,-1,0.7333333333333333,1.34317931291599,0.1210427349281115,4.859307916959505e-13,0.6141677059277016,1.34317931291599,0.5717693850474673,2.763823490365837e-12,4.859307946008319e-13,0.999999999999514,0.3999781661262576,0.11832260364397702
753,G,ample,-1,1.0,0.3725704275858236,0.0,0.999300864669132,0.96876547770804,0.3725704275858236,0.6391979186541492,5.67997003841803,0.9986427728465578,0.0013572271534422198,5.430848363816133e-07,8.618589896008512e-07
754,G,moderate,-1,0.7777777777777778,2.503472566269573,0.0121834749208663,0.9975389596364164,0.7377710318607922,2.503472566269573,0.5528921046787337,5.663802936884284,0.9958003002638947,0.0041996997361053445,1.6852721673570732e-06,9.673754915777587e-06
755,G,severe,-1,0.9555555555555556,1.106374915170907,0.0011594357325146,0.988991899950247,0.7729802636835774,1.106374915170907,0.6202740791570659,5.611395460637351,0.9865861059911897,0.013413894008810323,5.433002018154935e-06,1.542661007957273e-05
756,G,ample,-1,1.0,0.3463678229204798,0.0,0.9995254005743484,0.9765155843258443,0.3463678229204798,0.6394787319251779,5.681617690503738,0.9989324602632922,0.001067539736707812,4.270447138595274e-07,8.158635168210226e-07
757,G,moderate,-1,1.0,0.4360289655552122,0.0,0.9986153278804732,0.901210729562046,0.4360289655552122,0.6353972646511166,5.677424968296371,0.9981953029010843,0.0018046970989157307,7.224601617254209e-07,1.4285250898707105e-06
758,G,severe,-1,0.9111111111111112,0.7105835608701053,0.0075521864688691,0.9947583497509318,0.7962001824388868,0.7105835608701053,0.6177900186236255,5.654302568573268,0.9941299614964354,0.005870038503564601,2.3595061584682133e-06,8.321045999560113e-06
759,G,ample,-1,1.0,0.3431027310383309,0.0,0.9994959991157056,0.943280724934039,0.3431027310383309,0.655101908537538,5.682411881116658,0.9990720935202444,0.0009279064797556025,3.711358151555951e-07,1.2690382941332089e-06
760,G,moderate,-1,1.0,0.3540483485743227,0.0,0.994009426494572,0.9647159620479692,0.35404834857432277,0.654806946666375,5.636664551672101,0.9910288750494015,0.008971124950598486,3.6172836023582243e-06,3.2011360923904278e-06
761,G,severe,-1,0.9555555555555556,0.9252684245452468,0.2103161427059219,0.7828513432752604,0.7629593385236327,0.9252684245452468,0.6032577158454995,4.45139530633646,0.7826368311256274,0.21736316887437257,0.0001109509635584122,6.54442516413603e-05
762,G,ample,-1,1.0,0.3573135194777384,0.0,0.9985528608073349,0.9597205472904319,0.3573135194777384,0.6559033992306222,5.67561113737721,0.9978763982015288,0.002123601798471153,8.503961796445923e-07,1.0596307239734367e-06
763,G,moderate,-1,1.0,0.417556151251808,0.0,0.999310763000988,0.9526214688908979,0.41755615125180806,0.6634382315202199,5.6802584400492915,0.9986934791359904,0.0013065208640096193,5.227685565370052e-07,1.0206921091948225e-06
764,G,severe,-1,0.9111111111111112,0.7506392083556546,0.0589580266830524,0.9960409594254372,0.8310208794233418,0.7506392083556546,0.6098306952872288,5.663015097071623,0.9956617835939557,0.00433821640604426,1.7410986313918918e-06,2.6787807578095975e-06
765,G,ample,-1,1.0,0.3388516205276767,0.0,0.999278987953318,0.9444372800669136,0.3388516205276767,0.6369278946832294,5.681218473761921,0.9988622706476219,0.001137729352378103,4.551544042269794e-07,2.4125865220483304e-06
766,G,moderate,-1,1.0,0.6190942793878206,0.0,0.9949313794244538,0.9291350212933865,0.6190942793878206,0.6316630322885812,5.6559084265068424,0.9944123007356805,0.005587699264319457,2.2453807146113107e-06,3.420870998785039e-06
767,G,severe,-1,0.7777777777777778,1.355304937376229,0.6038550876083896,0.4969053070216448,0.6622371840922392,1.355304937376229,0.5250046829526263,2.8241677525162046,0.49654042121358194,0.503459578786418,0.00040475869061799017,0.0001705527795987625
768,G,ample,-1,1.0,0.3217821388149408,0.0,0.9992736784662936,0.9570918114613347,0.3217821388149408,0.6694910704037065,5.681423128405971,0.998898252682708,0.0011017473172919567,4.407437473517526e-07,9.806764175329274e-07
769,G,moderate,-1,1.0,0.5575048419273027,0.0,0.9990849706950088,0.9256198272259398,0.5575048419273027,0.6584090058374384,5.678761716349686,0.9984303276940903,0.001569672305909653,6.282267714642798e-07,4.319788222003335e-06
770,G,severe,-1,0.9777777777777776,0.5723141149790426,0.1893682692084781,0.7799386127505878,0.8914925442076513,0.5723141149790426,0.6473097710219182,4.4341367546326,0.7796024616109496,0.2203975383890504,0.00011293713961491283,6.264260686164853e-05
771,G,ample,-1,1.0,0.297161499428668,0.0,0.9990237188248594,0.9591910209675493,0.297161499428668,0.6448334401522614,5.6800098086408415,0.9986497651801999,0.0013502348198001224,5.402831243902703e-07,9.465881505538291e-07
772,G,moderate,-1,1.0,0.5733696463384957,0.0,0.9950916908551064,0.8843346343498598,0.5733696463384957,0.6131581004837169,5.648396691949484,0.9930916002079474,0.0069083997920526,2.7797838393387763e-06,5.726982684324228e-06
773,G,severe,-1,0.9111111111111112,0.8205073291670809,0.2038694523002131,0.9921191038589656,0.784255866990645,0.8205073291670809,0.6069090592436363,5.629754774844423,0.9898140097166146,0.010185990283385404,4.11217024479472e-06,1.5756863343053707e-05
774,G,ample,-1,1.0,0.2855576551915199,0.0,0.9995900713883008,0.9730052299175109,0.2855576551915199,0.6643974815072876,5.682908709688414,0.9991594450835751,0.0008405549164248738,3.361683478291342e-07,7.591025103617262e-07
775,G,moderate,-1,0.9555555555555556,0.8246097299006495,0.3804538395,0.5619976242331937,0.8458643042966276,0.8246097299006495,0.5908260952461034,3.193089357329609,0.5614035968821057,0.4385964031178943,0.0003119442073123517,9.861122820818761e-05
776,G,severe,-1,0.9333333333333332,0.4727420460354509,0.3828763744132315,0.5616016541492319,0.870585404633685,0.47274204603545095,0.6443752315455784,3.187776151548825,0.5604694379837774,0.43953056201622265,0.0003131287222774103,0.00010122095899805947
777,G,ample,-1,0.7777777777777778,2.2853681859941144,0.0121834749208663,0.998919657946285,0.7489280685631265,2.2853681859941144,0.5706636952236054,5.68012365603434,0.9986697816373212,0.00133021836267877,5.322630790592477e-07,9.154541866737743e-06
778,G,moderate,-1,1.0,0.6552893495434057,0.0,0.9871097995186544,0.8616710297584498,0.6552893495434057,0.6266729343168257,5.608219548949311,0.9860277225432122,0.013972277456787752,5.662364436149818e-06,4.715548924517126e-06
779,G,severe,-1,0.9111111111111112,0.9768831346636744,0.2192218271508798,0.9927702799098836,0.7764187048920235,0.9768831346636745,0.6149087132320208,5.644573830068172,0.9924194710657968,0.007580528934203246,3.0522971366888184e-06,5.946847536632607e-06
780,G,ample,-1,1.0,0.3330184276654551,0.0,0.99949442647567,0.9626845934904554,0.3330184276654551,0.6492057543352807,5.682453917957402,0.9990794843668367,0.0009205156331633102,3.6817696885435117e-07,7.164071578380867e-07
781,G,moderate,-1,1.0,0.6124704009854429,0.0,0.9994116250357432,0.9050549127439231,0.6124704009854429,0.6208992402368886,5.681087301111339,0.9988392080929583,0.0011607919070416584,4.6439140784694355e-07,6.314495970251628e-06
782,G,severe,-1,0.8444444444444444,1.0320709693544,0.0951658363084244,4.902680022024766e-13,0.7648852338364828,1.0320709693544,0.5874217557788834,2.788492148458813e-12,4.902679965497413e-13,0.9999999999995097,0.3999781661245212,0.1183014624187461
783,G,ample,-1,1.0,0.3356726053008567,0.0,0.9996296109461468,0.9779456027518307,0.3356726053008567,0.6503264221727563,5.682857304146699,0.9991504070477456,0.0008495929522543966,3.3978605613621554e-07,7.995908215574046e-07
784,G,moderate,-1,0.7777777777777778,1.6015251913742774,0.0121834749208663,0.998471776716707,0.7397576606753361,1.6015251913742774,0.5617928092726436,5.6766553682895635,0.9980599931231131,0.0019400068768868906,7.767328425686321e-07,9.045951634092446e-06
785,G,severe,-1,0.8666666666666667,0.598966030901326,0.009536431782109,0.9989336414890736,0.8349190110269521,0.598966030901326,0.6239029984661183,5.6791223195020635,0.9984937283334514,0.0015062716665485976,6.028138212714474e-07,1.6727449633691031e-06
786,G,ample,-1,1.0,0.2758523260668815,0.0,0.999620249590806,0.9731398517742117,0.2758523260668815,0.6782486105676858,5.682438542172081,0.9990767810221387,0.0009232189778612954,3.692592188874398e-07,7.795846052008486e-07
787,G,moderate,-1,0.5111111111111111,2.640035218033168,0.5679402177760483,4.858825448485572e-13,0.44400641985330785,2.6400352180331677,0.24194358672095612,2.7635489458834622e-12,4.858825246519953e-13,0.9999999999995142,0.39997816612627696,0.23679457531455975
788,G,severe,-1,0.4888888888888889,1.3880385307163814,0.5680670483479063,4.858825441275998e-13,0.4723638481939173,1.3880385307163814,0.2377524436999586,2.763549056641402e-12,4.858825441252698e-13,0.9999999999995142,0.39997816612627696,0.23679324080290118
789,G,ample,-1,1.0,0.4196020650258906,0.0,0.9992040402893028,0.9463244870507602,0.4196020650258906,0.6253535929655283,5.680686104882026,0.9987686704471281,0.0012313295528718626,4.92645757779521e-07,9.844144316661732e-07
790,G,moderate,-1,1.0,0.5010291604147646,0.0,0.9743360399615416,0.8788620214792935,0.5010291604147646,0.6251378977817973,5.539119157796723,0.9738786080657313,0.026121391934268656,1.0717802300928566e-05,4.831479154540481e-06
791,G,severe,-1,0.4666666666666667,4.8910884885145,0.5680596041375082,4.858825563573377e-13,0.4134236133670054,4.8910884885145,0.2338274199394973,2.7635491865989852e-12,4.858825669741934e-13,0.9999999999995142,0.39997816612627696,0.23679760440794603
792,G,ample,-1,1.0,0.2597356778446743,0.0,0.9994473510063204,0.9673454673876554,0.2597356778446743,0.6664599952591163,5.682820324826425,0.9991439054058907,0.0008560945941092912,3.4238854739080153e-07,7.496761175071909e-07
793,G,moderate,-1,1.0,0.7937994618962305,0.0,0.995889275308336,0.9041375356585917,0.7937994618962305,0.6085895724476852,5.658707638720817,0.9949044535161076,0.0050955464838924325,2.046600429029852e-06,1.8582428262568193e-06
794,G,severe,-1,0.4444444444444444,1.9660830277977372,0.5680862372736987,4.858825186622376e-13,0.391513625271065,1.9660830277977375,0.22829363391045163,2.763549005914756e-12,4.858825352065962e-13,0.9999999999995142,0.39997816612627696,0.23679341408164745
795,G,ample,-1,1.0,0.2859740687169011,0.0,0.9995690802528364,0.9737340857690653,0.2859740687169011,0.6540039209766184,5.683062194374045,0.9991864305026903,0.0008135694973097074,3.253671228067128e-07,9.739059047911139e-07
796,G,moderate,-1,1.0,0.5612697150360685,0.0,0.999058686530896,0.9201833220867984,0.5612697150360685,0.6310125540399092,5.679732024963951,0.998600925721635,0.0013990742783650534,5.598531037585873e-07,9.700853793432074e-07
797,G,severe,-1,0.8,1.1902954538116974,0.0751610619718272,0.9654435076543496,0.6212425567687391,1.1902954538116974,0.5730097831993706,5.466274345491871,0.9610711557630665,0.038928844236933546,1.618543152237615e-05,1.7542430739306066e-05
798,G,ample,-1,1.0,0.2614161523933363,0.0,0.999656819606506,0.9758171382752868,0.2614161523933363,0.6658775806757774,5.683407615801987,0.9992471619168117,0.0007528380831882675,3.0106080607535855e-07,7.240954736578524e-07
799,G,moderate,-1,1.0,0.3452192839989271,0.0,0.9990210245651266,0.9472493884955332,0.34521928399892715,0.6809597424090882,5.680717589272256,0.9987742059796305,0.0012257940203694861,4.904283171581052e-07,1.0372460261343183e-06
800,G,severe,-1,0.8444444444444444,0.9520632847535716,0.0673518192297761,4.90268021808406e-13,0.7191402596275345,0.9520632847535715,0.5865271140694778,2.7884922625137612e-12,4.902680166026903e-13,0.9999999999995097,0.3999781661245212,0.11831364928867706
801,G,ample,-1,1.0,0.3151542528579327,0.0,0.999575407511654,0.9774031525375575,0.3151542528579327,0.6639579689350738,5.681862821174068,0.9989755587251983,0.001024441274801724,4.097865032561486e-07,7.418178901462806e-07
802,G,moderate,-1,1.0,0.6278095829761114,0.0,0.9985967668510716,0.9105723643507915,0.6278095829761114,0.6084613811048823,5.677305966565276,0.9981743802170014,0.0018256197829985554,7.308512785783593e-07,1.1927014372996947e-06
803,G,severe,-1,0.7555555555555555,1.6445463327714542,0.2382928703755597,0.9834322002501634,0.48459273502187555,1.6445463327714542,0.5309245798620552,5.588872617658343,0.9826261776442422,0.017373822355757795,7.065213100852018e-06,1.5160213146478261e-05
804,G,ample,-1,1.0,0.3518920807731308,0.0,0.999554123476402,0.96173419684045,0.35189208077313083,0.6651597971761721,5.683081260779371,0.9991897827259862,0.0008102172740137581,3.2402539749463495e-07,1.2220613381283639e-06
805,G,moderate,-1,1.0,0.3324495768698369,0.0,0.9994719073530012,0.9730622800901815,0.3324495768698369,0.6444905274517213,5.682006451738113,0.9990008116092405,0.00099918839075952,3.99675010106793e-07,1.045738299566564e-06
806,G,severe,-1,0.7111111111111111,1.5235977570613408,0.0327142637371577,0.9981481301810456,0.6112609623610542,1.5235977570613408,0.5633613464397716,5.673969504805066,0.9975877691255385,0.0024122308744615184,9.662568748307007e-07,1.1341281968037813e-05
807,G,ample,-1,1.0,0.3304912193256591,0.0,0.9994666154273576,0.9533224009703501,0.33049121932565917,0.6529406007495978,5.681906560447121,0.9989832488905739,0.0010167511094261172,4.067072343668414e-07,9.277830109302665e-07
808,G,moderate,-1,0.5111111111111111,2.952526216963775,0.5679402177760483,4.858825361764696e-13,0.4487146428709035,2.952526216963775,0.27108412657028463,2.7635490698622016e-12,4.858825464497285e-13,0.9999999999995142,0.39997816612627696,0.23679481855944273
809,G,severe,-1,0.7777777777777778,1.2935162492973586,0.6006957548862054,0.3594214881886726,0.6043219942526967,1.2935162492973586,0.5710962142598777,2.040988931255586,0.35884323893826214,0.6411567610617379,0.0007127066393598472,0.00027331846281898153
810,G,ample,-1,1.0,0.2717233569897679,0.0,0.999583628851822,0.977802318499606,0.27172335698976796,0.6695045513018376,5.682699024241893,0.9991225785412655,0.0008774214587344842,3.5092554839592795e-07,7.944869440607614e-07
811,G,moderate,-1,1.0,0.4017851030583406,0.0,0.9985664531012052,0.9221794726110226,0.40178510305834064,0.6524411819430104,5.677819247153004,0.9982646243460919,0.0017353756539081333,6.946610604752924e-07,1.5050638626168293e-06
812,G,severe,-1,0.6888888888888889,1.359522180936456,0.0757870664685431,4.859307736186682e-13,0.5781800729753194,1.359522180936456,0.5678704467756422,2.763823377143374e-12,4.859307746942491e-13,0.999999999999514,0.39997816612625764,0.11834040806226902
813,G,ample,-1,1.0,0.3308090773451746,0.0,0.9996032674955886,0.9748583124073604,0.3308090773451746,0.6554393911308587,5.6821527600882575,0.999026535297128,0.0009734647028719623,3.893755276985614e-07,8.530645335543143e-07
814,G,moderate,-1,1.0,0.4301356519577294,0.0,0.9975771509446648,0.9538794800903623,0.43013565195772946,0.6230325519971938,5.666981243481988,0.9963591047808585,0.00364089521914146,1.4602142808608647e-06,1.3663001337170861e-06
815,G,severe,-1,0.7111111111111111,1.3202580737110388,0.0369073971846065,0.9945030106806244,0.632530600707778,1.3202580737110388,0.5754273119397728,5.652219870339402,0.9937637849981082,0.006236215001891754,2.5076162818670695e-06,1.9884784879698755e-05
816,G,ample,-1,1.0,0.3083461184921621,0.0,0.999647699829654,0.9766111193493182,0.30834611849216215,0.6641886080450803,5.684246605700832,0.9993946717088187,0.0006053282911813174,2.420357785861874e-07,7.23744621496057e-07
817,G,moderate,-1,1.0,0.4238670027195001,0.0,0.9990433909807052,0.9473480170806376,0.4238670027195001,0.6403077333951163,5.677732903173821,0.9982494434929875,0.0017505565070125018,7.007485159114993e-07,2.7366565219723457e-06
818,G,severe,-1,0.9333333333333332,0.6968228036844745,0.0348269463273216,0.9934223277073952,0.8429641771702839,0.6968228036844745,0.6354961460945482,5.648622622333249,0.9931313229077834,0.006868677092216613,2.763689889569552e-06,2.4006175115566654e-06
819,G,ample,-1,1.0,0.4544498137845941,0.0,0.9991279042878456,0.9469392757378828,0.45444981378459415,0.640429985723921,5.680922439796501,0.9988102224540428,0.0011897775459571713,4.7600132676298903e-07,9.177547845841047e-07
820,G,moderate,-1,1.0,0.6239688461409033,0.0,0.9991707186603804,0.8978581638885416,0.6239688461409033,0.6300821217314483,5.679789868236242,0.9986110956284198,0.0013889043715802352,5.557778627341822e-07,3.234429799622793e-06
821,G,severe,-1,0.8222222222222222,0.6719775527754139,0.2347935388556428,0.7596426438032394,0.7581441217031345,0.6719775527754139,0.6394578851929685,4.31772975303926,0.7591359785021227,0.24086402149787733,0.00012674785091766903,8.034882822340187e-05
822,G,ample,-1,1.0,0.3197735754978103,0.0,0.99951530130096,0.973906407739358,0.3197735754978103,0.6410893626897942,5.682033527420653,0.9990055720101766,0.0009944279898234099,3.9776895784363224e-07,9.518494623132177e-07
823,G,moderate,-1,1.0,0.5573080629811321,0.0,0.9994548627632936,0.860975478128954,0.5573080629811321,0.6244810375545561,5.681995856144802,0.9989989487098567,0.0010010512901432733,4.004209151580336e-07,6.785530251295202e-06
824,G,severe,-1,0.8666666666666667,1.0887012294760483,0.0030349864114177,0.9989400189562028,0.826316653399384,1.0887012294760485,0.615871236504306,5.679682360641255,0.9985921938240029,0.0014078061759971172,5.633521781445376e-07,1.3431386368837589e-06
825,G,ample,-1,1.0,0.2966752649782562,0.0,0.9993909620214744,0.9737468765339683,0.2966752649782562,0.6547363774049536,5.681203708136941,0.9988596745802883,0.001140325419711652,4.56194158619077e-07,7.784852776809679e-07
826,G,moderate,-1,1.0,0.6696744136146124,0.0,0.9987586136363767,0.8752268233835999,0.6696744136146124,0.6254396602555177,5.675995405139466,0.9979439595127716,0.0020560404872284055,8.232855728479905e-07,3.408282930327774e-06
827,G,severe,-1,0.8888888888888888,0.6470420035811575,0.1685165829963634,0.99597600555833,0.8459183521163492,0.6470420035811575,0.6283857880702964,5.662837900011943,0.9956306291051428,0.004369370894857227,1.7536569830138132e-06,8.856626423329778e-06
828,G,ample,-1,1.0,0.3435993137994422,0.0,0.9996951730163268,0.9553138556509208,0.3435993137994422,0.633365472278605,5.683453109971244,0.9992551606250845,0.0007448393749155402,2.9785973163158157e-07,6.909200644881033e-07
829,G,moderate,-1,1.0,0.3887441042007393,0.0,0.9990518779096884,0.9332859333466601,0.38874410420073935,0.6472274243002577,5.679251666500851,0.998516469905089,0.0014835300949109786,5.93699076927068e-07,1.4382239857944192e-06
830,G,severe,-1,0.8666666666666667,1.060059196900242,0.4365496337476357,0.5595785476432233,0.6724597837356154,1.060059196900242,0.5514258294071586,3.1804595107447478,0.559183038511406,0.44081696148859395,0.0003147663447322334,0.00010728027448294386
831,G,ample,-1,1.0,0.3167304773504864,0.0,0.999693878902882,0.976652328423601,0.3167304773504864,0.6665255388247071,5.682996059372043,0.9991748027579426,0.0008251972420574294,3.300211901938196e-07,8.568422936052541e-07
832,G,moderate,-1,1.0,0.4690985448479028,0.0,0.9995537141434688,0.9451959515199849,0.4690985448479028,0.6402004804880982,5.682539565914411,0.9990945428464936,0.0009054571535064282,3.6214860307413943e-07,9.272638023146925e-07
833,G,severe,-1,0.7777777777777778,1.3537779105236385,0.0408814408979617,0.9942655473279264,0.638388271469742,1.3537779105236383,0.5812205000446805,5.650981288135364,0.9935460195595105,0.006453980440489504,2.595749199865673e-06,1.526739322650362e-05
834,G,ample,-1,1.0,0.2867397617866245,0.0,0.9995200036927188,0.9798035016749265,0.2867397617866245,0.65630742450323,5.682610180123367,0.9991069581178696,0.0008930418821303521,3.5717853021147923e-07,6.901279723349929e-07
835,G,moderate,-1,0.7777777777777778,2.1826700722891044,0.0121834749208663,0.9987526421059796,0.7558837781316822,2.1826700722891044,0.5704094928227323,5.678015809531203,0.9982991836126152,0.0017008163873848403,6.808036361355657e-07,9.02397210809588e-06
836,G,severe,-1,0.9555555555555556,0.7251669034731532,0.0322775821497787,0.9836130169484756,0.7151373479684526,0.7251669034731532,0.592436255204113,5.5916409876257145,0.9831129077927784,0.01688709220722162,6.863883660827843e-06,7.025938952163573e-06
837,G,ample,-1,1.0,0.3492290353117252,0.0,0.9996791303919907,0.9645811747364664,0.3492290353117252,0.656653729060506,5.682768687455081,0.999134826610166,0.0008651733898340508,3.4602268397972295e-07,8.816672139212004e-07
838,G,moderate,-1,1.0,0.4973571133162081,0.0,0.9997020117459404,0.9199731383717122,0.49735711331620813,0.6325262875375323,5.683034865561213,0.9991816255968121,0.0008183744031878826,3.2729029911338874e-07,9.255810723704122e-07
839,G,severe,-1,0.6222222222222222,2.1269216565954494,0.4134154870161327,0.477304091755035,0.58228979776157,2.1269216565954494,0.5368873843270545,2.7106931121078897,0.47658950091318414,0.5234104990868158,0.00043837683890590815,0.00019801720817448556
840,G,ample,-1,1.0,0.3071099872585403,0.0,0.9994817451954292,0.9747414382037662,0.3071099872585403,0.6543590709472278,5.6821259314235695,0.9990218183264548,0.000978181673545242,3.912641113319903e-07,8.698687639724274e-07
841,G,moderate,-1,1.0,0.2939412451950138,0.0,0.999541609336634,0.9650085530700809,0.29394124519501386,0.6483309209819619,5.682497853180491,0.9990872089838178,0.0009127910161822461,3.650845478915302e-07,1.0782889724625079e-06
842,G,severe,-1,0.9111111111111112,1.0404589782273204,0.4140905087293723,0.557354531069072,0.7891189733571309,1.0404589782273204,0.5906361752429885,3.167089058333703,0.5568322680707758,0.4431677319292242,0.0003177784534374942,0.00010399181736810037
843,G,ample,-1,1.0,0.3656731505718912,0.0,0.9980740549136148,0.9696593522719068,0.3656731505718912,0.658236989744131,5.665838627168284,0.99615821190359,0.0038417880964100037,1.5410946187830867e-06,1.6102788478100401e-06
844,G,moderate,-1,1.0,0.606580333745081,0.0,0.9995377317464716,0.8974507597268025,0.606580333745081,0.6212812896153519,5.681340764706706,0.9988837716357201,0.0011162283642799364,4.4654322232471417e-07,8.094021067572077e-06
845,G,severe,-1,0.8888888888888888,0.9664467917691966,0.1946797710354771,0.7780852029452691,0.7782810890876793,0.9664467917691966,0.6028148795434957,4.422370985115095,0.7775338238160033,0.22246617618399667,0.00011430006187542563,6.12794447041496e-05
846,G,ample,-1,1.0,0.2699924167058553,0.0,0.999497566749756,0.9740204827894143,0.26999241670585533,0.6482427141989479,5.682710086137784,0.999124523425184,0.0008754765748160143,3.501470093079428e-07,7.410440472116832e-07
847,G,moderate,-1,1.0,0.521677820356938,0.0,0.9950107783030556,0.890994150672459,0.521677820356938,0.6496265233498042,5.655749066797034,0.9943842823797021,0.005615717620297889,2.256703229793656e-06,3.054240276131279e-06
848,G,severe,-1,0.8444444444444444,0.6771877003795181,0.0274978566782367,0.9525970823705192,0.7751884327445343,0.6771877003795181,0.6499836368752617,5.4045165844304925,0.9502130101506809,0.04978698984931906,2.0936209434019783e-05,1.9509204333897647e-05
849,G,ample,-1,1.0,0.2788397420851975,0.0,0.9988177354706762,0.947788715395229,0.2788397420851975,0.6571703909018554,5.67832141153632,0.998352914042831,0.0016470859571690033,6.59260945380243e-07,1.153925991050556e-06
850,G,moderate,-1,1.0,0.4883569870446855,0.0,0.9986623878584012,0.9249264594385983,0.4883569870446855,0.6521111753883713,5.675674098699581,0.9978874679552651,0.0021125320447349383,8.459539225629963e-07,4.756398780946643e-06
851,G,severe,-1,0.4888888888888889,1.5684540304975465,0.5973505581679015,4.858825537965188e-13,0.4408000106677051,1.5684540304975463,0.22791445352017065,2.7635489694520056e-12,4.858825287957768e-13,0.9999999999995142,0.39997816612627696,0.23679329240301125
852,G,ample,-1,1.0,0.3048979928542566,0.0,0.999687741189478,0.9736284986749305,0.3048979928542566,0.6753918624564594,5.683355033197826,0.9992379169318439,0.0007620830681560609,3.0476070289500084e-07,6.79615186430256e-07
853,G,moderate,-1,1.0,0.4520591872522223,0.0,0.9986615990513864,0.9440224972814062,0.4520591872522223,0.6505737886970898,5.674743937693307,0.9977239286125896,0.002276071387410372,9.11591761366628e-07,1.3145340109320803e-06
854,G,severe,-1,0.9111111111111112,0.7897894654692093,0.5464502093770702,0.5616904512877636,0.7851286093410332,0.7897894654692093,0.6261835574559865,3.1925952411610963,0.5613167222089482,0.43868327779105176,0.00031205419855371045,0.0001004677070365166
855,G,ample,-1,1.0,0.2886897455684687,0.0,0.9996085637089992,0.9756506424272507,0.2886897455684687,0.6518881745659827,5.683026692193688,0.9991801885690896,0.0008198114309103666,3.2786547685578834e-07,9.289128226444924e-07
856,G,moderate,-1,1.0,0.3822751117174273,0.0,0.9963840750597814,0.9270543949306309,0.3822751117174273,0.6373972230609238,5.664145546985059,0.9958605373952049,0.004139462604795141,1.6609995973712859e-06,2.640096730157425e-06
857,G,severe,-1,0.9111111111111112,0.89665835192274,0.0375599620506624,0.993847492258796,0.7602378067644755,0.89665835192274,0.6102873846026639,5.648405778914311,0.99309319786281,0.006906802137189971,2.779136512663329e-06,4.290160642564403e-06
858,G,ample,-1,1.0,0.3955995283870607,0.0,0.9984061479214286,0.960223747179432,0.3955995283870607,0.6439193104905157,5.674098216097443,0.9976103989283449,0.0023896010716550897,9.571704615118815e-07,1.2279228541028076e-06
859,G,moderate,-1,1.0,0.8990383319781378,0.0,0.9975965814238176,0.841018080013423,0.8990383319781378,0.608946753557103,5.668998592892453,0.9967137917590363,0.003286208240963706,1.3174952930635682e-06,7.563922160197932e-06
860,G,severe,-1,0.7555555555555555,1.1277540499821666,0.1029794861329901,4.90268033485594e-13,0.6956740510481686,1.1277540499821666,0.5887747264753785,2.7884923142930498e-12,4.902680257064376e-13,0.9999999999995097,0.3999781661245212,0.11831264858810392
861,G,ample,-1,1.0,0.4114710487648306,0.0,0.9995059983986716,0.960884449957843,0.4114710487648306,0.6604570120078651,5.682784454011536,0.999137598659587,0.0008624013404130437,3.449130577629895e-07,6.585924369678672e-07
862,G,moderate,-1,0.9333333333333332,1.104366014055843,0.0028889669137674,0.9733731134875496,0.8066548231993443,1.104366014055843,0.6253683314529914,5.4802540087815395,0.9635290366350832,0.03647096336491684,1.5124878532673584e-05,1.0936143697751965e-05
863,G,severe,-1,0.7555555555555555,0.8681559052398706,0.4904632272127436,0.558266482000235,0.7098818711533714,0.8681559052398706,0.5996183748727277,3.173374644067618,0.557937389175962,0.44206261082403797,0.00031635927473226894,0.00010675209986800705
864,G,ample,-1,1.0,0.2617440974795788,0.0,0.9996417848777244,0.9776494168833915,0.2617440974795788,0.666372615368138,5.683994983330959,0.9993504318872245,0.0006495681127755004,2.597362110813246e-07,7.897567158610006e-07
865,G,moderate,-1,1.0,0.3559604731956561,0.0,0.9995408446500372,0.9611806891631335,0.35596047319565616,0.6555534833286853,5.682998200002312,0.9991751791199538,0.0008248208800462065,3.298705475795495e-07,1.0545833815533401e-06
866,G,severe,-1,0.6888888888888889,2.241863549227184,0.0147253969507103,0.9987287164917884,0.5970177521670104,2.241863549227184,0.5202156522790765,5.677849170951024,0.9982698854978984,0.0017301145021015873,6.925514048603719e-07,1.731416051292348e-05
867,G,ample,-1,1.0,0.3704921751104635,0.0,0.9996125314717844,0.9204301794312074,0.3704921751104635,0.6292183282120372,5.684167853540465,0.9993808256365218,0.0006191743634782476,2.4757544879897955e-07,7.796461889892779e-07
868,G,moderate,-1,1.0,0.6282937285879134,0.0,0.993843875291394,0.8952658252202075,0.6282937285879134,0.6371184955943617,5.648311954382581,0.9930767017915465,0.006923298208453499,2.785820376154497e-06,2.2811482027971675e-06
869,G,severe,-1,0.8222222222222222,1.4553481471427947,0.0733395993628994,4.894265423472997e-13,0.6967324268253755,1.4553481471427947,0.5709156259098915,2.7837062034853537e-12,4.894265397591844e-13,0.9999999999995106,0.3999781661248581,0.11830829909643355
870,G,ample,-1,1.0,0.3095413097657404,0.0,0.999528949191876,0.9737037417555472,0.30954130976574046,0.6488567112979132,5.681826670215435,0.998969202724493,0.0010307972755070338,4.1233158638424715e-07,1.0438374850761093e-06
871,G,moderate,-1,1.0,0.532206768589356,0.0,0.9967609012001916,0.9283374511400454,0.532206768589356,0.6503835527141821,5.658171271853338,0.9948101503961652,0.00518984960383484,2.084674199104673e-06,3.45898363496315e-06
872,G,severe,-1,0.7777777777777778,1.0087700811329283,0.2447473409238723,0.9526493161426836,0.704460108043485,1.0087700811329283,0.6069356993949693,5.417045340888623,0.952415795025432,0.047584204974567945,1.9963672722202934e-05,3.199863510619414e-05
873,G,ample,-1,1.0,0.3015883696616474,0.0,0.9996777076397884,0.9759622799927696,0.3015883696616474,0.6475590524004938,5.683026806899788,0.999180208736523,0.0008197912634769766,3.278574047253395e-07,7.916177375133315e-07
874,G,moderate,-1,1.0,0.5122064544224828,0.0,0.9996847612451903,0.9438974961747237,0.5122064544224828,0.6543692907727257,5.683691515624007,0.99929707670572,0.0007029232942800112,2.810857983253278e-07,2.791608363662836e-06
875,G,severe,-1,0.9111111111111112,0.8389995489008012,0.0001460208051968,0.9883336927194404,0.781880960144091,0.8389995489008012,0.5859615315230289,5.615864497084626,0.9873718444580253,0.012628155541974717,5.110689834129819e-06,3.252426029318826e-06
876,G,ample,-1,1.0,0.2732267757221302,0.0,0.99961299400585,0.9729233011826844,0.2732267757221302,0.6711188549170002,5.682787296407274,0.9991380984048219,0.0008619015951780717,3.447130149368231e-07,7.68377154422841e-07
877,G,moderate,-1,1.0,0.5914075433140462,0.0,0.9963369577055152,0.9108291948710129,0.5914075433140462,0.6241379829422927,5.664038258232619,0.9958416740673164,0.004158325932683615,1.668600265479014e-06,3.5160524113789756e-06
878,G,severe,-1,0.8222222222222222,1.1559244669211757,0.204578065041558,0.9934417890936084,0.7312247275183811,1.1559244669211755,0.5830538260497578,5.647390963608579,0.9929147747436758,0.007085225256324157,2.8514416113881077e-06,1.6555500059757376e-05
879,G,ample,-1,1.0,0.3334749575346039,0.0,0.9995586767793336,0.9735345073952513,0.33347495753460393,0.6582798233541277,5.683504085037121,0.9992641229753766,0.0007358770246234103,2.9427306950712203e-07,6.819464173493537e-07
880,G,moderate,-1,1.0,0.4829301314801368,0.0,0.9797318493326188,0.8901382025386072,0.48293013148013686,0.6310172203286324,5.569290021457736,0.9791831985374798,0.020816801462520185,8.495065140588686e-06,4.046343736696558e-06
881,G,severe,-1,0.5111111111111111,5.233087239277948,0.5679402177760483,4.858825281528401e-13,0.39490888161175913,5.233087239277948,0.24833890302928122,2.763548972875304e-12,4.858825293976554e-13,0.9999999999995142,0.39997816612627696,0.23679759981433626
882,G,ample,-1,1.0,0.3245851050994764,0.0,0.9994646146399512,0.972745580871321,0.32458510509947647,0.6428406154561438,5.6824550301004,0.9990796799019469,0.0009203200980530957,3.680986890603166e-07,9.248779706413151e-07
883,G,moderate,-1,1.0,0.4658543444777354,0.0,0.999222401596065,0.9181920008649779,0.4658543444777354,0.6335260013852704,5.6798265330467155,0.9986175419736908,0.0013824580263092079,5.531947541001697e-07,3.04786381029916e-06
884,G,severe,-1,0.9333333333333332,0.7990860416298011,0.0025419212746914,0.9984198947073863,0.8125823869434381,0.7990860416298011,0.5937095453301342,5.676067102078584,0.9979565651479423,0.002043434852057713,8.182276634193009e-07,1.50226284271153e-06
885,G,ample,-1,1.0,0.2993566188833889,0.0,0.9997716192162014,0.965273968550505,0.29935661888338894,0.6719832211818755,5.684344758360614,0.999411928744272,0.0005880712557280177,2.351316319781019e-07,7.611664943663496e-07
886,G,moderate,-1,1.0,0.6020686354154163,0.0,0.9993895596050016,0.9137257906308199,0.6020686354154163,0.6095849223345664,5.680004234558737,0.9986487851544653,0.0013512148455346873,5.406758020682241e-07,9.324343753473227e-07
887,G,severe,-1,0.9333333333333332,0.8658683027468863,0.2234800729658579,0.988820621707418,0.7607796442665916,0.8658683027468863,0.5969597777344274,5.619990707554601,0.9880973078385032,0.011902692161496753,4.813557335672738e-06,7.576177227557772e-06
888,G,ample,-1,1.0,0.3308473415926443,0.0,0.999458008878512,0.9768108408408992,0.33084734159264434,0.6477460394058623,5.682343537919238,0.9990600775342947,0.0009399224657052896,3.7594637982876114e-07,8.734841315921725e-07
889,G,moderate,-1,1.0,0.3800812754896004,0.0,0.9948899568907642,0.9430237882826629,0.38008127548960047,0.6393364372258,5.653726669244905,0.9940287078457528,0.0059712921542471875,2.400450069261074e-06,2.5908312531305413e-06
890,G,severe,-1,0.7333333333333333,1.7035138503384215,0.0136134108701179,0.990418451388012,0.6938482770937165,1.7035138503384217,0.5597315974059155,5.6315677551100976,0.9901327648557057,0.009867235144294328,3.982204988365019e-06,2.826255498993195e-05
891,G,ample,-1,1.0,0.3329622369221,0.0,0.9996119001472588,0.9757886042621848,0.33296223692210003,0.6317390111212536,5.682806245903664,0.9991414300733855,0.0008585699266144831,3.4337938772968256e-07,1.1318320584459598e-06
892,G,moderate,-1,1.0,0.5114067149299573,0.0,0.9974536021747402,0.9299894617166807,0.5114067149299573,0.6515520634244659,5.668956511619178,0.9967063931003912,0.003293606899608781,1.3204713299157078e-06,1.8092516437822282e-06
893,G,severe,-1,0.6666666666666666,1.0076094578594568,0.5956119227045774,0.4842168811631689,0.6007534153009956,1.0076094578594568,0.6164243161721829,2.7524355202648043,0.4839285808634587,0.5160714191365413,0.00042568854995083104,0.00018564955585479657
894,G,ample,-1,1.0,0.3246058588019215,0.0,0.999485830335921,0.9670024389726948,0.32460585880192155,0.6678172568159663,5.682622286216756,0.9991090865908349,0.0008909134091651394,3.5632647377492146e-07,8.043600050843099e-07
895,G,moderate,-1,1.0,0.3000650251244382,0.0,0.9995742312532092,0.9571264254719491,0.3000650251244382,0.6611775007946363,5.683242006248665,0.9992180447238651,0.0007819552761348936,3.1271390776614245e-07,7.402637480442737e-07
896,G,severe,-1,0.6888888888888889,1.0527690625999642,0.222005277806729,0.9935272224175336,0.5913622628099929,1.0527690625999642,0.5709276948072148,5.6483129869724085,0.9930768833397522,0.006923116660247808,2.785746815406622e-06,9.499546753172947e-06
897,G,ample,-1,1.0,0.2823101248840449,0.0,0.9996884771061656,0.9774189549354249,0.28231012488404494,0.6672128983990965,5.68419064266049,0.9993848323812508,0.0006151676187492461,2.459723759376003e-07,8.139478672609066e-07
898,G,moderate,-1,1.0,0.5392013487650235,0.0,0.9938948808890826,0.9119926862139972,0.5392013487650235,0.6287121025329707,5.646758621063216,0.9928035973415735,0.007196402658426471,2.896508840336765e-06,3.771979187289433e-06
899,G,severe,-1,0.7333333333333333,1.438117650870064,0.0685092554839028,0.9935678048974786,0.6394637170095819,1.438117650870064,0.5143170337428102,5.639636442753552,0.9915513879376924,0.008448612062307626,3.4048057159902574e-06,4.144147407880783e-06
900,T,,-1,0.6444444444444445,1.5024405900898163,0.9750937678694536,4.858825581679595e-13,0.6444444444444445,1.5024405900898163,0.6444444444444445,2.7635490136677425e-12,4.858825365697133e-13,0.9999999999995142,0.39997816612627696,0.23680028579986528
901,T,,-1,0.7111111111111111,1.2709747608505264,0.9625289599855238,4.858825497497228e-13,0.7111111111111111,1.2709747608505264,0.7111111111111111,2.7635490321612997e-12,4.858825398212194e-13,0.9999999999995142,0.39997816612627696,0.23675885375264485
902,T,,-1,0.7111111111111111,0.6946495375272976,0.9632431620086908,4.858825393677111e-13,0.7111111111111111,0.6946495375272976,0.7111111111111111,2.763549140607606e-12,4.858825588880665e-13,0.9999999999995142,0.39997816612627696,0.23675874794951826
903,T,,-1,0.9111111111111112,0.3373768958292306,0.3830467125941693,0.5648223771841914,0.9111111111111111,0.3373768958292306,0.9111111111111111,3.212534318239104,0.5648223771836228,0.4351776228163772,0.0003076425382814487,0.00010280192145061142
904,T,,-1,0.8444444444444444,0.5533168319819805,0.7387149500222285,0.5061780220186523,0.8444444444444444,0.5533168319819805,0.8444444444444444,2.878983433658688,0.5061780220180483,0.4938219779819517,0.0003894663438824702,0.00015454584742143345
905,T,,-1,0.6888888888888889,1.5411673294591683,0.980351041800316,4.85882514160446e-13,0.6888888888888889,1.5411673294591683,0.6888888888888889,2.763549096462643e-12,4.858825511265733e-13,0.9999999999995142,0.39997816612627696,0.23680053710340943
906,T,,-1,0.7777777777777778,1.4234720182666094,0.875874585465795,4.858825473933419e-13,0.7777777777777778,1.4234720182666094,0.7777777777777778,2.763548974080967e-12,4.858825296096331e-13,0.9999999999995142,0.39997816612627696,0.23675792022173905
907,T,,-1,0.8,0.6439632019189334,0.8764058487295748,4.858825120307496e-13,0.8,0.6439632019189334,0.8,2.763549186603009e-12,4.858825669749008e-13,0.9999999999995142,0.39997816612627696,0.2367646564217613
908,T,,-1,0.6666666666666666,0.6941843095402884,0.972386864603172,4.858825387331079e-13,0.6666666666666666,0.6941843095402884,0.6666666666666666,2.763548944035766e-12,4.858825243271364e-13,0.9999999999995142,0.39997816612627696,0.23675913738810117
909,T,,-1,0.8222222222222222,1.548097624651395,0.84362869222527,4.894265554534439e-13,0.8222222222222222,1.548097624651395,0.8222222222222222,2.7837063540584364e-12,4.894265662326904e-13,0.9999999999995106,0.3999781661248581,0.11845808670415715
910,T,,-1,0.7333333333333333,1.3157784147399036,0.9319253929840492,4.85882549015948e-13,0.7333333333333333,1.3157784147399036,0.7333333333333333,2.76354906816918e-12,4.858825461520642e-13,0.9999999999995142,0.39997816612627696,0.23675768990085172
911,T,,-1,0.6888888888888889,2.732544220475956,0.9087220250243072,4.858825262250662e-13,0.6888888888888889,2.7325442204759556,0.6888888888888889,2.763549009027858e-12,4.858825357539366e-13,0.9999999999995142,0.39997816612627696,0.23676651586400604
912,T,,-1,0.9111111111111112,0.7679208739584652,0.3805307520934451,0.5652498205971158,0.9111111111111111,0.7679208739584652,0.9111111111111111,3.214965483656957,0.5652498205957732,0.4347501794042268,0.00030710836219699825,9.596923373968455e-05
913,T,,-1,0.7777777777777778,2.0733305580581223,0.8442682727013762,4.894265403672084e-13,0.7777777777777778,2.0733305580581223,0.7777777777777778,2.7837061032668236e-12,4.894265221389311e-13,0.9999999999995106,0.3999781661248581,0.11845858464672236
914,T,,-1,0.9111111111111112,0.6029452075434651,0.5698221114185533,0.508656477456026,0.9111111111111111,0.6029452075434651,0.9111111111111111,2.893080118693429,0.5086564774563378,0.4913435225436622,0.00038562717567737205,0.00015352471185629571
915,T,,-1,0.8666666666666667,1.2026148065799307,0.7761993663776171,0.5053548831801941,0.8666666666666667,1.2026148065799307,0.8666666666666667,2.874301675505554,0.5053548831788961,0.4946451168211039,0.0003907497132374132,0.00016696039177749116
916,T,,-1,0.8444444444444444,1.3048540575001442,0.8435520178941812,4.894265601317709e-13,0.8444444444444444,1.3048540575001442,0.8444444444444444,2.783706243144825e-12,4.894265467320459e-13,0.9999999999995106,0.3999781661248581,0.11845808173096861
917,T,,-1,0.7777777777777778,1.7671955794122567,0.8450390105240236,0.5008997640928431,0.7777777777777778,1.7671955794122567,0.7777777777777778,2.848962341342229,0.5008997640920362,0.4991002359079638,0.0003977688114902154,0.000160937030721991
918,T,,-1,0.9111111111111112,0.3959102196235245,0.5698362820443096,0.5086886130578566,0.9111111111111111,0.3959102196235245,0.9111111111111111,2.8932628960038347,0.5086886130554417,0.49131138694455834,0.0003855776423022639,0.00015259305734808922
919,T,,-1,0.7555555555555555,0.8873236923542014,0.9528540775557008,4.858825307992403e-13,0.7555555555555555,0.8873236923542014,0.7555555555555555,2.763549099354565e-12,4.858825516350262e-13,0.9999999999995142,0.39997816612627696,0.23675782763286746
920,T,,-1,0.7333333333333333,1.4133176008754815,0.9319828796968922,4.858825381707666e-13,0.7333333333333333,1.4133176008754817,0.7333333333333333,2.7635492313324976e-12,4.858825748391642e-13,0.9999999999995142,0.39997816612627696,0.23675768731148863
921,T,,-1,0.7333333333333333,2.3835561338700275,0.9319074879566924,4.858825463136163e-13,0.7333333333333333,2.3835561338700275,0.7333333333333333,2.7635491601818496e-12,4.858825623295771e-13,0.9999999999995142,0.39997816612627696,0.2367576866938981
922,T,,-1,0.6666666666666666,3.306831621450596,0.9747516759975188,4.858825452217346e-13,0.6666666666666666,3.306831621450596,0.6666666666666666,2.7635489556685594e-12,4.858825263723945e-13,0.9999999999995142,0.39997816612627696,0.2368006720386115
923,T,,-1,0.8444444444444444,1.0277022073569624,0.7738150137763553,0.5059746412347927,0.8444444444444444,1.0277022073569624,0.8444444444444444,2.877826666909797,0.5059746412350802,0.4940253587649198,0.00038978305058296023,0.0001572178169538517
924,T,,-1,0.6444444444444445,1.1806759216555014,0.9625304758875888,4.858825229302055e-13,0.6444444444444445,1.1806759216555014,0.6444444444444445,2.7635490979838044e-12,4.858825513940214e-13,0.9999999999995142,0.39997816612627696,0.23676068745062218
925,T,,-1,0.8888888888888888,0.68802341758415,0.7736831676145364,0.5059960536203488,0.8888888888888888,0.68802341758415,0.8888888888888888,2.8779484539029005,0.5059960536192418,0.4940039463807582,0.00038974969502497914,0.00015717591713937157
926,T,,-1,0.7333333333333333,1.471645214691888,0.9218844626160884,4.858825427335162e-13,0.7333333333333333,1.4716452146918881,0.7333333333333333,2.7635490353993435e-12,4.858825403905268e-13,0.9999999999995142,0.39997816612627696,0.23675844606714413
927,T,,-1,0.6888888888888889,2.2515845432789425,0.890795059047684,4.89426550492933e-13,0.6888888888888889,2.2515845432789425,0.6888888888888889,2.7837061512752628e-12,4.894265305796941e-13,0.9999999999995106,0.3999781661248581,0.11846101485386511
928,T,,-1,0.8222222222222222,0.9273695906911008,0.8102260043216861,0.5020462866741702,0.8222222222222222,0.9273695906911008,0.8222222222222222,2.8554834058233434,0.5020462866742478,0.4979537133257522,0.0003959505695456184,0.00016054689736481325
929,T,,-1,0.7333333333333333,2.606377924398936,0.9400549361012962,4.858825407872363e-13,0.7333333333333333,2.606377924398936,0.7333333333333333,2.763549041570925e-12,4.858825414756039e-13,0.9999999999995142,0.39997816612627696,0.23675852781215953
930,T,,-1,0.8,1.213964991304752,0.8489556621653904,4.894265531466118e-13,0.8,1.213964991304752,0.8,2.783706215889463e-12,4.89426541940054e-13,0.9999999999995106,0.3999781661248581,0.11846825525578206
931,T,,-1,0.6888888888888889,1.0468205313753318,0.9625383238229532,4.858825469212997e-13,0.6888888888888889,1.0468205313753318,0.6888888888888889,2.763548953534748e-12,4.858825259972314e-13,0.9999999999995142,0.39997816612627696,0.2367599311537686
932,T,,-1,0.8222222222222222,0.5397024085483609,0.8435560289879248,4.894265373462738e-13,0.8222222222222222,0.5397024085483609,0.8222222222222222,2.7837061703170368e-12,4.894265339275868e-13,0.9999999999995106,0.3999781661248581,0.11845843604387024
933,T,,-1,0.6444444444444445,1.0957162293397895,0.964970476868334,4.858825189138157e-13,0.6444444444444445,1.0957162293397895,0.6444444444444445,2.763549100615163e-12,4.858825518566624e-13,0.9999999999995142,0.39997816612627696,0.2367594882215753
934,T,,-1,0.7111111111111111,2.2114057703308845,0.9626048683651536,4.858825294265817e-13,0.7111111111111111,2.2114057703308845,0.7111111111111111,2.763549081672871e-12,4.858825485262605e-13,0.9999999999995142,0.39997816612627696,0.2367582444140827
935,T,,-1,0.7333333333333333,1.5937343789993923,0.8758321157154018,4.858825485808043e-13,0.7333333333333333,1.5937343789993923,0.7333333333333333,2.763549047100981e-12,4.85882542447889e-13,0.9999999999995142,0.39997816612627696,0.236758897566305
936,T,,-1,0.7777777777777778,0.6013027175334379,0.9319062040582572,4.858825482966648e-13,0.7777777777777778,0.6013027175334379,0.7777777777777778,2.7635492110571234e-12,4.858825712743821e-13,0.9999999999995142,0.39997816612627696,0.23675768658819085
937,T,,-1,0.8,1.055099171916401,0.7915085283421539,0.5055011446133809,0.8,1.0550991719164007,0.8,2.875133565134062,0.5055011446133221,0.4944988553866779,0.0003905213698741348,0.00015982309943981472
938,T,,-1,0.7555555555555555,1.485555859702494,0.8764066707987181,4.858825541274431e-13,0.7555555555555555,1.485555859702494,0.7555555555555555,2.7635488989661943e-12,4.858825164030802e-13,0.9999999999995142,0.39997816612627696,0.2367646566129562
939,T,,-1,0.8,0.8507276587459927,0.8758296014418279,4.858825386368848e-13,0.8,0.8507276587459927,0.8,2.76354905676283e-12,4.858825441466191e-13,0.9999999999995142,0.39997816612627696,0.23675645033673198
940,T,,-1,0.7555555555555555,0.937088754821917,0.905821204711389,4.858825396913602e-13,0.7555555555555555,0.937088754821917,0.7555555555555555,2.763549022579985e-12,4.858825381366488e-13,0.9999999999995142,0.39997816612627696,0.23676502324991888
941,T,,-1,0.6888888888888889,2.77581167877279,0.9065739330529716,4.858825224862014e-13,0.6888888888888889,2.77581167877279,0.6888888888888889,2.7635490979649824e-12,4.858825513907122e-13,0.9999999999995142,0.39997816612627696,0.23676384217795401
942,T,,-1,0.6888888888888889,1.8773150563808243,0.9319108878284144,4.858825348727436e-13,0.6888888888888889,1.8773150563808245,0.6888888888888889,2.7635490725792218e-12,4.858825469274304e-13,0.9999999999995142,0.39997816612627696,0.23675915545664766
943,T,,-1,0.7333333333333333,2.08881953642015,0.9269027842896224,4.858825581399345e-13,0.7333333333333333,2.08881953642015,0.7333333333333333,2.7635491747078104e-12,4.85882564883507e-13,0.9999999999995142,0.39997816612627696,0.23675745397961115
944,T,,-1,0.6888888888888889,1.3166789919542188,0.972014797096528,4.85882547091498e-13,0.6888888888888889,1.3166789919542188,0.6888888888888889,2.76354893602828e-12,4.858825229192737e-13,0.9999999999995142,0.39997816612627696,0.23676849251648488
945,T,,-1,0.8666666666666667,0.8381105927010779,0.7737258796449078,0.5059950380149415,0.8666666666666667,0.8381105927010779,0.8666666666666667,2.877942677458381,0.5059950380144881,0.4940049619855119,0.00038975127703939357,0.00015717764826082131
946,T,,-1,0.9111111111111112,0.658801303745894,0.5698221123977644,0.5086898712582029,0.9111111111111111,0.658801303745894,0.9111111111111111,2.8932700522749686,0.5086898712589886,0.49131012874101143,0.00038557570305150426,0.00015259182183624567
947,T,,-1,0.8,1.944207472738838,0.875843772072245,4.858825520176509e-13,0.8,1.944207472738838,0.8,2.7635490408461557e-12,4.858825413481762e-13,0.9999999999995142,0.39997816612627696,0.23675645143957258
948,T,,-1,0.7777777777777778,1.5859252911983572,0.8783458011887806,4.85882521514684e-13,0.7777777777777778,1.5859252911983572,0.7777777777777778,2.7635490021052915e-12,4.858825345368227e-13,0.9999999999995142,0.39997816612627696,0.23676623565578958
949,T,,-1,0.8888888888888888,0.9764001313532208,0.5907712653492045,0.5084107884416805,0.8888888888888888,0.9764001313532207,0.8888888888888888,2.8916827158560854,0.508410788441285,0.49158921155871504,0.0003860060839193784,0.00015272849947769256
950,T,,-1,0.8444444444444444,1.0019259007808032,0.8198931144393973,0.5016186216822629,0.8444444444444444,1.0019259007808032,0.8444444444444444,2.853050980133848,0.5016186216832582,0.4983813783167418,0.0003966278229172573,0.00015962962916549005
951,T,,-1,0.7111111111111111,2.079744676361064,0.8940411838350769,4.858825619358051e-13,0.7111111111111111,2.079744676361064,0.7111111111111111,2.7635488768435954e-12,4.85882512513522e-13,0.9999999999995142,0.39997816612627696,0.23677766433801964
952,T,,-1,0.8888888888888888,0.5517950815985627,0.6117738060290746,0.5044872523381124,0.8888888888888888,0.5517950815985627,0.8888888888888888,2.869366860664722,0.5044872523388036,0.49551274766119635,0.0003921069754843555,0.00015493035142485749
953,T,,-1,0.8666666666666667,0.3871397381488448,0.5795050738548082,0.5082134439756997,0.8666666666666667,0.38713973814884484,0.8666666666666667,2.8905602817932765,0.5082134439734023,0.4917865560265977,0.0003863106986886689,0.00015435954908165776
954,T,,-1,0.7111111111111111,0.9057762592952212,0.9706769253219516,4.858825422980674e-13,0.7111111111111111,0.9057762592952212,0.7111111111111111,2.763549154094001e-12,4.858825612592217e-13,0.9999999999995142,0.39997816612627696,0.23675908506970786
955,T,,-1,0.7555555555555555,1.273258671812984,0.931908934031078,4.858825351627774e-13,0.7555555555555555,1.273258671812984,0.7555555555555555,2.7635492603113228e-12,4.858825799341725e-13,0.9999999999995142,0.39997816612627696,0.2367576875186626
956,T,,-1,0.7111111111111111,2.6438611972330817,0.9052447182361684,4.85882531894015e-13,0.7111111111111111,2.6438611972330817,0.7111111111111111,2.7635490925083534e-12,4.858825504313368e-13,0.9999999999995142,0.39997816612627696,0.23675777577703752
957,T,,-1,0.8888888888888888,0.2508815408572612,0.6160320555333391,0.5043005115546318,0.8888888888888888,0.2508815408572612,0.8888888888888888,2.8683047370619916,0.5043005115545104,0.4956994884454896,0.00039239970952773,0.00015502955110749915
958,T,,-1,0.8666666666666667,0.2704975193717217,0.6016599996035239,0.5079570654223747,0.8666666666666667,0.27049751937172173,0.8666666666666667,2.8891020801986915,0.5079570654231748,0.49204293457682524,0.0003867067894181867,0.00015324659896799603
959,T,,-1,0.7111111111111111,2.637584239633675,0.9344224068389596,4.858825452816619e-13,0.7111111111111111,2.637584239633675,0.7111111111111111,2.7635488881117974e-12,4.858825144946784e-13,0.9999999999995142,0.39997816612627696,0.23676780343469186
960,T,,-1,0.8444444444444444,1.4776857503767062,0.8396293383528861,0.5013491530945905,0.8444444444444444,1.4776857503767062,0.8444444444444444,2.8515183264609263,0.5013491530939193,0.49865084690608075,0.00039705514752011803,0.00015957720367711732
961,T,,-1,0.6666666666666666,1.958154474112005,0.9631060976441932,4.858825080653624e-13,0.6666666666666666,1.958154474112005,0.6666666666666666,2.7635489891368274e-12,4.858825322567291e-13,0.9999999999995142,0.39997816612627696,0.23676729165096697
962,T,,-1,0.7555555555555555,2.318000681557265,0.8758412920167647,4.858825419924611e-13,0.7555555555555555,2.318000681557265,0.7555555555555555,2.763549040570502e-12,4.858825412997112e-13,0.9999999999995142,0.39997816612627696,0.2367581362924861
963,T,,-1,0.6444444444444445,1.5608466843115971,0.9529057014614272,4.858825372052375e-13,0.6444444444444445,1.5608466843115971,0.6444444444444445,2.7635491149283116e-12,4.858825543731762e-13,0.9999999999995142,0.39997816612627696,0.23675818572845841
964,T,,-1,0.6888888888888889,2.930969488682148,0.9733617454897912,4.858825424338633e-13,0.6888888888888889,2.930969488682148,0.6888888888888889,2.7635491855444956e-12,4.858825667887948e-13,0.9999999999995142,0.39997816612627696,0.23684547514920345
965,T,,-1,0.6444444444444445,2.52177680876273,0.8853557041217512,4.858825320520427e-13,0.6444444444444445,2.52177680876273,0.6444444444444445,2.763548942155104e-12,4.858825239964816e-13,0.9999999999995142,0.39997816612627696,0.23676543250028595
966,T,,-1,0.7777777777777778,2.04695750091308,0.9052399398834196,4.858825257966885e-13,0.7777777777777778,2.04695750091308,0.7777777777777778,2.763549123335092e-12,4.858825558512421e-13,0.9999999999995142,0.39997816612627696,0.23675681083906702
967,T,,-1,0.8666666666666667,0.9187401765691796,0.8102189979610329,0.502070781496164,0.8666666666666667,0.9187401765691795,0.8666666666666667,2.8556227247599373,0.5020707814952079,0.4979292185047921,0.00039591181423464475,0.00015921452864750955
968,T,,-1,0.7333333333333333,2.492703224119957,0.9178015038201732,4.858825511368474e-13,0.7333333333333333,2.492703224119957,0.7333333333333333,2.763549003693171e-12,4.85882534816001e-13,0.9999999999995142,0.39997816612627696,0.2367574400267763
969,T,,-1,0.7111111111111111,1.8707813245580087,0.9053803245430136,4.858825333373148e-13,0.7111111111111111,1.8707813245580092,0.7111111111111111,2.7635491115185193e-12,4.858825537736722e-13,0.9999999999995142,0.39997816612627696,0.23675685188662987
970,T,,-1,0.9111111111111112,0.7800120111907792,0.7358184778303958,0.5062351586703274,0.9111111111111111,0.7800120111907792,0.9111111111111111,2.879308409196126,0.5062351586701115,0.4937648413298885,0.0003893774157823954,0.00015385615221830674
971,T,,-1,0.6666666666666666,1.0811419542863592,0.952871313724416,4.858825405702888e-13,0.6666666666666666,1.0811419542863592,0.6666666666666666,2.7635490632783355e-12,4.858825452921643e-13,0.9999999999995142,0.39997816612627696,0.23675844135009963
972,T,,-1,0.6888888888888889,2.001293817845305,0.9695127716692784,4.858825372038317e-13,0.6888888888888889,2.0012938178453052,0.6888888888888889,2.763549013992866e-12,4.85882536626876e-13,0.9999999999995142,0.39997816612627696,0.236758526190952
973,T,,-1,0.7333333333333333,1.4380615129232823,0.9535690455303264,4.85882552305457e-13,0.7333333333333333,1.4380615129232823,0.7333333333333333,2.7635489536301004e-12,4.858825260139961e-13,0.9999999999995142,0.39997816612627696,0.23675833227324802
974,T,,-1,0.6888888888888889,2.028501338893097,0.980351041800316,4.85882514160446e-13,0.6888888888888889,2.0285013388930975,0.6888888888888889,2.763549096462643e-12,4.858825511265733e-13,0.9999999999995142,0.39997816612627696,0.23680053710340943
975,T,,-1,0.8444444444444444,0.3801218924473819,0.7682237769099941,0.5024690384747105,0.8444444444444444,0.3801218924473819,0.8444444444444444,2.8578878868135447,0.5024690384752379,0.49753096152476206,0.0003952822275532077,0.00015583563203674504
976,T,,-1,0.8666666666666667,1.311841565920478,0.7736844507578191,0.5059960533516225,0.8666666666666667,1.311841565920478,0.8666666666666667,2.877948452381947,0.5059960533518303,0.4940039466481697,0.0003897496954415269,0.0001571760226621728
977,T,,-1,0.6666666666666666,1.4188114718650555,0.9257374894077218,4.858825198733134e-13,0.6666666666666666,1.4188114718650557,0.6666666666666666,2.7635491293914657e-12,4.858825569160636e-13,0.9999999999995142,0.39997816612627696,0.2367657519334643
978,T,,-1,0.8222222222222222,1.1064498333705877,0.8102250473291828,0.5020538922150724,0.8222222222222222,1.1064498333705877,0.8222222222222222,2.85552666377126,0.502053892213848,0.497946107786152,0.00039593853577942894,0.00016030006377952836
979,T,,-1,0.8666666666666667,0.8136124907511921,0.6026809551338326,0.5044396865015582,0.8666666666666667,0.8136124907511921,0.8666666666666667,2.8690963209411855,0.5044396864999259,0.4955603135000741,0.0003921815189555292,0.00016034104996575927
980,T,,-1,0.8444444444444444,1.1103639387636166,0.7358232480682236,0.5062182185278642,0.8444444444444444,1.1103639387636166,0.8444444444444444,2.8792120589170134,0.5062182185261941,0.4937817814738059,0.000389403779515205,0.00015494192023806857
981,T,,-1,0.8888888888888888,0.525793679269617,0.5698335623519016,0.5086893233862568,0.8888888888888888,0.525793679269617,0.8888888888888888,2.893266936143301,0.5086893233859632,0.4913106766140368,0.00038557654747902365,0.0001525935016209082
982,T,,-1,0.8222222222222222,1.7634161758852775,0.8131077266124439,0.5020312051204902,0.8222222222222222,1.7634161758852775,0.8222222222222222,2.8553976266289833,0.5020312051206606,0.4979687948793394,0.00039597443321400037,0.00015942950586979188
983,T,,-1,0.8,1.8596572196878416,0.8102290182228248,0.502031724854232,0.8,1.8596572196878418,0.8,2.85540058271329,0.5020317248544283,0.49796827514557174,0.00039597361081110627,0.00016068660125106147
984,T,,-1,0.6666666666666666,2.329044637365766,0.9107850485804952,4.85882541716687e-13,0.6666666666666666,2.329044637365766,0.6666666666666666,2.763548944591483e-12,4.858825244248416e-13,0.9999999999995142,0.39997816612627696,0.23675820447604376
985,T,,-1,0.6888888888888889,0.6746155672186143,0.8759701818479569,4.858825548493105e-13,0.6888888888888889,0.6746155672186143,0.6888888888888889,2.763549009836221e-12,4.858825358960616e-13,0.9999999999995142,0.39997816612627696,0.2367583127904371
986,T,,-1,0.7777777777777778,1.5365428744314158,0.8109402554176984,0.5012485277982771,0.7777777777777778,1.5365428744314158,0.7777777777777778,2.850946001016981,0.5012485277975803,0.49875147220241967,0.00039721483719019494,0.00016153896347164876
987,T,,-1,0.9111111111111112,0.6364685301986327,0.5698243834074882,0.5086424031935343,0.9111111111111111,0.6364685301986327,0.9111111111111111,2.893000068660887,0.5086424031943393,0.4913575968056607,0.00038564887152028074,0.0001542061474009313
988,T,,-1,0.7111111111111111,0.7177977287359494,0.8784320151006523,4.858825425170732e-13,0.7111111111111111,0.7177977287359494,0.7111111111111111,2.76354904846462e-12,4.858825426876417e-13,0.9999999999995142,0.39997816612627696,0.23676809091478737
989,T,,-1,0.7333333333333333,0.985060801772003,0.9319114982952832,4.858825331495187e-13,0.7333333333333333,0.985060801772003,0.7333333333333333,2.7635490479256497e-12,4.858825425928809e-13,0.9999999999995142,0.39997816612627696,0.23675804266801817
990,T,,-1,0.8,1.4930971675843008,0.8839783300243004,4.858825303335681e-13,0.8,1.4930971675843008,0.8,2.763549028618992e-12,4.858825391984169e-13,0.9999999999995142,0.39997816612627696,0.23675727993436235
991,T,,-1,0.7333333333333333,1.8228502232461812,0.8103324199329379,0.5019993928937132,0.7333333333333333,1.8228502232461814,0.7333333333333333,2.8552166885580137,0.5019993928935389,0.4980006071064611,0.0003960247746598593,0.00016202337177945346
992,T,,-1,0.6444444444444445,3.4533610665940886,0.9136795006245604,4.85882526330277e-13,0.6444444444444445,3.4533610665940886,0.6444444444444445,2.7635489718712734e-12,4.858825292211285e-13,0.9999999999995142,0.39997816612627696,0.23675956703356127
993,T,,-1,0.9111111111111112,0.7723847422152337,0.5712065345787186,0.5085096243576416,0.9111111111111111,0.7723847422152337,0.9111111111111111,2.8922448638595926,0.5085096243571745,0.4914903756428255,0.00038585361256425146,0.00015298422360824653
994,T,,-1,0.7777777777777778,0.6382449851124044,0.8427265533339952,0.4999259718670932,0.7777777777777778,0.6382449851124044,0.7777777777777778,2.8434237134948894,0.4999259718653482,0.5000740281346518,0.00039931966136883906,0.00017963579912848735
995,T,,-1,0.8,0.5598170061989807,0.8782521336496452,4.858825580807707e-13,0.8,0.5598170061989807,0.8,2.763549126388581e-12,4.858825563881014e-13,0.9999999999995142,0.39997816612627696,0.23675730342727913
996,T,,-1,0.8444444444444444,1.0199756032888925,0.8435520178941812,4.894265601317709e-13,0.8444444444444444,1.0199756032888923,0.8444444444444444,2.783706243144825e-12,4.894265467320459e-13,0.9999999999995106,0.3999781661248581,0.11845808173096861
997,T,,-1,0.6888888888888889,1.818785383537346,0.9436678269718808,4.858825359861042e-13,0.6888888888888889,1.818785383537346,0.6888888888888889,2.7635491758223853e-12,4.858825650794698e-13,0.9999999999995142,0.39997816612627696,0.23676890686982224
998,T,,-1,0.7777777777777778,1.6641596466464412,0.9122103434276492,4.858825665576895e-13,0.7777777777777778,1.6641596466464412,0.7777777777777778,2.763549078832007e-12,4.858825480267846e-13,0.9999999999995142,0.39997816612627696,0.2367570502428044
999,T,,-1,0.8444444444444444,1.3877593241363029,0.8070164258100413,0.5021029049586992,0.8444444444444444,1.3877593241363027,0.8444444444444444,2.8558054330389955,0.5021029049573366,0.49789709504266344,0.0003958609947303321,0.00015921309969392538
1000,T,,-1,0.9111111111111112,0.2330182168495143,0.7358184778303958,0.5062351586703274,0.9111111111111111,0.23301821684951435,0.9111111111111111,2.879308409196126,0.5062351586701115,0.4937648413298885,0.0003893774157823954,0.00015385615221830674
1001,T,,-1,0.7777777777777778,1.441934732081492,0.8783885095298657,4.858825436842881e-13,0.7777777777777778,1.441934732081492,0.7777777777777778,2.763549082736234e-12,4.858825487132192e-13,0.9999999999995142,0.39997816612627696,0.2367662376612887
1002,T,,-1,0.7555555555555555,0.5176595493613395,0.8838725840728494,4.894265350517464e-13,0.7555555555555555,0.5176595493613395,0.7555555555555555,2.7837061471011906e-12,4.894265298458158e-13,0.9999999999995106,0.3999781661248581,0.11846575414875601
1003,T,,-1,0.9111111111111112,0.5441403480406366,0.4098641826019283,0.5643165091564852,0.9111111111111111,0.5441403480406366,0.9111111111111111,3.209657097954811,0.5643165091555589,0.43568349084444113,0.00030827576532338187,9.723909872842688e-05
1004,T,,-1,0.8222222222222222,1.314229229986836,0.8183677300040724,0.5020611191743554,0.8222222222222222,1.314229229986836,0.8222222222222222,2.8555677684746295,0.5020611191736157,0.49793888082638427,0.00039592710135340735,0.00016004452105889465
1005,T,,-1,0.8666666666666667,1.080174732941875,0.7748426025918984,0.5002679613052796,0.8666666666666667,1.080174732941875,0.8666666666666667,2.8453688432449638,0.5002679613043808,0.4997320386956192,0.0003987743265899722,0.00016411893313683429
1006,T,,-1,0.7555555555555555,0.9756487002528016,0.9326211720328828,4.85882523753416e-13,0.7555555555555555,0.9756487002528016,0.7555555555555555,2.7635490439615142e-12,4.858825418959132e-13,0.9999999999995142,0.39997816612627696,0.23675819052227737
1007,T,,-1,0.6666666666666666,2.475963522028823,0.9722035949632586,4.858825489373586e-13,0.6666666666666666,2.475963522028823,0.6666666666666666,2.763548946768355e-12,4.858825248075756e-13,0.9999999999995142,0.39997816612627696,0.23679967803176072
1008,T,,-1,0.8444444444444444,0.7931046437312792,0.8102192362233894,0.5020707690608504,0.8444444444444444,0.7931046437312792,0.8444444444444444,2.855622654031264,0.5020707690598116,0.49792923094018837,0.0003959118339087708,0.000159214617235125
1009,T,,-1,0.8666666666666667,0.5688360484975199,0.8102189979610329,0.502070781496164,0.8666666666666667,0.5688360484975199,0.8666666666666667,2.8556227247599373,0.5020707814952079,0.4979292185047921,0.00039591181423464475,0.00015921452864750955
1010,T,,-1,0.9111111111111112,0.6335328467261861,0.3804965528379179,0.565255278007113,0.9111111111111111,0.6335328467261861,0.9111111111111111,3.2149965237185656,0.5652552780071652,0.43474472199283476,0.0003071015472832851,9.596595611178303e-05
1011,T,,-1,0.6888888888888889,2.830379801319296,0.972203593655712,4.85882540533608e-13,0.6888888888888889,2.8303798013192956,0.6888888888888889,2.763549204527846e-12,4.858825701264154e-13,0.9999999999995142,0.39997816612627696,0.23679967803172855
1012,T,,-1,0.9111111111111112,0.3830491441073214,0.5698221114185533,0.508656477456026,0.9111111111111111,0.38304914410732144,0.9111111111111111,2.893080118693429,0.5086564774563378,0.4913435225436622,0.00038562717567737205,0.00015352471185629571
1013,T,,-1,0.7111111111111111,0.6907793483073713,0.9557415257739044,4.858825371194121e-13,0.7111111111111111,0.6907793483073713,0.7111111111111111,2.7635490567063762e-12,4.858825441366934e-13,0.9999999999995142,0.39997816612627696,0.2367590551708737
1014,T,,-1,0.8222222222222222,0.6894215363269384,0.7373222913696428,0.5060456864428626,0.8222222222222222,0.6894215363269384,0.8222222222222222,2.8782307499991955,0.5060456864437921,0.4939543135562079,0.00038967238936026303,0.00015425787353938924
1015,T,,-1,0.8666666666666667,0.7702199796293528,0.7736831713038226,0.5059960536170145,0.8666666666666667,0.7702199796293528,0.8666666666666667,2.8779484538905074,0.5059960536170629,0.4940039463829371,0.0003897496950283732,0.0001571759172247409
1016,T,,-1,0.6666666666666666,2.984788941843603,0.9654212141273996,4.85882528508708e-13,0.6666666666666666,2.984788941843603,0.6666666666666666,2.7635491647159435e-12,4.858825631267538e-13,0.9999999999995142,0.39997816612627696,0.23675884872430636
1017,T,,-1,0.6444444444444445,3.543440049433065,0.988036414074324,4.858825224780197e-13,0.6444444444444445,3.543440049433065,0.6444444444444445,2.7635489959640445e-12,4.858825334570789e-13,0.9999999999995142,0.39997816612627696,0.2368013123064969
1018,T,,-1,0.6666666666666666,2.842641703577048,0.9272237367510934,4.858825219778618e-13,0.6666666666666666,2.842641703577048,0.6666666666666666,2.763549066959009e-12,4.85882545939294e-13,0.9999999999995142,0.39997816612627696,0.2367758240268059
1019,T,,-1,0.8666666666666667,1.1314547010093057,0.7736879338394034,0.5059786485604602,0.8666666666666667,1.1314547010093057,0.8666666666666667,2.87784945932613,0.5059786485593605,0.4940213514406395,0.00038977680788129413,0.00015826152093452686
1020,T,,-1,0.8666666666666667,0.7373502127506708,0.7387061616008807,0.5061941277581948,0.8666666666666667,0.7373502127506708,0.8666666666666667,2.879075038106442,0.5061941277578834,0.4938058722421166,0.0003894412747078113,0.0001540698055363898
1021,T,,-1,0.6888888888888889,2.826727740146466,0.8823907494675632,4.85882549574459e-13,0.6888888888888889,2.826727740146466,0.6888888888888889,2.7635489247720137e-12,4.858825209402159e-13,0.9999999999995142,0.39997816612627696,0.23676452426542774
1022,T,,-1,0.6888888888888889,0.7047560831669951,0.9149330635032168,4.858825482428269e-13,0.6888888888888889,0.7047560831669951,0.6888888888888889,2.7635490211749324e-12,4.858825378896148e-13,0.9999999999995142,0.39997816612627696,0.2367575810628907
1023,T,,-1,0.7333333333333333,1.3442582055958414,0.8534373225732518,4.894265616712449e-13,0.7333333333333333,1.3442582055958414,0.7333333333333333,2.7837062942116857e-12,4.894265557105354e-13,0.9999999999995106,0.3999781661248581,0.11847429072318574
1024,T,,-1,0.7777777777777778,2.0683206272364507,0.8764071318728576,4.858825588011868e-13,0.7777777777777778,2.0683206272364507,0.7777777777777778,2.7635489134327876e-12,4.858825189465722e-13,0.9999999999995142,0.39997816612627696,0.23676465652914744
1025,T,,-1,0.6444444444444445,3.009087982030129,0.9804299908304146,4.858825691761654e-13,0.6444444444444445,3.009087982030129,0.6444444444444445,2.763548982850327e-12,4.858825311514472e-13,0.9999999999995142,0.39997816612627696,0.2368019487938783
1026,T,,-1,0.7555555555555555,0.5311343008928112,0.8766761635077644,4.858825479676896e-13,0.7555555555555555,0.5311343008928112,0.7555555555555555,2.7635488446133e-12,4.858825068468457e-13,0.9999999999995142,0.39997816612627696,0.23675807597848317
1027,T,,-1,0.9111111111111112,0.4505884206900639,0.7358184778303958,0.5062351586703274,0.9111111111111111,0.4505884206900639,0.9111111111111111,2.879308409196126,0.5062351586701115,0.4937648413298885,0.0003893774157823954,0.00015385615221830674
1028,T,,-1,0.7555555555555555,2.1134016146893435,0.9319062048134096,4.858825227943586e-13,0.7555555555555555,2.1134016146893435,0.7555555555555555,2.763548962773097e-12,4.858825276215024e-13,0.9999999999995142,0.39997816612627696,0.23675768658819946
1029,T,,-1,0.7333333333333333,2.20946634234842,0.896572530565645,4.894265339175644e-13,0.7333333333333333,2.20946634234842,0.7333333333333333,2.783706322028828e-12,4.894265606012986e-13,0.9999999999995106,0.3999781661248581,0.1184693284433433
1030,T,,-1,0.8666666666666667,0.7021991741461329,0.7372041868439189,0.5060546692278837,0.8666666666666667,0.7021991741461329,0.8666666666666667,2.8782818412936457,0.5060546692291965,0.4939453307708035,0.00038965839982958684,0.00015424956596047612
1031,T,,-1,0.8,1.8638306670775195,0.8403483174212554,0.5005658322393848,0.8,1.8638306670775193,0.8,2.8470630406364297,0.5005658322384384,0.4994341677615616,0.00039829994892392226,0.0001604362991353902
1032,T,,-1,0.7333333333333333,1.232921771552946,0.9528548983172976,4.858825660143282e-13,0.7333333333333333,1.2329217715529461,0.7333333333333333,2.7635491314928873e-12,4.85882557285532e-13,0.9999999999995142,0.39997816612627696,0.23675782782608012
1033,T,,-1,0.7555555555555555,0.8998658590500577,0.907798849921719,4.858825343215726e-13,0.7555555555555555,0.8998658590500577,0.7555555555555555,2.7635490756346702e-12,4.858825474646343e-13,0.9999999999995142,0.39997816612627696,0.23676659869985348
1034,T,,-1,0.7111111111111111,2.0141695533800554,0.9415995094624134,4.858825549391469e-13,0.7111111111111111,2.0141695533800554,0.7111111111111111,2.7635491067274165e-12,4.858825529313086e-13,0.9999999999995142,0.39997816612627696,0.23675810585391235
1035,T,,-1,0.6888888888888889,1.2257736195375162,0.9091128024767352,4.858825506989343e-13,0.6888888888888889,1.2257736195375162,0.6888888888888889,2.763548928642165e-12,4.858825216206594e-13,0.9999999999995142,0.39997816612627696,0.23676706415505397
1036,T,,-1,0.8666666666666667,0.8761968380815355,0.7833572840929007,0.5055485824272217,0.8666666666666667,0.8761968380815355,0.8666666666666667,2.875403376686281,0.5055485824263443,0.49445141757365574,0.00039044733827638887,0.00015758574296511176
1037,T,,-1,0.7333333333333333,1.104376289051456,0.8855993291065646,4.858825374174273e-13,0.7333333333333333,1.1043762890514561,0.7333333333333333,2.7635490100582966e-12,4.858825359351067e-13,0.9999999999995142,0.39997816612627696,0.23675795455775497
1038,T,,-1,0.7555555555555555,1.5262512708437133,0.8471604807450851,4.89426492297093e-13,0.7555555555555555,1.5262512708437133,0.7555555555555555,2.783706219844605e-12,4.894265426354404e-13,0.9999999999995106,0.3999781661248581,0.1184598851801736
1039,T,,-1,0.8222222222222222,1.3345469702483417,0.8758295987364136,4.858825416951299e-13,0.8222222222222222,1.3345469702483417,0.8222222222222222,2.763548909806737e-12,4.858825183090462e-13,0.9999999999995142,0.39997816612627696,0.23675644998161954
1040,T,,-1,0.8444444444444444,1.475868373470455,0.8102189987161854,0.5020707814840604,0.8444444444444444,1.475868373470455,0.8444444444444444,2.8556227246903902,0.5020707814829803,0.49792921851701966,0.00039591181425399017,0.00015921452865807635
1041,T,,-1,0.8444444444444444,1.4573709203164849,0.7806650228519278,0.5059093187869066,0.8444444444444444,1.4573709203164849,0.8444444444444444,2.8774551331037164,0.5059093187865811,0.4940906812134189,0.00038988482530908877,0.000157415406493329
1042,T,,-1,0.7777777777777778,0.4544593858781489,0.8480288925206636,4.894265462716493e-13,0.7777777777777778,0.45445938587814894,0.7777777777777778,2.78370628976203e-12,4.894265549282044e-13,0.9999999999995106,0.3999781661248581,0.11847859138126017
1043,T,,-1,0.6888888888888889,1.6938838669881688,0.9080583127966548,4.858825526171097e-13,0.6888888888888889,1.6938838669881688,0.6888888888888889,2.7635490251894067e-12,4.858825385954329e-13,0.9999999999995142,0.39997816612627696,0.23687381343040478
1044,T,,-1,0.8888888888888888,0.9253823332569644,0.7691514977635441,0.5023372822654962,0.8888888888888888,0.9253823332569643,0.8888888888888888,2.8571384983971884,0.5023372822650841,0.4976627177349159,0.000395490404782738,0.00015589386052186356
1045,T,,-1,0.7333333333333333,2.192982415191584,0.9052449611129284,4.858825641335512e-13,0.7333333333333333,2.192982415191584,0.7333333333333333,2.7635491069356984e-12,4.858825529679284e-13,0.9999999999995142,0.39997816612627696,0.23675681396111203
1046,T,,-1,0.8222222222222222,0.4392378083435034,0.7766133278631112,0.5059119167448758,0.8222222222222222,0.4392378083435034,0.8222222222222222,2.8774699094837457,0.5059119167448495,0.4940880832551505,0.0003898807770957322,0.00015837411322872164
1047,T,,-1,0.7111111111111111,1.5441839696797646,0.8613607448709897,4.894265425061349e-13,0.7111111111111111,1.5441839696797646,0.7111111111111111,2.7837061731874844e-12,4.89426534432264e-13,0.9999999999995106,0.3999781661248581,0.11846670229958396
1048,T,,-1,0.7111111111111111,2.662408468646134,0.9722023105124292,4.858825272205997e-13,0.7111111111111111,2.662408468646134,0.7111111111111111,2.7635491029941323e-12,4.858825522749288e-13,0.9999999999995142,0.39997816612627696,0.23679967792580464
1049,T,,-1,0.8888888888888888,0.4383768695227564,0.7358245965255407,0.5062082246415227,0.8888888888888888,0.4383768695227564,0.8888888888888888,2.8791552168039893,0.5062082246415466,0.4937917753584534,0.0003894193336980443,0.00015521472243424067
1050,T,,-1,0.8888888888888888,1.0282116522913791,0.5705373149454606,0.5079036835521213,0.8888888888888888,1.0282116522913793,0.8888888888888888,2.888798460689655,0.5079036835520832,0.49209631644791685,0.0003867893116660546,0.00015309029221083332
1051,T,,-1,0.6666666666666666,3.186408236028432,0.9625724708634458,4.858825383303118e-13,0.6666666666666666,3.1864082360284316,0.6666666666666666,2.7635490333008484e-12,4.85882540021573e-13,0.9999999999995142,0.39997816612627696,0.23675824477631097
1052,T,,-1,0.7777777777777778,1.118017030776789,0.9319062040582572,4.858825482966648e-13,0.7777777777777778,1.118017030776789,0.7777777777777778,2.7635492110571234e-12,4.858825712743821e-13,0.9999999999995142,0.39997816612627696,0.23675768658819085
1053,T,,-1,0.8888888888888888,0.2387127223833935,0.7736831676145364,0.5059960536203488,0.8888888888888888,0.23871272238339358,0.8888888888888888,2.8779484539029005,0.5059960536192418,0.4940039463807582,0.00038974969502497914,0.00015717591713937157
1054,T,,-1,0.6444444444444445,1.855878407766845,0.9660644319457332,4.858825430776007e-13,0.6444444444444445,1.855878407766845,0.6444444444444445,2.7635488786978576e-12,4.858825128395353e-13,0.9999999999995142,0.39997816612627696,0.23677675856132202
1055,T,,-1,0.8888888888888888,0.3883512638815569,0.7358193654959039,0.5062351501958544,0.8888888888888888,0.38835126388155694,0.8888888888888888,2.879308360985291,0.5062351501937636,0.49376484980623636,0.00038937742897358847,0.0001538563709392154
1056,T,,-1,0.8222222222222222,0.7188672632747268,0.8109339686457339,0.5012508358405696,0.8222222222222222,0.7188672632747268,0.8222222222222222,2.8509591284387987,0.501250835838791,0.49874916416120896,0.00039721117367314977,0.00016070011695549735
1057,T,,-1,0.8444444444444444,1.160744439949309,0.7681729712660732,0.5024850622335882,0.8444444444444444,1.160744439949309,0.8444444444444444,2.8579790249695853,0.5024850622324488,0.4975149377675512,0.00039525691715394716,0.00015580084696681216
1058,T,,-1,0.7111111111111111,1.3027500333574378,0.9706769253219516,4.858825422980674e-13,0.7111111111111111,1.3027500333574378,0.7111111111111111,2.763549154094001e-12,4.858825612592217e-13,0.9999999999995142,0.39997816612627696,0.23675908506970786
1059,T,,-1,0.6666666666666666,2.921128210610867,0.9747185105830568,4.858825533375175e-13,0.6666666666666666,2.921128210610867,0.6666666666666666,2.7635489472648102e-12,4.858825248948615e-13,0.9999999999995142,0.39997816612627696,0.23680946792133534
1060,T,,-1,0.7555555555555555,1.1670083040708596,0.8196151022482399,0.5018270065139259,0.7555555555555555,1.1670083040708596,0.7555555555555555,2.854236208351867,0.5018270065138283,0.4981729934861717,0.0003962976792819039,0.000162722033145754
1061,T,,-1,0.6888888888888889,1.5956743267710112,0.9625331987058956,4.858825390787309e-13,0.6888888888888889,1.5956743267710112,0.6888888888888889,2.7635489404592868e-12,4.858825236983258e-13,0.9999999999995142,0.39997816612627696,0.23675971311841856
1062,T,,-1,0.7111111111111111,2.5552702484722025,0.9722023105124292,4.858825272205997e-13,0.7111111111111111,2.5552702484722025,0.7111111111111111,2.7635491029941323e-12,4.858825522749288e-13,0.9999999999995142,0.39997816612627696,0.23679967792580464
1063,T,,-1,0.8,1.086596663853732,0.8758343649612806,4.858825194221639e-13,0.8,1.086596663853732,0.8,2.7635490339873946e-12,4.858825401422803e-13,0.9999999999995142,0.39997816612627696,0.23675753536949484
1064,T,,-1,0.8222222222222222,1.1378598120940346,0.8120934009130207,0.4955782213779273,0.8222222222222222,1.1378598120940346,0.8222222222222222,2.818695058598007,0.4955782213793498,0.5044217786206502,0.00040631803929711295,0.0001667069484799019
1065,T,,-1,0.6888888888888889,2.673857710355454,0.8874473224680302,4.858825620248418e-13,0.6888888888888889,2.673857710355454,0.6888888888888889,2.7635490622547173e-12,4.858825451121934e-13,0.9999999999995142,0.39997816612627696,0.23676620654939642
1066,T,,-1,0.7111111111111111,1.963089548906496,0.9722023105124292,4.858825272205997e-13,0.7111111111111111,1.9630895489064957,0.7111111111111111,2.7635491029941323e-12,4.858825522749288e-13,0.9999999999995142,0.39997816612627696,0.23679967792580464
1067,T,,-1,0.6666666666666666,1.3496997191770173,0.9415696877125218,4.858825469407947e-13,0.6666666666666666,1.3496997191770173,0.6666666666666666,2.7635490852361845e-12,4.858825491527563e-13,0.9999999999995142,0.39997816612627696,0.2367601285797647
1068,T,,-1,0.8666666666666667,0.4870832426286668,0.5705398074110773,0.5079036718998,0.8666666666666667,0.4870832426286668,0.8666666666666667,2.8887983944097853,0.5079036718988681,0.4920963281011319,0.00038678932968247805,0.00015309106505167184
1069,T,,-1,0.7555555555555555,1.4242481103182043,0.8726493913410459,4.894265275430637e-13,0.7555555555555555,1.4242481103182045,0.7555555555555555,2.7837063905504644e-12,4.894265726486573e-13,0.9999999999995106,0.3999781661248581,0.11846062787168074
1070,T,,-1,0.7111111111111111,1.386753349698801,0.8797311154796816,4.858825339239559e-13,0.7111111111111111,1.386753349698801,0.7111111111111111,2.7635489647045035e-12,4.85882527961079e-13,0.9999999999995142,0.39997816612627696,0.23676665756884274
1071,T,,-1,0.7777777777777778,1.059285629940099,0.8444704907717537,4.894265545386086e-13,0.7777777777777778,1.059285629940099,0.7777777777777778,2.783706324463859e-12,4.894265610294216e-13,0.9999999999995106,0.3999781661248581,0.11845862884413808
1072,T,,-1,0.8666666666666667,1.0908307329262137,0.7691542277363649,0.5023372523214449,0.8666666666666667,1.0908307329262135,0.8666666666666667,2.8571383280885367,0.5023372523217037,0.4976627476782963,0.00039549045210621577,0.00015589470711512989
1073,T,,-1,0.8,0.4103629697909008,0.8127352011685526,0.5014345045854496,0.8,0.4103629697909008,0.8,2.852003779241897,0.5014345045848595,0.4985654954151405,0.0003969197471103322,0.00016900041257491958
1074,T,,-1,0.8,1.4666549463774887,0.7777869334662294,0.5002258120941385,0.8,1.4666549463774887,0.8,2.8451291116249315,0.5002258120944116,0.49977418790558836,0.000398841497318874,0.00016433750417155563
1075,T,,-1,0.6666666666666666,2.12432175973685,0.8782643084359757,4.858825542792829e-13,0.6666666666666666,2.12432175973685,0.6666666666666666,2.7635490094633066e-12,4.858825358304965e-13,0.9999999999995142,0.39997816612627696,0.23676069126307023
1076,T,,-1,0.8888888888888888,0.7365042217973897,0.7736831676145364,0.5059960536203488,0.8888888888888888,0.7365042217973897,0.8888888888888888,2.8779484539029005,0.5059960536192418,0.4940039463807582,0.00038974969502497914,0.00015717591713937157
1077,T,,-1,0.6888888888888889,1.0522394987240369,0.9791727148118116,4.858825387503926e-13,0.6888888888888889,1.0522394987240369,0.6888888888888889,2.763549019998483e-12,4.858825376827734e-13,0.9999999999995142,0.39997816612627696,0.2367999626313042
1078,T,,-1,0.8222222222222222,1.0307243570783382,0.8758295987364136,4.858825416951299e-13,0.8222222222222222,1.0307243570783382,0.8222222222222222,2.763548909806737e-12,4.858825183090462e-13,0.9999999999995142,0.39997816612627696,0.23675644998161954
1079,T,,-1,0.6444444444444445,2.2412133659668347,0.9722215070132202,4.85882524180551e-13,0.6444444444444445,2.2412133659668347,0.6444444444444445,2.763549068463409e-12,4.858825462037951e-13,0.9999999999995142,0.39997816612627696,0.23679968268945537
1080,T,,-1,0.8444444444444444,1.2351426508897665,0.8116034238312733,0.5019000987751443,0.8444444444444444,1.2351426508897665,0.8444444444444444,2.8546519344312324,0.5019000987734412,0.4980999012265588,0.00039618194418754304,0.00015962251776020195
1081,T,,-1,0.8666666666666667,0.3998387912752921,0.5966174789093364,0.5074528631325921,0.8666666666666667,0.3998387912752921,0.8666666666666667,2.886234334105111,0.5074528631313769,0.49254713686862306,0.00038748691940146494,0.0001551002767990188
1082,T,,-1,0.7777777777777778,1.9358982541460084,0.8650761421399388,4.894265280359749e-13,0.7777777777777778,1.9358982541460084,0.7777777777777778,2.7837063405993015e-12,4.894265638663279e-13,0.9999999999995106,0.3999781661248581,0.1184664326432346
1083,T,,-1,0.6444444444444445,2.8138974894437507,0.9873275647948432,4.858825464951393e-13,0.6444444444444445,2.8138974894437507,0.6444444444444445,2.7635489699258557e-12,4.858825288790884e-13,0.9999999999995142,0.39997816612627696,0.23680216115214933
1084,T,,-1,0.8,0.6340070467772075,0.8758357174315585,4.858825257678048e-13,0.8,0.6340070467772075,0.8,2.7635489939555248e-12,4.858825331039444e-13,0.9999999999995142,0.39997816612627696,0.23675778212656792
1085,T,,-1,0.7555555555555555,2.0797648161963505,0.8526220543007862,4.8942653926868e-13,0.7555555555555555,2.0797648161963505,0.7555555555555555,2.783706189603332e-12,4.894265373184707e-13,0.9999999999995106,0.3999781661248581,0.11845925552919691
1086,T,,-1,0.8444444444444444,0.901398348630738,0.7359512116577228,0.5062135448265381,0.8444444444444444,0.9013983486307379,0.8444444444444444,2.879185476362004,0.5062135448261104,0.49378645517388964,0.00038941105344578294,0.00015389686249455727
1087,T,,-1,0.8222222222222222,0.5296478584782706,0.8127352004134001,0.501434504591967,0.8222222222222222,0.5296478584782706,0.8222222222222222,2.8520037792834185,0.5014345045921598,0.49856549540784023,0.0003969197470987531,0.00016900041256404582
1088,T,,-1,0.8444444444444444,1.3930872765245277,0.8435520178941812,4.894265601317709e-13,0.8444444444444444,1.3930872765245275,0.8444444444444444,2.783706243144825e-12,4.894265467320459e-13,0.9999999999995106,0.3999781661248581,0.11845808173096861
1089,T,,-1,0.8666666666666667,0.4110657054323911,0.7833572840929007,0.5055485824271482,0.8666666666666667,0.4110657054323911,0.8666666666666667,2.8754033766958362,0.5055485824280243,0.49445141757197575,0.0003904473382737674,0.00015758574296434043
1090,T,,-1,0.6888888888888889,2.159074177610482,0.8973351211669842,4.85882544922416e-13,0.6888888888888889,2.159074177610482,0.6888888888888889,2.7635490784307354e-12,4.858825479562337e-13,0.9999999999995142,0.39997816612627696,0.23677703211842327
1091,T,,-1,0.8,0.753110472293709,0.8484907515704935,4.8942655425619e-13,0.8,0.753110472293709,0.8,2.7837061489311234e-12,4.894265301675515e-13,0.9999999999995106,0.3999781661248581,0.1184689444120283
1092,T,,-1,0.7111111111111111,2.191163339632767,0.9347963808467524,4.858825140812843e-13,0.7111111111111111,2.191163339632767,0.7111111111111111,2.763549127727737e-12,4.858825566235496e-13,0.9999999999995142,0.39997816612627696,0.2367579364829353
1093,T,,-1,0.8444444444444444,1.416269058994027,0.8435520178941812,4.894265601317709e-13,0.8444444444444444,1.416269058994027,0.8444444444444444,2.783706243144825e-12,4.894265467320459e-13,0.9999999999995106,0.3999781661248581,0.11845808173096861
1094,T,,-1,0.8444444444444444,0.4420411470175736,0.8030947911496723,0.5052781690597298,0.8444444444444444,0.44204114701757363,0.8444444444444444,2.8738653494066093,0.5052781690585102,0.4947218309414898,0.0003908695320758765,0.000157531862193215
1095,T,,-1,0.8888888888888888,0.3238925179017435,0.5992439000383407,0.5079691707344725,0.8888888888888888,0.32389251790174356,0.8888888888888888,2.889170931449286,0.5079691707341786,0.4920308292658214,0.0003866880784040802,0.00015294656858361882
1096,T,,-1,0.6666666666666666,2.749096305155577,0.9415981152000676,4.858825411499725e-13,0.6666666666666666,2.7490963051555766,0.6666666666666666,2.763549027633481e-12,4.85882539025146e-13,0.9999999999995142,0.39997816612627696,0.23675810429622063
1097,T,,-1,0.7555555555555555,1.5915694802540912,0.8787321052458813,4.858825437187698e-13,0.7555555555555555,1.5915694802540912,0.7555555555555555,2.7635487462626328e-12,4.858824895549969e-13,0.9999999999995142,0.39997816612627696,0.2367566665060306
1098,T,,-1,0.7555555555555555,1.413411316126043,0.8524220158899375,4.894265649996033e-13,0.7555555555555555,1.413411316126043,0.7555555555555555,2.78370617487557e-12,4.894265347290603e-13,0.9999999999995106,0.3999781661248581,0.11845942000648066
1099,T,,-1,0.8666666666666667,0.5345684562496279,0.7752417536850206,0.5022641973269459,0.8666666666666667,0.5345684562496279,0.8666666666666667,2.856722813956947,0.5022641973263919,0.49773580267360806,0.00039560592732828495,0.00015610928427432788
